0.745972,0.076050,0.672241,0.000000,0.000000,0.000000
0.753296,0.068604,0.670288,0.000000,0.000000,0.000000
0.747070,0.066650,0.669434,0.000000,0.000000,0.000000
0.752808,0.064819,0.668091,0.000000,0.000000,0.000000
0.747070,0.068359,0.680298,-0.366211,0.183105,-1.037598
0.752808,0.072388,0.681396,1.037598,0.427246,-1.159668
0.745605,0.066528,0.684814,0.488281,0.183105,-0.244141
0.749023,0.063232,0.683228,0.488281,-0.610352,-0.183105
0.758423,0.059448,0.684692,0.671387,-1.037598,-0.305176
0.763184,0.065552,0.682861,0.671387,-0.793457,-0.305176
0.758423,0.068359,0.687134,0.427246,0.671387,-0.061035
0.747559,0.077026,0.692627,0.122070,1.831055,-0.122070
0.750610,0.076294,0.694092,-0.183105,1.892090,0.061035
0.738037,0.076294,0.691895,-0.732422,0.488281,0.122070
0.757324,0.077515,0.677734,-1.098633,-1.831055,0.427246
0.758911,0.076904,0.686646,-1.342773,-2.624511,0.671387
0.760254,0.073364,0.685181,-1.464844,-2.014160,0.732422
0.749146,0.066650,0.685181,-1.525879,-0.488281,0.915527
0.742188,0.061768,0.674683,-1.525879,0.793457,0.915527
0.736816,0.065430,0.674072,-0.915527,0.793457,0.854492
0.735718,0.071777,0.674194,-0.793457,0.061035,0.793457
0.743896,0.073364,0.672363,-0.366211,-0.732422,0.488281
0.734253,0.078369,0.672485,-0.244141,-0.427246,0.549316
0.737183,0.078125,0.665405,0.000000,0.061035,0.488281
0.739380,0.075439,0.673462,0.183105,0.122070,0.549316
0.758179,0.072754,0.679932,0.488281,0.244141,0.488281
0.738037,0.068237,0.682495,0.366211,0.122070,0.854492
0.751343,0.066284,0.674194,0.427246,0.915527,0.732422
0.740723,0.066772,0.675171,0.732422,1.220703,0.976562
0.737793,0.071045,0.681152,0.427246,0.854492,0.671387
0.736328,0.071533,0.686035,0.122070,-0.305176,1.281738
0.739502,0.069946,0.685303,-0.061035,-1.281738,1.525879
0.738403,0.068970,0.680176,-0.305176,-2.319336,1.342773
0.742188,0.059692,0.679321,-0.549316,-2.441406,1.037598
0.747314,0.065918,0.681763,-0.549316,-1.892090,0.488281
0.738403,0.059448,0.652222,-0.427246,-0.671387,0.061035
0.739868,0.071289,0.676025,-0.366211,-2.502441,-0.122070
0.744873,0.065308,0.678589,0.183105,-2.929687,0.122070
0.747070,0.072632,0.681396,-0.061035,-2.380371,0.183105
0.754395,0.064941,0.684326,-0.183105,-2.624511,0.244141
0.761230,0.061890,0.687378,-0.244141,-1.892090,0.122070
0.755249,0.057739,0.690674,-0.427246,-0.732422,0.305176
0.757935,0.060547,0.684082,-0.244141,-1.586914,0.244141
0.759155,0.062256,0.670654,-0.427246,-2.990722,0.488281
0.758057,0.064087,0.659668,-0.549316,-5.249023,0.854492
0.752930,0.059448,0.676147,0.915527,-3.356933,0.793457
0.770752,0.062256,0.686523,0.610352,-2.685547,0.671387
0.781128,0.066650,0.683960,0.488281,-0.549316,1.770019
0.789429,0.069458,0.697632,0.427246,2.441406,2.563476
0.780640,0.062622,0.715698,-0.061035,4.760742,3.662109
0.781372,0.069336,0.690186,-0.671387,6.225585,4.760742
0.779907,0.074341,0.658325,-0.854492,6.958007,7.080078
0.730713,0.073975,0.683472,-0.488281,7.263183,8.850098
0.768188,0.066895,0.694580,-0.854492,-0.915527,8.117676
0.759521,0.064209,0.692749,-0.915527,-2.075195,8.239746
0.772217,0.064575,0.693115,-0.488281,-3.784179,7.995605
0.805054,0.062622,0.692139,-1.098633,-5.737304,9.277344
0.787476,0.053589,0.698608,-0.976562,-3.051758,10.131835
0.774292,0.053467,0.698730,-1.770019,-2.441406,9.704590
0.767944,0.054077,0.698608,-2.136230,-2.563476,9.521484
0.772949,0.055054,0.705933,-2.990722,-3.662109,10.375976
0.770996,0.044067,0.692261,-3.784179,-3.356933,11.291503
0.767334,0.040039,0.695190,-4.150391,-1.770019,11.779784
0.759155,0.053223,0.689331,-4.516602,-0.549316,12.268065
0.750610,0.048096,0.689087,-4.394531,1.708984,13.183593
0.772095,0.047729,0.687256,-5.371093,1.770019,14.953612
0.778564,0.049805,0.677856,-5.920410,0.305176,16.113281
0.772705,0.053223,0.689087,-7.446289,-1.708984,16.784668
0.768433,0.054932,0.693848,-8.911133,-5.615234,16.967773
0.757446,0.049316,0.684326,-9.399414,-10.192870,17.395020
0.741943,0.037354,0.673096,-9.826660,-15.319823,18.005371
0.772461,0.015869,0.674561,-9.948730,-17.089844,18.676758
0.716309,0.016724,0.664185,-9.948730,-18.127441,19.958496
0.795166,0.021606,0.663574,-9.399414,-14.282226,17.456055
0.729370,0.014648,0.659424,-9.216309,-10.070800,19.775391
0.724365,0.023682,0.646973,-8.789063,-7.385253,18.859863
0.765869,0.019409,0.654541,-8.483887,-6.225585,17.333984
0.743408,0.013062,0.652954,-7.385253,-4.577637,19.531250
0.723633,-0.003662,0.651489,-6.652832,-4.394531,18.127441
0.726807,-0.008423,0.656982,-6.347656,-8.972168,16.479492
0.757446,-0.011841,0.677979,-7.324218,-12.268065,16.967773
0.706909,0.001587,0.653687,-8.728027,-13.732909,18.920898
0.660034,-0.007690,0.638916,-10.070800,-15.930175,20.507811
0.699341,0.030518,0.618042,-13.183593,-19.409180,19.287109
0.759766,-0.010742,0.624023,-15.991210,-25.939939,24.841307
0.805786,-0.009766,0.638184,-18.005371,-29.052732,27.709959
0.831421,-0.026245,0.660889,-19.714355,-35.095215,29.785154
0.797363,-0.022827,0.653198,-19.287109,-37.475586,28.869627
0.859131,-0.017700,0.632202,-16.967773,-40.161129,27.709959
0.803101,-0.076904,0.620117,-15.869140,-41.259762,30.517576
0.755859,-0.068970,0.595459,-14.831542,-45.898434,25.146482
0.771851,-0.084839,0.597290,-11.596679,-42.724606,23.803709
0.743530,-0.033691,0.567383,-8.361816,-35.583496,20.690916
0.708374,-0.095581,0.566284,-4.577637,-32.653809,18.798828
0.801636,-0.080444,0.558838,-6.774902,-39.184570,15.380858
0.814941,-0.071411,0.501587,-5.737304,-41.381832,12.817382
0.941162,-0.068115,0.518921,-7.385253,-42.602535,17.822266
0.885010,-0.078979,0.560181,-12.878417,-39.489746,21.484373
0.768311,-0.141602,0.614136,-17.089844,-23.498533,16.174316
0.666504,-0.111328,0.589111,-18.676758,-18.676758,9.460449
0.679565,-0.074829,0.594727,-19.287109,-31.372068,5.371093
0.630615,-0.103516,0.555054,-20.690916,-37.414551,4.760742
0.602783,-0.091309,0.544800,-23.254393,-80.993645,-2.685547
0.838623,0.252319,0.639282,-21.362303,-105.407707,-0.366211
0.889526,-0.116211,0.589600,-14.404296,-121.215813,-0.488281
0.997925,-0.041748,0.492188,-14.343261,-88.378899,3.540039
1.077759,-0.040283,0.369385,-13.977050,-50.476070,-2.807617
0.842041,0.011108,0.293701,-25.695799,-22.277830,-15.441894
0.893311,-0.008423,0.276123,-27.160643,-24.841307,-17.578125
0.636475,-0.142456,0.437256,-25.268553,-27.160643,-26.062010
0.695557,-0.265991,0.591919,-21.301268,-34.667969,-22.583006
0.784546,-0.171387,0.546143,-18.737793,-39.306641,-22.216795
0.634277,-0.191162,0.581787,-19.287109,-32.531738,-30.456541
-4.000000,1.755127,-2.630005,-30.639647,-74.523926,-112.121574
3.999878,-1.691162,2.221069,-92.285149,-471.252411,-18.188477
-1.113770,0.173096,1.415894,-56.213375,-148.437500,-65.490723
1.333618,0.411987,-0.510010,11.840819,-113.769524,-94.665520
1.587158,-0.320679,0.012451,-17.211914,114.929192,59.143063
0.926392,-0.105713,0.229614,-32.104492,88.134758,29.479979
1.230957,0.091553,-0.085571,2.319336,74.401855,-19.226074
0.987793,-0.174683,0.180420,25.878904,98.144524,-16.296387
0.929565,-0.268311,0.311768,45.471188,92.163078,-6.958007
0.749634,-0.045898,0.305298,44.250484,63.537594,-26.123045
0.540771,-0.046143,0.405884,42.236324,35.827637,-39.611816
0.748413,-0.068481,0.533447,33.325195,20.080564,-15.258788
0.895874,-0.032715,0.562622,22.277830,9.887695,6.103515
0.911133,-0.018921,0.620361,14.160155,-14.526366,-2.258301
0.914307,-0.044556,0.594116,9.826660,-34.423828,-13.305663
0.984741,-0.025391,0.548584,6.958007,-41.442867,-12.878417
1.031372,-0.027954,0.506714,5.310058,-40.954586,-6.164550
1.026489,-0.055054,0.458374,3.723144,-36.560059,-2.075195
1.049805,-0.018799,0.475464,1.586914,-30.944822,-6.896972
0.989868,-0.066284,0.504150,1.281738,-18.005371,-6.164550
0.972290,-0.023682,0.471313,0.915527,-4.211426,-6.469726
0.923218,-0.016357,0.432861,-0.183105,3.723144,-4.943848
0.904663,-0.039795,0.437866,-0.854492,9.277344,-1.098633
0.927612,-0.037598,0.426147,-2.624511,12.939452,2.929687
0.935059,-0.032227,0.407471,-1.892090,13.000487,1.403808
0.936279,-0.047363,0.447388,-4.455566,13.427733,-0.427246
0.875610,-0.063477,0.448608,-3.173828,13.366698,-1.647949
0.934814,-0.057739,0.424072,-0.976562,12.145995,-8.850098
1.012695,-0.057007,0.387085,2.380371,19.104004,-13.488769
0.946899,0.034668,0.339478,3.234863,22.705076,-13.122558
0.941650,-0.025146,0.376221,5.310058,30.700682,-7.873535
0.933716,-0.011841,0.390869,4.516602,37.292480,-2.929687
0.951904,-0.010498,0.423462,4.089355,45.349117,-0.427246
0.955444,0.004761,0.436768,3.723144,50.659176,2.197266
0.922852,-0.037964,0.463989,4.699707,50.415035,1.464844
0.905029,-0.013306,0.469604,5.920410,48.522945,0.305176
0.901367,-0.021240,0.476318,6.896972,44.921871,-1.892090
0.901489,-0.018066,0.479370,7.080078,40.222164,-2.807617
0.872070,-0.010132,0.471191,6.713867,31.066893,-3.723144
0.874268,-0.014771,0.469727,6.286621,24.230955,-2.685547
0.872925,-0.033936,0.473633,4.333496,22.583006,-1.831055
0.878174,-0.006592,0.464478,0.915527,20.874022,-4.333496
0.872559,-0.028931,0.472290,0.610352,19.958496,-3.723144
0.889771,-0.025146,0.499878,1.708984,14.953612,-4.455566
0.915894,-0.026978,0.493164,3.845215,16.601563,-4.333496
0.907104,0.004028,0.487061,3.784179,25.085447,-3.356933
0.902588,-0.017334,0.489502,4.577637,34.912109,-0.122070
0.898071,-0.034302,0.485718,5.615234,43.273922,1.464844
0.841187,-0.002319,0.492676,5.615234,46.508785,1.403808
0.827881,-0.008545,0.491699,7.568359,45.837399,3.234863
0.798096,0.016602,0.500366,6.591796,37.597656,1.953125
0.769775,-0.008545,0.496460,3.967285,22.949217,-0.366211
0.767212,-0.011597,0.503052,3.906250,6.958007,-3.479004
0.824463,0.001953,0.527466,3.601074,-4.455566,-4.455566
0.857544,0.009644,0.550903,2.197266,-10.498046,-4.699707
0.859619,0.005859,0.556763,1.220703,-11.047362,-4.516602
0.865601,-0.001221,0.558716,-0.061035,-7.202148,-3.845215
0.861694,0.000854,0.547485,-0.305176,-4.150391,-3.295898
0.848999,-0.011963,0.537598,-0.061035,-1.037598,-3.906250
0.839478,-0.000366,0.518555,0.305176,-1.037598,-4.394531
0.837769,-0.003052,0.510498,1.098633,-2.075195,-4.577637
0.840210,-0.018921,0.508911,2.868652,-3.051758,-4.699707
0.852051,-0.019043,0.514526,3.356933,-3.356933,-4.699707
0.872803,-0.017456,0.518311,3.723144,-2.197266,-4.455566
0.870728,-0.004395,0.525269,3.845215,-1.220703,-4.089355
0.872437,-0.020142,0.536499,4.272461,-0.549316,-4.577637
0.871460,-0.000244,0.517700,4.394531,0.122070,-4.638672
0.881226,-0.005493,0.519775,3.784179,2.075195,-4.211426
0.882324,-0.004028,0.516357,3.723144,2.807617,-3.540039
0.888428,-0.000854,0.513794,3.295898,2.563476,-3.479004
0.880127,-0.008545,0.516724,3.540039,2.441406,-3.173828
0.882935,-0.011719,0.524536,3.723144,1.586914,-2.990722
0.888428,0.002319,0.531006,4.028320,2.075195,-3.112793
0.901978,-0.000122,0.528564,3.662109,3.906250,-1.770019
0.893188,0.008301,0.531616,3.051758,3.417969,-1.159668
0.880005,0.004517,0.523682,2.868652,3.295898,-0.549316
0.873779,0.000122,0.530273,2.258301,1.953125,-0.183105
0.874756,0.008911,0.520020,1.953125,0.122070,-0.366211
0.860107,0.008301,0.534912,1.953125,-1.464844,-0.427246
0.863892,0.006348,0.531372,1.892090,-2.685547,-0.122070
0.879272,0.004517,0.536499,1.953125,-2.746582,0.122070
0.868774,0.013062,0.543457,1.953125,-1.525879,0.244141
0.869751,0.006470,0.544312,1.892090,-0.427246,0.488281
0.855469,0.006470,0.543335,1.586914,0.305176,0.244141
0.859497,0.001343,0.543579,1.708984,0.427246,0.305176
0.850830,-0.000854,0.533691,1.708984,-0.427246,0.061035
0.860107,0.000732,0.534180,1.281738,-1.647949,-0.610352
0.854736,-0.002563,0.529541,1.098633,-2.502441,-0.671387
0.861694,-0.004517,0.534302,1.037598,-2.014160,-1.159668
0.872803,-0.006104,0.532349,1.220703,-1.098633,-1.220703
0.870972,0.004761,0.540894,1.281738,0.061035,-1.098633
0.868042,0.008911,0.533325,1.464844,0.732422,-0.610352
0.863770,0.005981,0.531738,1.525879,0.793457,-0.244141
0.857544,0.008789,0.532837,1.159668,0.183105,0.122070
0.860352,0.020508,0.525146,0.793457,-1.281738,0.610352
0.862549,0.019165,0.527466,0.366211,-2.685547,0.610352
0.857422,0.016357,0.512329,0.244141,-3.662109,0.305176
0.858398,0.011963,0.519775,0.427246,-3.723144,-0.244141
0.858398,0.004028,0.528198,0.854492,-2.807617,-0.976562
0.864502,0.008545,0.530884,1.464844,-0.915527,-1.159668
0.856812,0.011108,0.527710,1.708984,-0.061035,-0.671387
0.850586,0.009155,0.519897,1.708984,0.244141,-0.366211
0.848755,0.010864,0.510742,1.708984,-0.122070,-0.732422
0.851807,0.012329,0.517456,1.464844,-1.037598,-1.281738
0.857910,0.011230,0.526245,1.464844,-1.892090,-1.892090
0.859009,0.010132,0.529541,1.770019,-1.647949,-2.136230
0.862427,0.002686,0.535645,1.831055,-0.793457,-2.258301
0.864990,0.038330,0.540405,1.831055,-0.915527,-1.892090
0.858887,0.013306,0.537842,1.159668,-0.976562,-1.403808
0.844971,0.019165,0.533813,0.854492,-3.479004,-1.525879
0.841919,0.021973,0.544434,0.549316,-10.681151,-2.319336
0.838867,0.009644,0.542236,-0.549316,-20.690916,-4.089355
0.847412,0.013062,0.514160,-0.610352,-31.677244,-6.408691
0.837402,-0.000977,0.502930,-0.549316,-42.114254,-8.117676
0.848877,0.004761,0.519043,-0.122070,-56.030270,-10.131835
0.870850,0.013672,0.506958,0.305176,-66.955566,-12.756347
0.861084,0.020264,0.478516,0.854492,-78.613281,-14.282226
0.820557,0.022339,0.470581,0.549316,-101.623528,-17.456055
0.808350,0.028809,0.368408,-1.220703,-132.629395,-21.728514
0.751587,0.019897,0.408936,1.403808,-177.490219,-28.076170
0.767944,-0.000854,0.404541,1.220703,-240.295395,-38.085938
0.868164,0.039185,0.370239,2.502441,-297.485352,-49.743649
0.982056,0.046631,0.320923,6.225585,-326.904266,-57.128902
1.037598,0.066162,0.208008,11.291503,-330.566376,-57.250973
0.963745,0.078979,0.102539,13.854980,-351.013153,-56.640621
0.959351,0.053467,-0.023315,16.357422,-367.919891,-62.194820
0.878296,0.126465,-0.141235,21.179197,-398.254364,-68.603516
0.798462,0.050171,-0.145386,30.334471,-448.181122,-84.289543
0.909668,0.114014,-0.214722,42.419430,-462.402313,-96.618645
1.109253,0.136963,-0.326660,55.908199,-461.242645,-89.843742
1.283936,0.151123,-0.314087,64.880371,-440.673798,-71.899414
1.269531,0.206055,-0.358276,69.702148,-397.338837,-50.903316
1.002319,0.093506,-0.416992,69.396973,-371.215790,-41.870113
0.741333,0.148926,-0.473511,70.007324,-335.876434,-46.325680
0.824829,0.064575,-0.608154,76.049805,-301.208496,-52.734371
0.802734,0.343262,-0.683960,81.909172,-265.075684,-50.476070
0.874512,0.160400,-1.067139,71.228027,-158.935547,-55.175777
1.037476,0.113159,-0.703491,82.397453,-241.332993,-36.437988
0.698486,0.130005,-0.671997,66.955566,-217.285141,-19.714355
0.650635,-0.213745,-0.640259,61.889645,-206.603989,-24.047850
0.605225,0.233276,-0.758911,72.937012,-213.928207,-26.062010
0.773071,0.182007,-0.768921,76.293945,-211.242661,-22.399900
0.824951,0.193726,-0.847656,69.458008,-197.631821,-14.160155
0.677246,0.122192,-0.827148,63.354488,-182.678207,-6.103515
0.697754,0.169800,-0.801880,52.490231,-159.301758,-4.455566
0.605103,0.163208,-0.844360,40.344234,-123.840324,2.624511
0.593262,0.023315,-0.810059,31.738279,-109.191887,3.906250
0.582886,0.177979,-0.865601,26.428221,-88.256828,-0.976562
0.473389,0.107788,-0.851318,17.822266,-61.523434,0.732422
0.599854,0.098267,-0.852539,18.188477,-66.406250,-3.540039
0.648071,0.129272,-0.859619,16.723633,-56.945797,-1.892090
0.657593,0.126465,-0.883179,12.939452,-49.011227,2.441406
0.593628,0.116211,-0.893188,10.070800,-39.916992,6.225585
0.499878,0.104980,-0.883057,8.728027,-35.522461,8.178711
0.433228,0.078491,-0.817017,9.582520,-39.916992,5.493164
0.540161,0.016235,-0.819824,11.718749,-43.090816,0.549316
0.490356,0.197510,-0.808472,16.662598,-48.217770,0.000000
0.583740,0.128296,-0.832764,10.498046,-36.010742,-1.831055
0.561646,0.072632,-0.846313,6.713867,-21.057127,-1.525879
0.490845,0.088623,-0.858154,4.089355,-16.540527,-0.549316
0.505737,0.085205,-0.892822,3.173828,-12.390136,-2.441406
0.482300,0.106445,-0.891968,3.417969,-12.695312,-2.624511
0.486084,0.097168,-0.874268,4.577637,-15.624999,-3.417969
0.494995,0.115112,-0.851929,4.882813,-13.244628,-2.685547
0.488892,0.080200,-0.846558,2.990722,-6.774902,-2.014160
0.500000,0.079956,-0.855469,1.037598,-1.586914,-1.770019
0.507324,0.077271,-0.883301,-0.244141,2.197266,-1.831055
0.485474,0.070313,-0.894897,0.488281,1.281738,-1.586914
0.481567,0.069214,-0.899658,2.197266,-3.173828,-2.319336
0.492676,0.071411,-0.905518,5.615234,-12.268065,-2.990722
0.513794,0.071899,-0.894043,8.544922,-19.775391,-2.929687
0.549805,0.085815,-0.884155,9.338379,-20.690916,-1.708984
0.547607,0.095703,-0.875122,7.751464,-17.089844,0.244141
0.516724,0.080444,-0.864868,4.760742,-8.972168,2.258301
0.507324,0.071533,-0.887085,2.502441,-3.417969,2.807617
0.456909,0.068115,-0.893555,0.671387,0.610352,2.807617
0.449585,0.064331,-0.927124,1.403808,-2.441406,1.464844
0.475098,0.076416,-0.918701,5.126953,-8.422852,-0.366211
0.500366,0.087891,-0.910034,7.751464,-12.390136,-0.244141
0.524536,0.081299,-0.897827,8.911133,-12.512206,0.793457
0.528564,0.087402,-0.884766,7.934570,-7.751464,3.356933
0.500244,0.070313,-0.879761,4.821777,-0.427246,5.615234
0.437744,0.056641,-0.883057,2.563476,5.065917,6.835937
0.429932,0.055786,-0.880859,2.197266,4.150391,5.004883
0.457886,0.059326,-0.866455,3.112793,2.075195,1.953125
0.468994,0.058594,-0.877563,3.417969,-0.549316,0.244141
0.506470,0.072510,-0.879150,3.234863,-1.281738,-0.549316
0.492676,0.064575,-0.884033,2.258301,2.990722,0.427246
0.484863,0.061279,-0.867798,0.305176,7.385253,1.403808
0.456055,0.059204,-0.868286,-0.793457,8.850098,1.586914
0.441406,0.053589,-0.870361,1.159668,1.586914,0.854492
0.481689,0.054565,-0.868530,2.685547,-2.258301,0.610352
0.489746,0.062256,-0.867432,2.929687,-2.807617,1.037598
0.506348,0.067383,-0.866333,1.647949,-0.305176,1.647949
0.498169,0.053223,-0.879761,0.000000,3.234863,2.197266
0.505127,0.064819,-0.881958,-1.708984,7.019042,2.746582
0.482666,0.057861,-0.885376,-2.685547,10.375976,3.784179
0.453125,0.055054,-0.886597,-1.708984,7.324218,3.356933
0.456299,0.056519,-0.885742,0.061035,2.746582,2.624511
0.473633,0.059937,-0.886719,2.746582,-2.258301,1.953125
0.490234,0.067627,-0.886475,3.662109,-3.356933,2.319336
0.492676,0.062988,-0.881836,2.868652,-0.122070,3.051758
0.482544,0.053345,-0.873779,1.159668,3.234863,2.990722
0.475952,0.055176,-0.872559,-0.122070,5.126953,2.258301
0.471802,0.049316,-0.870361,0.427246,4.028320,1.525879
0.479248,0.042969,-0.864380,1.281738,1.770019,1.098633
0.483521,0.048584,-0.871094,1.892090,-0.488281,1.037598
0.506104,0.055176,-0.872192,2.563476,-2.868652,1.098633
0.503174,0.063721,-0.870483,2.624511,-3.540039,1.525879
0.507935,0.060791,-0.878906,2.075195,-3.051758,2.136230
0.496216,0.046387,-0.899780,1.037598,-3.112793,2.990722
0.500610,0.036011,-0.904907,0.000000,-2.441406,3.723144
0.474609,0.031128,-0.899414,0.000000,-2.441406,3.723144
0.468994,0.035767,-0.908325,0.915527,-4.638672,3.662109
0.493164,0.057617,-0.919434,2.319336,-7.080078,3.051758
0.501221,0.062988,-0.929688,4.333496,-8.422852,2.685547
0.508789,0.056763,-0.933838,6.408691,-8.911133,2.502441
0.497681,0.055542,-0.940308,8.117676,-9.399414,2.624511
0.512695,0.040771,-0.958984,10.009766,-10.559081,2.380371
0.523682,0.025391,-0.972900,10.559081,-9.643555,3.906250
0.500366,0.010986,-0.960815,9.887695,-6.469726,4.699707
0.527100,0.012817,-0.963135,9.765625,-4.760742,4.455566
0.546631,0.006714,-0.966675,10.803222,-2.746582,5.126953
0.569580,0.028198,-0.965576,12.878417,-4.516602,4.516602
0.586426,0.043579,-0.978882,15.563964,-7.995605,6.896972
0.578735,0.022827,-0.976440,17.578125,-8.850098,9.765625
0.575073,0.014893,-0.977051,18.676758,-8.056641,12.207030
0.569214,0.008545,-1.005859,19.104004,-6.164550,14.892577
0.539795,0.015137,-1.023560,19.409180,-4.028320,16.540527
0.529663,0.015137,-1.020508,20.385740,-3.051758,17.456055
0.531738,0.008789,-1.018066,22.399900,-1.342773,18.127441
0.533691,-0.007568,-1.023682,24.536131,0.183105,17.822266
0.528564,-0.037720,-1.051025,27.404783,-0.061035,17.150879
0.537964,-0.055542,-1.100220,30.944822,-0.122070,15.624999
0.573608,-0.083008,-1.127686,34.606934,0.793457,13.977050
0.604614,-0.116943,-1.180054,37.536621,1.525879,12.634276
0.636353,-0.117065,-1.197998,39.794922,3.540039,12.390136
0.653198,-0.123657,-1.215210,42.297359,6.347656,12.268065
0.674561,-0.098389,-1.212524,45.227047,9.094238,13.427733
0.702026,-0.080322,-1.209961,49.743649,11.657714,15.258788
0.690918,-0.100708,-1.265625,54.565426,14.282226,18.310547
0.669556,-0.101196,-1.316284,60.974117,12.939452,22.216795
0.633789,-0.099121,-1.323120,69.458008,12.817382,27.038572
0.609741,-0.125366,-1.321167,77.209473,14.465331,32.592773
0.609253,-0.108765,-1.307129,84.411613,19.958496,35.827637
0.619507,-0.099976,-1.256714,90.637199,27.770994,37.048340
0.601563,-0.096436,-1.223633,96.801750,36.132813,37.109375
0.564697,-0.092651,-1.202393,102.416985,42.846676,37.048340
0.540283,-0.102905,-1.251099,109.252922,46.081539,37.902832
0.502563,-0.089844,-1.266357,119.140617,45.471188,38.818359
0.465088,-0.092285,-1.229126,130.004883,45.837399,39.855957
0.496704,-0.100708,-1.201782,140.930176,47.973629,41.259762
0.507202,-0.080444,-1.148438,150.146484,54.748531,43.945309
0.499878,-0.078369,-1.076416,157.714844,64.208984,46.508785
0.510132,-0.065552,-1.001099,164.978012,73.547363,47.729488
0.468262,-0.095093,-0.994995,171.630844,82.946770,49.865719
0.462769,-0.093506,-0.944580,178.649887,85.998528,49.804684
0.439453,-0.076416,-0.900024,187.622055,86.975090,53.100582
0.404663,-0.145508,-0.961304,191.650375,88.195793,57.617184
0.411743,-0.120483,-0.897461,196.716293,99.243156,59.570309
0.367676,-0.104492,-0.893433,200.561508,101.379387,61.096188
0.338989,-0.090820,-0.789795,209.350571,102.905266,61.462399
0.367554,-0.067017,-0.681152,215.393051,100.830070,63.049313
0.363159,-0.103760,-0.686890,222.228989,93.444817,65.429688
0.385742,-0.098633,-0.556274,227.661118,96.008293,67.138672
0.360718,-0.123657,-0.330811,225.280746,102.539055,68.115234
0.415039,-0.139404,-0.179688,218.322739,114.562981,72.570801
0.425537,-0.171143,-0.069336,207.275375,130.065918,78.796387
0.330811,-0.231812,-0.030273,187.561020,145.812988,80.444328
0.277710,-0.305664,-0.077881,174.011215,157.104492,81.970207
0.179688,-0.416504,-0.176636,159.973145,158.996582,80.871574
0.048340,-0.442749,0.008667,153.930664,154.296875,76.293945
0.075195,-0.429810,0.212646,146.850586,146.972656,64.270020
0.040527,-0.439087,0.423950,135.375977,119.812004,51.940914
0.074707,-0.431519,0.625610,124.267570,93.200676,42.724606
0.122925,-0.450439,0.720825,111.389153,70.617676,37.597656
0.149048,-0.462646,0.780029,91.857903,52.795406,34.240723
0.240234,-0.463867,0.844604,67.993164,50.048824,29.724119
0.256714,-0.464844,0.826416,39.672852,53.100582,25.207518
0.191406,-0.523315,0.720947,7.812500,61.035152,17.395020
0.125488,-0.596680,0.694946,-15.563964,61.584469,9.338379
0.026489,-0.572998,0.752075,-39.978027,55.969234,-0.122070
0.039185,-0.659424,0.815918,-63.415524,37.231445,-15.624999
0.007202,-0.612549,0.805664,-82.458488,2.929687,-22.644041
0.033447,-0.601318,0.720581,-100.646965,-30.822752,-32.470703
0.132080,-0.545776,0.643677,-117.797844,-61.157223,-40.588375
0.184814,-0.510620,0.555420,-135.070801,-83.923332,-45.654293
0.233765,-0.487183,0.483398,-153.747559,-101.806633,-49.560543
0.259644,-0.416138,0.381470,-171.081528,-111.328117,-52.307125
0.288086,-0.368286,0.267090,-188.598618,-112.182610,-56.457516
0.294556,-0.285767,0.116455,-206.848129,-109.313957,-60.729977
0.346191,-0.239136,-0.031860,-223.144516,-99.731438,-67.626953
0.314331,-0.219116,-0.120361,-237.976059,-96.618645,-71.838379
0.278809,-0.233276,-0.211548,-251.525864,-93.872063,-77.209473
0.045532,-0.323608,-0.250977,-261.474609,-108.337395,-84.655754
0.046021,-0.333618,-0.390259,-264.465332,-144.897461,-103.393547
0.247681,-0.213623,-0.494995,-254.943832,-184.936508,-112.182610
0.403442,-0.085327,-0.500488,-246.887192,-212.219223,-113.098137
0.566772,0.041382,-0.755127,-248.657211,-219.482407,-114.135735
0.566528,0.038696,-1.267578,-246.093735,-251.586899,-108.215324
0.513672,-0.006592,-1.619263,-230.102524,-290.588379,-102.600090
0.484619,-0.017090,-1.646729,-210.449203,-317.016602,-100.646965
0.477661,0.023804,-1.452881,-199.035629,-327.026337,-92.712395
0.385742,-0.075317,-1.149414,-200.927719,-319.274902,-75.378418
0.242554,-0.113403,-1.068115,-215.637192,-297.241211,-62.316891
0.527832,0.032593,-1.192017,-216.369614,-241.943344,-55.358883
0.653931,0.169434,-1.418701,-208.435043,-137.878418,-33.508301
0.488647,0.079956,-1.715698,-209.167465,-47.241207,-16.967773
0.340454,0.077026,-1.898193,-202.819809,-5.249023,-15.686034
0.334717,0.089844,-1.886841,-185.546860,6.469726,-16.540527
0.405396,0.013916,-1.764771,-158.569336,2.502441,-15.563964
0.438599,-0.018311,-1.634399,-133.972168,-13.000487,-14.038085
0.326660,-0.062012,-1.539185,-110.717766,-30.212400,-7.751464
0.278198,-0.019409,-1.478027,-89.965813,-46.020504,-4.943848
0.327759,-0.027710,-1.465332,-72.753906,-51.025387,-5.249023
0.413574,0.021729,-1.483032,-60.241695,-46.142574,-5.981445
0.463623,-0.014771,-1.457397,-54.504391,-30.090330,-5.920410
0.484009,-0.008789,-1.429932,-49.072262,-18.981934,-2.319336
0.425537,0.001099,-1.402466,-45.532223,-7.324218,2.502441
0.361328,0.000000,-1.356323,-40.588375,3.784179,5.371093
0.301270,-0.003296,-1.315796,-33.447266,7.324218,7.202148
0.242432,0.004272,-1.225464,-26.000975,4.821777,6.713867
0.304810,0.016968,-1.173340,-17.761230,1.342773,3.540039
0.351685,0.020630,-1.133057,-9.948730,-1.647949,2.441406
0.416138,0.028564,-1.129639,-4.516602,0.549316,3.540039
0.384644,0.028564,-1.120117,-3.356933,5.615234,6.591796
0.372681,0.040405,-1.111206,-2.685547,13.732909,8.483887
0.297974,0.002808,-1.092407,-2.075195,15.930175,9.948730
0.238770,-0.003174,-1.042480,-0.366211,12.695312,8.422852
0.218750,-0.017334,-0.984863,0.976562,7.202148,5.798339
0.251831,-0.010864,-0.957275,2.136230,3.356933,2.929687
0.295898,0.000610,-0.961548,2.929687,1.953125,1.892090
0.333252,-0.005493,-0.948608,1.281738,4.882813,1.831055
0.355957,0.004150,-0.950073,-1.159668,9.216309,2.014160
0.332275,0.010620,-0.964600,-3.112793,11.535644,3.234863
0.282349,0.013428,-1.003784,-3.356933,10.803222,4.638672
0.241699,0.014893,-0.997192,-1.586914,6.408691,4.760742
0.224854,0.021606,-0.969849,0.793457,-0.549316,3.845215
0.237671,0.009521,-0.929077,3.112793,-5.493164,2.258301
0.316650,0.017944,-0.941040,4.211426,-7.873535,0.793457
0.331055,0.022217,-0.934448,3.479004,-4.333496,1.647949
0.319824,0.031372,-0.941162,1.281738,1.159668,1.831055
0.312744,0.041260,-0.971313,-0.244141,4.760742,2.380371
0.270996,0.040649,-0.991699,-0.366211,5.798339,2.075195
0.266113,0.047241,-0.994141,0.366211,2.197266,1.159668
0.246216,0.041504,-0.972534,2.380371,-1.586914,0.976562
0.274780,0.044189,-0.949707,3.479004,-4.028320,0.244141
0.283325,0.021973,-0.918091,3.417969,-3.540039,0.061035
0.316895,0.021973,-0.912231,1.953125,-1.098633,-0.488281
0.321167,0.019775,-0.940308,-0.061035,1.708984,0.427246
0.313843,0.019409,-0.948486,-2.319336,5.859375,0.854492
0.291138,0.035034,-0.980835,-3.601074,6.896972,0.793457
0.291138,0.031250,-0.990479,-2.014160,3.906250,0.488281
0.296753,0.031616,-0.982544,-0.305176,0.061035,0.427246
0.293091,0.026855,-0.961182,1.403808,-2.258301,0.549316
0.289795,0.022461,-0.934570,1.647949,-2.929687,0.793457
0.284790,0.017700,-0.921875,0.854492,-2.258301,0.671387
0.305542,0.015991,-0.957153,-0.183105,-0.427246,0.610352
0.298950,0.021362,-0.966797,-0.915527,-0.244141,0.488281
0.293335,0.023926,-0.964966,-1.159668,0.366211,0.000000
0.291260,0.035889,-0.972534,-0.854492,-0.610352,0.122070
0.296387,0.039673,-0.970459,0.854492,-3.356933,0.000000
0.307007,0.047852,-0.965942,2.441406,-4.516602,0.671387
0.298584,0.047852,-0.956909,3.479004,-4.272461,1.586914
0.291626,0.037354,-0.955811,3.417969,-2.746582,1.953125
0.276611,0.019897,-0.952148,1.953125,-0.183105,2.624511
0.267334,0.006836,-0.966064,0.549316,1.037598,2.075195
0.268921,0.014038,-0.974609,-0.244141,1.770019,0.915527
0.282471,0.019653,-0.963501,-0.122070,-0.183105,-1.037598
0.300781,0.021484,-0.956421,0.183105,-1.342773,-2.197266
0.309082,0.030518,-0.961670,0.488281,-2.380371,-2.014160
0.307983,0.032471,-0.952637,0.854492,-2.868652,-1.708984
0.319214,0.029541,-0.964478,0.610352,-2.624511,-0.976562
0.319336,0.026001,-0.973511,0.244141,-1.159668,-0.122070
0.312256,0.017700,-0.979248,-1.037598,0.244141,0.854492
0.298340,0.008057,-0.993774,-0.915527,0.061035,1.037598
0.308472,0.022949,-1.008423,-0.061035,-2.807617,0.122070
0.307495,0.031738,-0.995117,1.586914,-5.737304,-0.244141
0.319702,0.044434,-0.991089,2.624511,-7.019042,-0.122070
0.327515,0.045166,-0.992798,3.540039,-6.469726,0.061035
0.329224,0.034790,-1.005371,3.967285,-4.089355,0.488281
0.322021,0.024902,-1.037720,4.516602,-2.197266,0.427246
0.307739,0.007690,-1.053101,4.760742,-0.061035,0.366211
0.346069,-0.000732,-1.065918,5.371093,0.854492,-0.488281
0.357910,0.005005,-1.119263,7.141113,0.183105,-0.976562
0.365967,0.021240,-1.185425,9.765625,-3.112793,-0.671387
0.366821,0.034912,-1.227783,14.892577,-5.249023,0.244141
0.390015,0.035156,-1.276489,20.935057,-6.042480,1.403808
0.379883,0.009766,-1.276367,27.709959,-3.417969,2.563476
0.367798,-0.018433,-1.284790,33.752441,-0.244141,3.112793
0.406860,-0.052856,-1.384766,39.489746,4.699707,2.197266
0.390503,-0.072266,-1.488647,49.377438,8.972168,0.671387
0.378540,-0.042236,-1.585205,60.302731,8.056641,-0.732422
0.396606,-0.008911,-1.651123,77.026367,5.126953,0.732422
0.402466,-0.006470,-1.604614,95.458977,4.882813,4.699707
0.484375,0.025269,-1.516602,111.755363,15.197753,9.582520
0.546143,0.040649,-1.522095,125.244133,38.208008,20.446775
0.475220,-0.004883,-1.560913,134.643555,65.551758,27.160643
0.405640,0.012939,-1.617310,146.057129,89.355461,28.625486
0.314697,0.012329,-1.742798,165.405258,98.754875,29.541014
0.222412,-0.000610,-1.831787,190.490707,92.590324,27.954100
0.252930,0.045898,-1.751831,216.430649,92.590324,25.817869
0.340332,0.035645,-1.539551,238.281235,98.571770,28.747557
0.385010,-0.038940,-1.363770,251.098618,110.656731,33.996582
0.370483,-0.117065,-1.303955,258.300781,120.178215,38.696289
0.387939,-0.147217,-1.172119,263.793945,126.953117,39.978027
0.389771,-0.106445,-1.085815,264.099121,139.282227,42.541500
0.381348,-0.179321,-1.031494,263.000488,138.122559,44.860836
0.361816,-0.205444,-0.891602,260.986328,156.738281,44.494625
0.322998,-0.235962,-0.780640,254.577621,172.241196,43.090816
0.311523,-0.256104,-0.626953,249.877914,175.964340,44.677731
0.321411,-0.271606,-0.408813,244.873032,179.199203,44.311520
0.316162,-0.274292,-0.297485,234.436020,174.255356,45.227047
0.305542,-0.268799,-0.139648,225.280746,163.757309,48.950191
0.285767,-0.306396,0.023560,214.233383,158.020020,49.011227
0.314087,-0.317993,0.138916,201.354965,147.216797,47.973629
0.336548,-0.320679,0.272461,186.584457,139.343262,45.654293
0.299927,-0.322998,0.386230,166.564926,130.920410,44.372555
0.308716,-0.368652,0.471924,146.057129,123.657219,41.381832
0.303589,-0.368896,0.464355,125.061028,114.501945,42.358395
0.237915,-0.412842,0.412964,103.576653,108.947746,42.297359
0.143677,-0.440308,0.300659,83.801262,93.566887,40.832516
0.096802,-0.433105,0.287231,71.289063,78.674316,36.621094
0.089600,-0.455688,0.390503,56.945797,62.438961,30.334471
0.102539,-0.458984,0.474365,40.466305,45.532223,23.986814
0.089478,-0.447021,0.496094,23.803709,23.803709,19.042969
0.162964,-0.425537,0.491455,7.324218,8.422852,13.122558
0.208008,-0.416260,0.484497,-10.009766,-0.976562,7.446289
0.239014,-0.397461,0.466431,-31.005857,-6.591796,1.281738
0.262695,-0.400635,0.406982,-52.917477,-7.080078,-3.906250
0.213989,-0.426147,0.352539,-72.692871,-10.864257,-7.751464
0.182251,-0.444092,0.314575,-88.989250,-17.822266,-13.305663
0.171021,-0.459473,0.238525,-102.233879,-30.273436,-19.592285
0.217773,-0.442017,0.180420,-112.670891,-45.471188,-24.902342
0.272339,-0.425903,0.128540,-121.643059,-58.227535,-29.418943
0.312134,-0.425537,0.045654,-132.324219,-69.702148,-32.470703
0.338623,-0.418945,-0.005859,-142.395020,-77.819824,-34.179688
0.358765,-0.420532,-0.082031,-151.916504,-84.289543,-35.339355
0.372925,-0.412476,-0.176147,-160.827621,-88.317863,-36.621094
0.359131,-0.393677,-0.343262,-168.640121,-93.017570,-37.475586
0.328125,-0.409302,-0.482178,-171.691879,-107.971184,-38.574219
0.361816,-0.397095,-0.528687,-170.837387,-117.980949,-42.358395
0.415039,-0.376709,-0.522827,-169.128403,-122.802727,-45.104977
0.485840,-0.361694,-0.527222,-170.532211,-121.215813,-45.349117
0.519897,-0.342896,-0.542236,-175.659164,-111.328117,-42.358395
0.508911,-0.331055,-0.619019,-183.227524,-102.966301,-38.879395
0.523560,-0.296265,-0.670532,-188.659653,-92.712395,-37.292480
0.392334,-0.267700,-0.873779,-193.481430,-83.984367,-35.095215
0.255737,-0.300049,-1.002808,-190.429672,-97.351067,-36.560059
0.306885,-0.282837,-1.026855,-181.457504,-105.102531,-44.921871
0.394653,-0.261719,-1.047729,-172.424301,-105.651848,-51.086422
0.465454,-0.260986,-1.084595,-166.809067,-104.919426,-51.574703
0.523926,-0.238403,-1.107666,-164.245590,-95.642082,-50.903316
0.445190,-0.268311,-1.103638,-165.893539,-84.411613,-49.621578
0.405884,-0.266235,-1.085571,-166.259750,-80.749504,-51.147457
0.492432,-0.205688,-1.166870,-163.391098,-83.679192,-52.856441
0.516235,-0.182251,-1.211914,-156.066895,-88.073723,-48.156734
0.525757,-0.153687,-1.235352,-151.428223,-88.745110,-44.677731
0.489990,-0.154785,-1.184570,-146.545410,-78.735352,-38.696289
0.382080,-0.155518,-1.112305,-145.996094,-77.819824,-37.902832
0.391479,-0.126709,-1.133057,-139.892578,-84.533684,-38.879395
0.481934,-0.062622,-1.223145,-127.441399,-90.637199,-35.522461
0.519409,-0.002319,-1.325317,-116.516106,-87.341301,-28.564451
0.506348,-0.001465,-1.408081,-105.163567,-82.580559,-23.254393
0.476685,0.004639,-1.435425,-96.801750,-65.856934,-19.714355
0.459106,-0.014282,-1.426636,-87.951653,-49.194332,-15.380858
0.458984,-0.046265,-1.413574,-80.566399,-31.616209,-11.291503
0.431396,-0.067139,-1.409790,-73.791504,-18.554688,-8.056641
0.358154,-0.101563,-1.408203,-64.514160,-17.150879,-8.117676
0.333862,-0.082764,-1.340576,-54.260250,-19.409180,-11.291503
0.367554,-0.050659,-1.290161,-43.457027,-21.667479,-13.488769
0.418579,-0.073364,-1.280884,-33.508301,-22.460936,-12.329101
0.426514,-0.041992,-1.258179,-25.939939,-19.897461,-10.253905
0.402222,-0.050049,-1.242798,-20.996092,-13.366698,-6.286621
0.387329,-0.042847,-1.235596,-15.869140,-8.972168,-2.929687
0.363159,-0.056519,-1.240601,-10.925292,-6.896972,-0.366211
0.340210,-0.045532,-1.183105,-6.652832,-4.272461,0.671387
0.349609,-0.047363,-1.126709,-3.173828,-1.953125,-0.061035
0.334106,-0.055908,-1.082275,-0.488281,-0.976562,-0.671387
0.349976,-0.050537,-1.059326,1.159668,0.122070,-2.014160
0.346924,-0.028931,-1.038086,2.258301,2.929687,-2.380371
0.350952,-0.019165,-1.030273,2.929687,5.371093,-2.075195
0.338745,-0.004883,-1.028687,3.479004,5.920410,-1.586914
0.323120,-0.010132,-1.027832,3.784179,5.798339,0.610352
0.302979,-0.009766,-0.993408,4.211426,6.958007,2.624511
0.306152,-0.006226,-0.954346,4.699707,7.202148,2.685547
0.316895,-0.013672,-0.942261,4.882813,7.873535,3.784179
0.319214,-0.019897,-0.936157,5.371093,7.263183,3.112793
0.316406,-0.020386,-0.919189,5.676269,7.080078,2.685547
0.291504,-0.016357,-0.900146,5.798339,6.042480,1.586914
0.304199,-0.005493,-0.912231,5.615234,3.784179,1.037598
0.310669,0.002075,-0.948120,5.371093,2.441406,1.770019
0.300293,-0.006958,-0.949707,5.615234,0.488281,2.258301
0.301514,-0.004639,-0.943848,5.310058,0.244141,2.136230
0.313843,-0.001465,-0.923462,4.577637,1.403808,2.441406
0.299316,-0.005859,-0.909180,3.051758,3.601074,2.624511
0.304932,-0.014526,-0.920044,1.892090,5.615234,3.112793
0.307129,-0.003784,-0.916382,1.403808,6.103515,3.112793
0.295654,-0.001099,-0.931030,1.953125,4.150391,2.685547
0.302368,0.003540,-0.931641,3.112793,0.183105,2.502441
0.296631,0.013306,-0.938965,3.845215,-2.319336,2.685547
0.303711,0.003296,-0.948120,4.577637,-4.638672,2.685547
0.305664,-0.001831,-0.948364,4.638672,-3.662109,3.112793
0.289429,-0.021118,-0.943237,3.662109,-1.831055,3.295898
0.296509,-0.032959,-0.932007,2.075195,1.342773,2.685547
0.291870,-0.041504,-0.924683,0.366211,3.601074,1.708984
0.307495,-0.033813,-0.940918,-0.549316,3.906250,1.037598
0.302490,-0.030151,-0.945435,0.183105,0.915527,0.793457
0.313232,-0.019165,-0.951904,1.281738,-3.845215,0.732422
0.314819,-0.015503,-0.951538,2.502441,-6.530761,1.586914
0.318237,-0.019531,-0.955444,2.502441,-6.774902,2.380371
0.295166,-0.025879,-0.951782,2.014160,-5.065917,2.929687
0.295288,-0.030151,-0.954224,1.281738,-3.051758,2.746582
0.308716,-0.033569,-0.969727,0.610352,-1.647949,1.525879
0.294067,-0.037354,-0.955933,0.549316,-1.586914,0.244141
0.325439,-0.025757,-0.965942,0.793457,-2.807617,-1.342773
0.315430,-0.017090,-0.971069,1.342773,-4.028320,-0.671387
0.329834,-0.001221,-0.968262,1.953125,-3.906250,-0.061035
0.327515,-0.003662,-0.966309,2.075195,-1.953125,0.915527
0.310303,-0.014404,-0.963989,1.708984,1.159668,1.403808
0.285034,-0.030762,-0.966187,0.976562,2.685547,1.525879
0.297485,-0.041748,-0.969727,1.159668,1.525879,0.610352
0.299561,-0.032104,-0.963623,1.464844,0.427246,-0.122070
0.308716,-0.030884,-0.957642,1.892090,-1.098633,-0.488281
0.328491,-0.023560,-0.951416,2.075195,-1.831055,-0.366211
0.321411,-0.015259,-0.953613,1.647949,-0.793457,0.305176
0.313110,-0.018066,-0.957642,1.770019,-0.366211,0.854492
0.296997,-0.015503,-0.961670,1.342773,0.610352,0.793457
0.295776,-0.026733,-0.964966,1.831055,-0.061035,0.366211
0.291626,-0.039185,-0.949707,2.014160,-1.037598,-0.183105
0.307861,-0.037231,-0.968628,2.624511,-2.441406,-0.549316
0.310913,-0.030273,-0.966919,2.990722,-3.479004,-0.183105
0.313477,-0.017090,-0.956177,2.380371,-3.845215,-0.366211
0.331787,-0.008301,-0.958374,1.831055,-0.793457,-0.061035
0.342041,-0.011963,-0.962402,1.403808,1.098633,0.732422
0.324097,-0.015015,-0.960327,0.976562,2.197266,1.342773
0.304077,-0.035034,-0.945435,1.464844,0.793457,2.258301
0.314819,-0.040161,-0.958374,2.258301,-1.831055,2.136230
0.319336,-0.031738,-0.974854,2.624511,-3.356933,2.380371
0.310791,-0.026855,-0.972168,2.685547,-3.295898,2.136230
0.309814,-0.022827,-0.965576,2.685547,-1.892090,0.915527
0.323364,-0.027100,-0.971069,2.197266,0.732422,-0.061035
0.318726,-0.022827,-0.957764,1.464844,3.479004,-0.610352
0.323608,-0.028198,-0.946167,1.037598,6.408691,-0.976562
0.318726,-0.036133,-0.957520,1.037598,7.263183,-0.366211
0.293213,-0.031006,-0.964844,1.586914,5.493164,0.244141
0.294189,-0.026978,-0.973267,2.014160,2.746582,0.366211
0.295410,-0.028076,-0.968750,2.563476,1.159668,0.549316
0.321045,-0.018066,-0.972656,2.929687,-0.061035,0.183105
0.330566,-0.017334,-0.973877,2.990722,0.000000,0.488281
0.342163,-0.018799,-0.960205,3.112793,2.014160,0.976562
0.340210,-0.032104,-0.962524,2.441406,3.967285,1.708984
0.330444,-0.030640,-0.953735,1.525879,6.713867,2.197266
0.324097,-0.027954,-0.968994,1.037598,9.521484,2.807617
0.314453,-0.024170,-0.982300,0.427246,11.840819,3.295898
0.296143,-0.030396,-0.977173,1.403808,11.657714,2.380371
0.321289,-0.021362,-0.974365,2.136230,11.108397,1.220703
0.345093,-0.032593,-0.979248,2.624511,11.230468,0.732422
0.345093,-0.036133,-0.955933,2.624511,12.207030,1.281738
0.358032,-0.041992,-0.955566,2.014160,15.380858,1.953125
0.372559,-0.046021,-0.961670,0.671387,19.409180,3.662109
0.376831,-0.032471,-0.956543,-1.586914,25.329588,4.882813
0.394409,-0.030884,-0.953979,-4.272461,33.508301,6.225585
0.403076,-0.022339,-0.980347,-6.591796,42.419430,8.239746
0.410400,-0.009521,-0.991821,-8.911133,53.405758,9.765625
0.417480,-0.007935,-0.997437,-11.413573,64.208984,10.864257
0.425903,-0.024292,-1.010376,-12.695312,76.354980,12.634276
0.476196,-0.025146,-1.007568,-14.709472,96.740715,16.662598
0.533569,-0.007446,-1.052734,-20.751951,133.117676,22.399900
0.577271,0.013428,-1.019043,-27.343748,173.889145,30.944822
0.628906,0.010010,-0.962402,-34.667969,212.829575,39.001465
0.646729,0.026123,-0.923462,-40.100098,248.352036,46.569820
0.657593,0.005859,-0.927002,-42.419430,280.761719,52.673336
0.633301,0.016235,-0.881470,-44.189449,305.236816,51.513668
0.695068,-0.007446,-0.843628,-42.724606,324.951141,51.147457
0.802368,-0.012451,-0.852783,-42.480465,373.596161,52.795406
0.871704,0.018433,-0.826294,-41.931149,430.114716,59.875484
0.859497,0.027710,-0.718872,-41.809078,490.539520,65.368652
0.879639,0.038574,-0.649292,-41.137691,550.720215,65.490723
0.884399,0.070435,-0.548828,-44.860836,623.107910,62.194820
0.815186,0.071045,-0.524414,-42.968746,691.833435,61.218258
0.532227,0.074951,-0.392822,-36.499023,739.440857,58.105465
0.532471,0.026611,-0.235229,-29.541014,787.048279,45.166012
0.525391,0.026489,-0.162598,-8.544922,815.978943,36.071777
0.485352,0.020630,-0.237671,9.765625,807.556091,36.560059
0.274536,0.043823,-0.090576,20.629881,802.795349,29.357908
0.162109,-0.074463,-0.107422,39.733887,732.971130,17.028809
-0.234009,0.258423,0.140747,45.288082,688.476501,5.615234
-0.220215,-0.054077,0.113770,58.410641,536.499023,-10.070800
-0.098022,0.104126,0.272095,67.443848,463.073700,-10.131835
-0.050293,0.082153,0.223267,81.787102,348.632782,-29.663084
-0.242432,0.075684,0.076050,92.895500,265.869141,-45.715328
-0.333618,0.078857,0.067749,105.834953,181.396469,-87.219231
-0.251099,0.135132,0.214966,112.670891,143.737793,-109.069817
-0.215820,0.236572,0.350342,119.567863,107.849113,-128.845215
-0.068115,0.298584,0.514160,128.295898,76.721191,-149.719238
0.239624,0.387573,0.613770,139.709473,41.687008,-165.588364
0.497437,0.510498,0.771118,156.616211,6.103515,-172.302231
0.862915,0.437012,0.872070,171.325668,-48.522945,-158.935547
0.873413,0.683594,1.043701,164.123520,-75.073242,-141.723633
1.199463,0.824707,1.172607,151.611328,-92.346184,-137.451172
1.402954,0.484863,0.924194,137.512207,-48.828121,-119.323723
1.032715,0.254150,0.481445,141.967773,54.870602,-113.830559
0.503784,0.148560,0.397949,158.996582,118.835442,-117.980949
0.416138,0.348999,0.332520,182.250961,89.599602,-119.201653
0.366211,0.507202,0.338623,198.486313,36.010742,-120.849602
0.333130,0.656250,0.335571,207.092270,-13.244628,-126.892082
0.484009,0.854980,0.651489,217.529282,-70.983887,-133.117676
0.776733,0.991211,0.577393,217.895493,-124.145500,-142.639160
0.844116,1.054688,0.823853,199.584946,-91.186516,-147.277832
0.908936,1.086548,1.028687,182.373032,-70.922852,-142.700195
1.084595,1.179688,1.213501,155.883789,-59.814449,-132.507324
1.318115,1.124878,1.187500,129.333496,-40.954586,-104.064934
1.185547,1.102417,1.279175,99.853508,13.061522,-83.679192
1.156250,1.044556,1.271484,75.866699,37.902832,-58.349606
1.045044,0.979126,1.232788,58.044430,53.649899,-33.386230
0.868164,0.922607,1.250366,42.297359,65.490723,-17.395020
0.746094,0.889648,1.279663,29.296873,54.260250,-8.117676
0.697510,0.875122,1.240479,17.211914,27.343748,0.732422
0.726440,0.847656,1.166504,6.652832,-3.173828,7.324218
0.785645,0.840698,1.088989,-1.037598,-24.963377,13.122558
0.832642,0.833374,1.009521,-5.859375,-35.278320,20.874022
0.828491,0.814209,0.982178,-10.986327,-34.301758,26.977537
0.776855,0.799805,0.971802,-15.869140,-31.433104,31.372068
0.754761,0.788208,0.968140,-20.996092,-26.367186,34.118652
0.776978,0.770874,0.899292,-24.780272,-22.521971,37.902832
0.729126,0.776001,0.912720,-28.564451,-7.324218,41.564938
0.718506,0.775513,0.901611,-31.799314,4.028320,44.189449
0.743530,0.808716,0.889160,-36.254883,13.732909,48.828121
0.689209,0.826904,0.949585,-40.893551,30.151365,51.818844
0.602783,0.851440,0.994629,-47.058102,40.344234,53.405758
0.632202,0.863647,0.992432,-56.335445,35.217285,55.603024
0.633057,0.887451,1.006348,-64.697266,29.113768,61.035152
0.641846,0.885376,1.048828,-72.387695,29.052732,64.270020
0.715820,0.914307,1.100708,-80.932610,20.324705,71.533203
0.794800,0.935913,1.082642,-91.918938,11.291503,82.336418
0.785522,0.919067,1.076538,-103.149406,12.817382,93.383781
0.747437,0.886108,1.051758,-114.929192,11.291503,101.501457
0.756592,0.859375,1.062500,-124.694817,5.676269,107.788078
0.839844,0.829590,1.010376,-132.385254,0.610352,111.572258
0.837646,0.840210,1.002563,-141.174316,6.774902,116.027824
0.828979,0.824097,0.966675,-150.512695,14.038085,123.107903
0.826538,0.778564,0.927246,-155.761719,13.305663,131.896973
0.819336,0.726318,0.938110,-160.705551,19.348145,138.854980
0.846924,0.677612,0.924805,-166.076645,23.010252,143.310547
0.890991,0.633179,0.916138,-172.119125,23.620604,146.972656
0.833374,0.592041,0.899536,-177.612289,28.198240,150.573730
0.858398,0.538940,0.881592,-182.678207,35.766602,150.146484
0.886475,0.492554,0.766724,-186.340317,25.329588,154.235840
0.781860,0.448608,0.632935,-187.438950,31.005857,158.569336
0.640381,0.372314,0.556396,-183.288559,45.349117,160.461426
0.519165,0.287109,0.473145,-177.612289,56.091305,160.583496
0.435669,0.241943,0.452271,-169.982895,62.255856,156.188965
0.343872,0.193970,0.543579,-163.513168,68.542480,150.085449
0.315186,0.125610,0.537109,-160.156250,64.697266,142.028809
0.305542,0.067261,0.528564,-158.203125,49.682613,133.605957
0.460571,0.059448,0.520996,-154.113770,32.043457,126.281731
0.577881,0.071533,0.397827,-148.864746,12.207030,122.497551
0.485962,0.061768,0.359009,-142.333984,20.690916,120.666496
0.340210,-0.016846,0.324585,-131.408691,43.579098,111.938469
0.208862,-0.068726,0.287598,-121.704094,47.729488,103.637688
0.072876,-0.102783,0.293701,-114.135735,41.198727,98.083488
0.037476,-0.146851,0.291992,-106.689445,28.381346,86.425774
0.120361,-0.184448,0.311279,-98.205559,13.183593,75.195313
0.220581,-0.235962,0.331909,-89.477531,1.037598,69.824219
0.337036,-0.243774,0.345459,-79.833984,-2.990722,65.185547
0.364746,-0.274902,0.344116,-70.861816,1.770019,59.326168
0.325684,-0.264648,0.363281,-61.401363,10.681151,53.039547
0.253784,-0.314697,0.354492,-53.527828,16.052246,47.668453
0.201782,-0.294556,0.363403,-43.457027,14.648437,42.419430
0.145264,-0.318970,0.360229,-33.935547,9.216309,38.635254
0.222778,-0.351074,0.392944,-26.916502,-3.540039,33.386230
0.307617,-0.332397,0.418823,-18.493652,-9.155273,27.770994
0.340454,-0.330444,0.528198,-11.657714,-1.647949,22.949217
0.352295,-0.327026,0.591431,-7.080078,-0.488281,20.324705
0.343628,-0.302856,0.637939,-4.516602,2.258301,18.249512
0.339355,-0.387695,0.624878,-1.220703,2.746582,13.916015
0.337158,-0.374268,0.604736,2.502441,2.929687,12.268065
0.311157,-0.378906,0.589111,5.615234,4.089355,7.873535
0.268311,-0.427002,0.619995,7.934570,4.943848,3.051758
0.313721,-0.398315,0.660278,12.145995,-0.244141,-0.610352
0.340576,-0.385254,0.711060,13.916015,-4.455566,-3.662109
0.358276,-0.367676,0.762939,14.709472,-5.798339,-5.676269
0.384155,-0.373047,0.782471,13.671874,-6.103515,-8.178711
0.419922,-0.375000,0.758789,12.573241,-8.239746,-9.948730
0.422729,-0.388794,0.746704,12.207030,-5.981445,-10.620116
0.408203,-0.396851,0.740356,12.573241,-2.014160,-12.207030
0.431152,-0.403809,0.763916,13.916015,-4.516602,-12.512206
0.448730,-0.410156,0.773926,15.136718,-8.422852,-11.291503
0.474976,-0.389038,0.810425,16.906738,-8.178711,-11.169433
0.499268,-0.368896,0.853516,16.357422,-10.437011,-9.399414
0.515625,-0.357056,0.864014,14.648437,-10.253905,-9.033203
0.504883,-0.359497,0.841675,11.718749,-8.056641,-9.216309
0.492920,-0.384766,0.820435,9.765625,-9.826660,-8.666992
0.477783,-0.404907,0.811035,8.483887,-10.681151,-9.033203
0.477661,-0.406372,0.818726,7.934570,-13.305663,-9.460449
0.515259,-0.415283,0.843750,8.789063,-14.038085,-9.643555
0.516968,-0.400635,0.854370,8.300781,-11.901855,-9.094238
0.527466,-0.385376,0.860107,7.812500,-11.291503,-8.605957
0.544922,-0.379028,0.858032,7.385253,-10.314940,-7.568359
0.536621,-0.367432,0.852295,6.469726,-7.690429,-6.591796
0.517578,-0.371826,0.841919,5.371093,-5.371093,-6.652832
0.495361,-0.380127,0.806152,4.760742,-2.563476,-6.713867
0.456787,-0.387207,0.800415,5.310058,0.000000,-6.591796
0.511597,-0.376587,0.820435,5.859375,-2.746582,-6.164550
0.531738,-0.374023,0.831177,6.042480,-3.479004,-5.981445
0.539795,-0.355469,0.867798,5.676269,-2.136230,-5.371093
0.534058,-0.339600,0.854004,5.432128,-2.685547,-5.187988
0.539917,-0.337036,0.846191,3.967285,-4.211426,-5.126953
0.534058,-0.354858,0.806396,2.746582,-7.019042,-4.028320
0.514893,-0.367432,0.790405,2.746582,-4.760742,-3.723144
0.502319,-0.380127,0.777588,3.051758,-3.906250,-3.234863
0.513062,-0.380371,0.789429,3.784179,-2.807617,-3.356933
0.504639,-0.369995,0.791504,4.455566,-2.624511,-3.417969
0.497803,-0.366821,0.800537,4.577637,-2.136230,-3.723144
0.512207,-0.358521,0.836426,4.516602,-3.356933,-4.333496
0.543945,-0.362793,0.813965,4.455566,-6.530761,-3.967285
0.513916,-0.353760,0.806396,4.516602,-2.624511,-3.112793
0.499146,-0.355957,0.789063,4.272461,-1.098633,-2.929687
0.485718,-0.358154,0.780640,4.760742,-0.854492,-2.990722
0.480835,-0.358032,0.801270,5.310058,1.586914,-4.333496
0.490967,-0.356079,0.827148,5.493164,0.549316,-4.272461
0.515137,-0.341187,0.854858,5.187988,-2.136230,-4.272461
0.530640,-0.334595,0.855835,3.906250,-3.662109,-4.272461
0.519043,-0.339966,0.843140,2.319336,-2.685547,-4.455566
0.531372,-0.345459,0.810669,1.342773,-3.662109,-4.333496
0.526245,-0.343140,0.790771,0.366211,-2.014160,-3.540039
0.499268,-0.344971,0.775635,0.549316,0.488281,-3.723144
0.501831,-0.338623,0.785889,1.281738,2.868652,-4.638672
0.502319,-0.339844,0.777954,1.647949,2.441406,-3.906250
0.509155,-0.327637,0.802490,1.708984,0.549316,-3.662109
0.515503,-0.327393,0.788818,1.464844,-3.173828,-3.784179
0.515015,-0.323853,0.782104,1.281738,-4.577637,-3.417969
0.516235,-0.325073,0.769287,1.525879,-5.554199,-3.112793
0.497925,-0.330933,0.755981,1.586914,-4.272461,-3.662109
0.482544,-0.333008,0.736938,2.380371,-1.647949,-5.249023
0.468018,-0.334473,0.745483,3.173828,-1.281738,-5.798339
0.479980,-0.322266,0.746338,4.028320,-4.577637,-6.042480
0.478516,-0.320801,0.743530,4.333496,-6.530761,-6.286621
0.479492,-0.321167,0.741455,4.760742,-7.568359,-7.019042
0.473022,-0.315430,0.705200,5.310058,-9.582520,-7.873535
0.464966,-0.316772,0.689331,6.225585,-7.507324,-8.544922
0.459351,-0.312134,0.687988,7.629394,-5.432128,-10.253905
0.421753,-0.298218,0.692261,8.972168,-4.028320,-11.352538
0.402954,-0.288940,0.686279,10.070800,-4.577637,-13.732909
0.391113,-0.276123,0.680420,10.742187,-10.070800,-16.235352
0.372803,-0.262573,0.648804,11.108397,-14.831542,-18.493652
0.352783,-0.259521,0.618164,11.413573,-17.028809,-21.545408
0.335449,-0.250732,0.584961,12.145995,-19.775391,-24.780272
0.291504,-0.223022,0.531494,13.427733,-20.263670,-28.564451
0.243042,-0.205566,0.492065,15.869140,-20.507811,-33.996582
0.216431,-0.167725,0.434814,18.859863,-23.193357,-41.015621
0.170044,-0.140259,0.396973,22.583006,-27.587889,-48.583981
0.159058,-0.104736,0.358398,26.733397,-31.921385,-57.617184
0.125000,-0.073975,0.279907,31.127928,-38.757324,-66.772461
0.095703,-0.064575,0.222412,36.010742,-42.480465,-77.087402
0.092651,-0.032959,0.169189,43.457027,-46.325680,-87.951653
0.059692,-0.025879,0.079468,51.513668,-49.133297,-101.318352
0.003418,-0.005615,0.005127,60.913082,-46.752926,-115.417473
-0.107788,-0.019043,-0.067993,72.509766,-50.842281,-132.629395
-0.138428,-0.026245,-0.093262,88.134758,-57.556149,-151.916504
-0.006348,-0.001465,-0.054077,107.543938,-68.298340,-170.593246
0.223999,0.123047,-0.004028,126.647942,-81.848137,-186.035141
0.447021,0.264282,0.074707,141.845703,-87.585442,-197.265610
0.760986,0.424683,0.240112,158.264160,-82.946770,-205.993637
0.896729,0.559082,0.271118,170.715317,-86.608879,-208.984360
0.808594,0.533691,0.315308,181.762680,-69.641113,-209.411606
0.807983,0.481079,0.439697,193.664536,-50.170895,-213.500961
0.844849,0.600220,0.648804,205.627426,-43.273922,-214.416489
0.914551,0.649048,0.640625,211.608871,-41.320797,-210.937485
1.039307,0.665894,0.747803,215.393051,-2.868652,-212.036118
1.174316,0.788208,0.948486,219.177231,23.193357,-204.772934
1.285645,0.903564,0.982300,219.787582,46.630856,-195.922836
1.247925,0.923584,0.940674,214.050278,64.270020,-182.678207
1.049561,0.945923,0.937500,208.068832,79.162598,-169.006332
0.903198,0.995361,0.870483,203.674301,67.260742,-157.714844
0.863037,0.994751,0.817505,193.786606,42.663570,-148.132324
0.734009,1.050781,0.796387,184.753403,31.738279,-138.183594
0.769653,1.094116,0.811523,174.621567,8.300781,-134.033203
0.692139,1.127563,1.027100,163.146957,-16.357422,-127.563469
0.685059,1.160034,1.214111,146.667480,-9.887695,-124.389641
0.874146,1.129517,1.219849,124.145500,-23.071287,-111.022942
0.914429,1.108276,1.278076,100.097649,-18.493652,-91.491692
0.887573,1.099121,1.272339,78.613281,-7.995605,-71.777344
0.882080,1.071411,1.278564,59.509274,-1.770019,-51.330563
0.893066,1.065063,1.339722,46.325680,-11.596679,-34.851074
0.823975,1.027832,1.389404,34.118652,-22.705076,-15.197753
0.890991,1.020752,1.352783,20.446775,-42.907711,-5.004883
0.964600,0.961060,1.275024,6.774902,-57.434078,-1.953125
0.992798,0.883911,1.160278,-5.737304,-61.340328,2.868652
1.039551,0.839722,1.060425,-14.831542,-57.739254,9.338379
1.021973,0.816772,0.955566,-22.155760,-44.616695,14.404296
0.943359,0.795532,0.932617,-32.836914,-1.708984,19.958496
0.894775,0.798462,0.919556,-36.010742,5.676269,21.301268
0.861938,0.807739,0.923828,-42.663570,16.662598,28.259275
0.855225,0.773682,0.930298,-47.790524,17.700195,39.855957
0.874512,0.794556,0.945679,-53.100582,17.700195,46.813961
0.895508,0.829346,0.921387,-62.133785,15.747069,55.786129
0.927368,0.830444,0.923584,-69.030762,12.878417,65.002441
0.936646,0.823730,0.905151,-74.890137,10.559081,74.768066
0.924316,0.851196,0.903320,-82.031242,12.695312,84.106438
0.842651,0.867798,0.898315,-90.515129,14.892577,92.773430
0.828369,0.868530,0.896362,-98.388664,7.812500,100.036613
0.844238,0.854126,0.910645,-106.140129,2.624511,108.215324
0.977905,0.872681,0.887451,-115.722649,-3.723144,117.126457
1.036987,0.876953,0.862671,-125.793449,-7.690429,127.807610
1.053955,0.849854,0.799194,-134.094238,-7.934570,138.732910
1.031860,0.795532,0.786499,-140.380859,1.708984,148.376465
1.002686,0.768555,0.765869,-145.324707,12.817382,155.395508
0.927124,0.740845,0.744385,-151.000977,26.428221,160.156250
0.893188,0.702881,0.741455,-155.273438,34.545898,166.015610
0.919312,0.673950,0.714600,-158.386230,32.104492,169.860825
0.894653,0.628052,0.675171,-161.376938,33.508301,173.645004
0.860107,0.557129,0.674316,-162.902817,35.949707,176.330551
0.869751,0.480103,0.628296,-162.536606,34.179688,177.612289
0.783691,0.443481,0.646973,-161.437973,45.776363,176.757797
0.758911,0.396118,0.609375,-161.010727,53.710934,174.743637
0.729492,0.403442,0.605103,-159.973145,60.363766,172.973618
0.593750,0.354980,0.560669,-160.095215,71.350098,169.738754
0.449219,0.280762,0.495972,-157.409668,78.979492,164.489731
0.366333,0.197510,0.410522,-151.428223,72.875977,158.935547
0.330078,0.131226,0.405762,-144.897461,59.143063,154.479980
0.384033,0.066284,0.395386,-136.352539,43.579098,148.925781
0.362671,0.011597,0.399780,-129.150391,37.170410,143.493652
0.359985,-0.022827,0.447266,-121.826164,38.330078,134.460449
0.365112,-0.042358,0.393433,-114.196770,32.043457,127.929680
0.302490,-0.071411,0.376953,-107.299797,36.315918,118.164055
0.265747,-0.118774,0.376709,-99.182121,36.010742,108.947746
0.251465,-0.146606,0.343628,-90.332024,32.104492,99.121086
0.170410,-0.177002,0.308105,-82.031242,33.203125,88.623039
0.120728,-0.220581,0.271362,-74.279785,33.447266,78.430176
0.134155,-0.240112,0.267334,-64.208984,29.052732,65.307617
0.194214,-0.279419,0.300049,-53.955074,26.062010,57.861324
0.260132,-0.244141,0.357666,-44.006344,24.780272,48.461910
0.259888,-0.277710,0.394287,-36.254883,27.770994,41.931149
0.249756,-0.278076,0.416260,-27.709959,28.625486,33.935547
0.220337,-0.264893,0.419312,-19.836426,25.634764,27.038572
0.202881,-0.311401,0.410278,-12.756347,20.751951,19.470215
0.220215,-0.300659,0.403687,-4.943848,15.258788,12.878417
0.271973,-0.296021,0.435303,1.159668,9.277344,8.483887
0.369751,-0.310303,0.484985,6.896972,3.051758,3.967285
0.469727,-0.285767,0.566406,11.596679,1.342773,-1.159668
0.510864,-0.269165,0.663818,14.953612,5.493164,-2.807617
0.530396,-0.246460,0.714966,16.540527,8.789063,-3.356933
0.524414,-0.240479,0.759766,15.869140,11.840819,-5.065917
0.497925,-0.238647,0.736572,14.099120,13.000487,-6.347656
0.453491,-0.274536,0.706055,13.122558,11.474608,-5.615234
0.410645,-0.292236,0.684204,13.305663,6.408691,-3.723144
0.427734,-0.306519,0.697144,13.793944,-3.112793,-4.455566
0.512451,-0.313721,0.732788,15.075683,-11.718749,-7.080078
0.539673,-0.310791,0.785645,15.808105,-10.131835,-7.629394
0.565918,-0.290527,0.839722,15.686034,-6.591796,-8.544922
0.565796,-0.280151,0.859863,14.465331,-4.333496,-8.178711
0.547607,-0.278442,0.889160,12.817382,-1.342773,-6.652832
0.535645,-0.276733,0.872314,9.399414,0.366211,-7.385253
0.519653,-0.296997,0.839355,6.774902,-0.122070,-8.056641
0.501343,-0.327026,0.801025,4.699707,-4.089355,-7.507324
0.497437,-0.346558,0.759277,4.699707,-7.812500,-7.995605
0.531616,-0.343994,0.781982,7.141113,-8.422852,-8.483887
0.573853,-0.327148,0.821289,8.117676,-10.070800,-8.422852
0.582886,-0.310669,0.852539,8.483887,-5.737304,-5.554199
0.597168,-0.289063,0.870117,7.568359,-3.906250,-5.126953
0.585938,-0.291260,0.856812,5.798339,-3.845215,-3.784179
0.555786,-0.304077,0.853760,4.455566,-3.906250,-2.441406
0.556152,-0.309937,0.835205,3.601074,-3.784179,-2.075195
0.537109,-0.319824,0.816406,3.112793,-2.929687,-1.831055
0.539185,-0.321899,0.812012,3.173828,-3.051758,-2.014160
0.532471,-0.324341,0.821167,3.540039,-3.479004,-2.319336
0.543823,-0.330811,0.812012,3.784179,-3.967285,-2.990722
0.528931,-0.317383,0.816895,4.333496,-2.807617,-3.234863
0.554810,-0.293701,0.840210,4.089355,-2.685547,-3.540039
0.559448,-0.292725,0.817749,3.234863,-1.770019,-2.563476
0.549927,-0.294678,0.809448,2.563476,0.122070,-2.502441
0.537720,-0.291748,0.807373,2.014160,1.220703,-2.441406
0.533936,-0.304199,0.790527,1.586914,0.427246,-2.502441
0.524170,-0.312012,0.802246,2.197266,-1.464844,-2.014160
0.531616,-0.303467,0.793823,2.380371,-4.272461,-2.563476
0.534912,-0.297607,0.792358,2.929687,-4.821777,-2.868652
0.543213,-0.293701,0.803467,3.051758,-4.760742,-3.112793
0.563110,-0.285400,0.814453,2.685547,-6.164550,-3.234863
0.588013,-0.289429,0.808472,2.441406,-6.225585,-2.319336
0.580444,-0.285522,0.798218,2.075195,-2.380371,-2.075195
0.567261,-0.293213,0.796631,1.831055,0.915527,-1.708984
0.549805,-0.305908,0.780762,2.197266,2.380371,-1.098633
0.539551,-0.302734,0.799194,2.807617,2.685547,-0.732422
0.514648,-0.300537,0.795044,3.479004,1.586914,-0.854492
