0.559082,-0.434448,0.710693,0.000000,0.000000,0.000000
0.554199,-0.443359,0.715942,0.000000,0.000000,0.000000
0.564331,-0.432129,0.723633,0.000000,0.000000,0.000000
0.570923,-0.437500,0.711548,0.000000,0.000000,0.000000
0.561768,-0.450317,0.703003,-1.281738,-3.723144,-0.183105
0.566528,-0.443237,0.691650,0.427246,-2.136230,-0.183105
0.565308,-0.450562,0.689941,1.770019,-0.061035,-0.671387
0.570923,-0.453491,0.690918,2.563476,0.915527,-0.671387
0.566528,-0.445679,0.703613,3.356933,1.342773,-0.793457
0.560913,-0.438477,0.727661,3.845215,1.281738,-1.159668
0.562622,-0.430298,0.734375,3.784179,-0.427246,-1.220703
0.578369,-0.440430,0.728760,3.234863,-2.197266,-0.976562
0.586182,-0.437378,0.734619,2.929687,-2.014160,-1.037598
0.587036,-0.437622,0.730957,2.685547,-0.061035,-1.342773
0.583130,-0.435303,0.734009,1.892090,2.197266,-1.525879
0.570313,-0.430542,0.731445,1.342773,4.089355,-1.892090
0.572998,-0.436157,0.715820,0.610352,4.760742,-1.953125
0.564209,-0.438721,0.705444,0.488281,5.310058,-1.708984
0.572998,-0.417847,0.714111,0.366211,4.516602,-1.708984
0.571289,-0.418457,0.714722,0.122070,2.136230,-1.281738
0.580200,-0.415283,0.718750,0.183105,0.183105,-0.610352
0.583008,-0.413574,0.729126,-0.244141,0.000000,-0.244141
0.574463,-0.412720,0.741821,-0.366211,-0.183105,-0.061035
0.567749,-0.419067,0.727173,-1.037598,-1.037598,-0.061035
0.575806,-0.427246,0.712402,-1.342773,-1.342773,0.061035
0.565063,-0.428223,0.702515,-1.708984,-0.610352,-0.061035
0.561890,-0.429810,0.697754,-1.586914,-0.427246,-0.854492
0.549561,-0.438354,0.687256,-1.342773,0.000000,-1.037598
0.560181,-0.437378,0.684204,-0.244141,-0.122070,-1.098633
0.558350,-0.433228,0.692139,0.366211,0.305176,-1.220703
0.551880,-0.425903,0.687012,1.098633,1.037598,-1.770019
0.542114,-0.429443,0.694336,2.258301,1.708984,-2.746582
0.558838,-0.418213,0.715576,2.685547,1.647949,-3.051758
0.577271,-0.409790,0.723267,2.929687,1.403808,-2.746582
0.581665,-0.406372,0.720947,2.685547,0.976562,-2.685547
0.574585,-0.405518,0.725952,1.770019,2.258301,-3.112793
0.572388,-0.411987,0.713257,1.220703,2.807617,-3.051758
0.573242,-0.419312,0.716675,0.915527,3.295898,-2.624511
0.562988,-0.423828,0.719116,1.037598,2.319336,-2.197266
0.560303,-0.428955,0.725830,1.159668,-0.122070,-2.075195
0.558472,-0.428955,0.723877,1.281738,-3.051758,-1.831055
0.576172,-0.428345,0.714111,1.098633,-4.577637,-1.159668
0.592407,-0.421265,0.733276,1.098633,-3.906250,-0.366211
0.611084,-0.409668,0.775757,0.183105,-5.310058,0.122070
0.601074,-0.403564,0.820190,-1.159668,-9.704590,0.488281
0.625244,-0.392700,0.854980,-3.112793,-16.540527,1.220703
0.595459,-0.380981,0.884521,-4.882813,-24.963377,2.502441
0.507446,-0.375000,0.777832,-4.516602,-37.902832,1.464844
0.477173,-0.464478,0.493042,0.244141,-48.767086,0.610352
0.682617,-0.576660,0.293091,5.310058,-52.795406,7.629394
0.627441,-0.557617,0.344971,14.099120,-62.011715,12.878417
0.503052,-0.454224,0.582886,18.310547,-71.655273,10.009766
0.637573,-0.406616,0.450928,18.676758,-83.374016,3.845215
-0.088135,-1.346069,-2.704346,44.494625,-74.584961,-3.967285
1.306152,-0.222656,2.529907,42.480465,96.374504,-26.123045
1.141968,0.280396,1.428101,49.255367,4.333496,53.466793
-0.521240,-0.028931,2.051270,7.629394,-278.686523,-15.930175
0.616455,-0.044922,1.207520,-13.488769,-259.582520,-48.461910
0.358887,-0.470581,0.749634,-22.460936,-294.799805,-14.282226
0.928955,-0.573853,0.294556,-25.329588,-208.679184,-16.601563
0.894287,-0.626831,0.417725,-24.963377,-168.945297,10.986327
0.965576,-0.481323,0.417114,-23.864744,-123.229973,6.103515
1.023071,-0.399170,0.399292,-17.395020,-79.467773,4.821777
0.929321,-0.363770,0.447144,-14.709472,-25.329588,-3.662109
0.819458,-0.356079,0.506958,-12.207030,27.587889,-14.221190
0.753662,-0.378540,0.525635,-9.460449,64.941406,-22.277830
0.744385,-0.403809,0.516235,-5.310058,75.805664,-24.291990
0.751343,-0.419922,0.505127,-2.014160,68.237305,-21.728514
0.725708,-0.429810,0.478027,1.098633,56.030270,-16.418457
0.716187,-0.424316,0.488525,4.150391,40.832516,-12.390136
0.734741,-0.401489,0.518311,6.896972,32.409668,-12.329101
0.745850,-0.374023,0.555176,8.178711,30.700682,-13.244628
0.747437,-0.366089,0.582275,7.629394,33.691406,-14.099120
0.748047,-0.390747,0.537720,7.385253,40.161129,-15.319823
0.748779,-0.407837,0.517822,7.995605,49.011227,-14.587401
0.771240,-0.407227,0.539429,7.751464,55.908199,-16.113281
0.752563,-0.380981,0.591431,7.080078,60.729977,-16.662598
0.720825,-0.363892,0.588501,5.798339,58.837887,-15.197753
0.737427,-0.352295,0.621460,5.432128,46.752926,-14.221190
0.725098,-0.349731,0.616943,5.065917,28.320311,-13.793944
0.710938,-0.363647,0.607666,6.347656,11.596679,-11.535644
0.708252,-0.395508,0.571167,7.263183,-0.488281,-8.728027
0.717285,-0.407715,0.553101,8.605957,-9.399414,-6.835937
0.743652,-0.388550,0.593994,9.399414,-14.587401,-5.432128
0.719360,-0.365601,0.624023,9.277344,-17.761230,-4.943848
0.662231,-0.369263,0.642456,7.690429,-25.573729,-5.920410
0.617798,-0.382202,0.631226,5.981445,-38.452148,-7.934570
0.605225,-0.393188,0.588135,3.784179,-62.133785,-10.742187
0.614258,-0.410156,0.580933,3.417969,-88.012688,-12.878417
0.614746,-0.396484,0.577148,3.173828,-111.877434,-14.892577
0.624390,-0.384888,0.563354,2.746582,-133.911133,-15.747069
0.652710,-0.372437,0.539917,2.075195,-149.475098,-16.357422
0.689575,-0.377930,0.500854,0.488281,-164.550766,-16.418457
0.745361,-0.367432,0.462891,-0.915527,-168.334946,-17.822266
0.771729,-0.361206,0.446289,-1.525879,-164.672836,-17.333984
0.832031,-0.350586,0.421875,-1.647949,-155.883789,-18.005371
0.871948,-0.341431,0.399902,-1.708984,-147.827148,-18.676758
0.908813,-0.331909,0.377808,-2.868652,-137.390137,-20.446775
0.899292,-0.307251,0.371216,-5.249023,-126.953117,-22.338865
0.912720,-0.309814,0.363525,-6.835937,-116.333000,-22.338865
0.908813,-0.294312,0.324341,-7.141113,-108.520500,-22.338865
0.952637,-0.304810,0.309204,-6.530761,-98.510735,-21.179197
0.944946,-0.299438,0.321411,-5.371093,-85.266106,-19.958496
0.913452,-0.306396,0.326782,-5.249023,-86.914055,-17.639160
0.891113,-0.311646,0.344360,-5.493164,-95.214836,-19.165039
0.863525,-0.314087,0.323975,-6.286621,-103.637688,-20.751951
0.893311,-0.301636,0.308105,-7.080078,-106.933586,-19.470215
0.926147,-0.312012,0.272583,-8.728027,-111.938469,-20.202635
0.902222,-0.308594,0.239502,-9.033203,-116.149895,-17.089844
0.932495,-0.279175,0.183838,-8.728027,-123.413078,-17.333984
0.918213,-0.311035,0.146729,-7.934570,-132.324219,-20.324705
0.917114,-0.307739,0.124878,-7.019042,-146.728516,-21.667479
0.884521,-0.303345,0.124268,-6.408691,-163.513168,-24.353025
0.829590,-0.286621,0.159302,-7.080078,-183.410629,-26.611326
0.691284,-0.245728,0.125122,-8.422852,-214.782700,-31.921385
0.849365,-0.256714,0.093140,-9.033203,-249.145493,-40.405270
0.922974,-0.252197,-0.000732,-8.483887,-278.015137,-26.489256
0.902222,-0.287720,-0.110962,-6.530761,-303.955078,-23.986814
0.807739,-0.274780,-0.160522,-4.821777,-322.814911,-23.132322
0.722656,-0.257324,-0.244629,-1.586914,-343.566864,-27.160643
0.857056,-0.306885,-0.300903,1.831055,-359.497040,-30.029295
0.832275,-0.294922,-0.310913,3.479004,-366.516083,-22.949217
0.876221,-0.302368,-0.367676,3.967285,-359.680145,-21.423338
0.897339,-0.248535,-0.464478,3.295898,-335.571259,-14.648437
0.959717,-0.277222,-0.520386,-0.427246,-299.316406,-18.981934
1.005249,-0.260620,-0.569702,-3.967285,-255.554184,-18.432617
1.010986,-0.247681,-0.617432,-10.925292,-209.411606,-13.366698
0.958740,-0.241821,-0.628784,-17.150879,-159.240723,-13.366698
0.830322,-0.218140,-0.667969,-19.958496,-123.596184,-9.460449
0.738770,-0.253540,-0.644287,-21.789549,-105.529778,-19.531250
0.711304,-0.209351,-0.646973,-21.789549,-98.266594,-18.798828
0.767578,-0.202759,-0.630371,-20.324705,-93.261711,-20.812986
0.859009,-0.187500,-0.671143,-17.944336,-91.308586,-17.089844
0.812988,-0.168335,-0.649414,-17.272949,-81.237785,-9.643555
0.805542,-0.169678,-0.669922,-16.235352,-72.937012,-8.605957
0.805542,-0.182251,-0.715698,-14.587401,-70.007324,-12.695312
0.766357,-0.162964,-0.731934,-12.451171,-68.054199,-7.202148
0.759033,-0.189331,-0.733643,-10.437011,-64.636230,-8.300781
0.764771,-0.192261,-0.718506,-9.033203,-62.988277,-9.338379
0.753052,-0.175171,-0.742676,-8.056641,-59.875484,-10.620116
0.737793,-0.190186,-0.732666,-6.591796,-54.260250,-5.187988
0.769409,-0.200195,-0.715088,-5.859375,-50.109859,-5.981445
0.769287,-0.190796,-0.714355,-6.042480,-46.691891,-10.437011
0.770874,-0.206543,-0.712036,-6.652832,-40.771481,-3.906250
0.749390,-0.199951,-0.692505,-7.507324,-32.897949,-3.540039
0.750854,-0.194946,-0.690063,-8.605957,-26.489256,-3.662109
0.735962,-0.197388,-0.695679,-9.582520,-19.775391,-3.601074
0.843628,-0.171509,-0.726563,-9.582520,-19.653320,-4.394531
0.715698,-0.195190,-0.737793,-8.239746,-26.855467,-7.263183
0.711548,-0.186279,-0.724854,-7.446289,-29.479979,-2.990722
0.799805,-0.210815,-0.746460,-6.652832,-33.264160,-1.770019
0.733276,-0.169312,-0.735107,-6.530761,-32.958984,-5.004883
0.737793,-0.178955,-0.739990,-7.629394,-25.695799,0.915527
0.711426,-0.183472,-0.733276,-8.666992,-18.432617,-0.366211
0.689941,-0.178833,-0.738770,-9.826660,-12.939452,-0.427246
0.679199,-0.192505,-0.771240,-9.338379,-11.169433,-1.342773
0.678955,-0.185791,-0.799072,-8.239746,-11.718749,-1.586914
0.673218,-0.178833,-0.811646,-5.920410,-13.183593,-2.014160
0.649292,-0.168091,-0.798340,-3.845215,-15.869140,-1.770019
0.662598,-0.176147,-0.750854,-1.770019,-18.920898,-1.342773
0.672119,-0.169434,-0.729614,-1.098633,-18.493652,-1.525879
0.699829,-0.163208,-0.724976,-1.098633,-16.845703,-1.525879
0.716431,-0.143066,-0.739380,-2.197266,-12.451171,-2.990722
0.711914,-0.173462,-0.760620,-3.967285,-3.417969,-0.549316
0.691528,-0.179932,-0.769653,-5.798339,4.638672,-1.159668
0.668701,-0.187744,-0.767578,-6.103515,9.582520,-0.976562
0.649414,-0.178833,-0.762451,-5.554199,9.704590,-0.671387
0.624146,-0.179810,-0.767700,-4.211426,4.943848,-0.488281
0.643188,-0.172974,-0.755493,-2.563476,-2.441406,-0.061035
0.654053,-0.177368,-0.747437,-0.610352,-8.728027,0.915527
0.675659,-0.182861,-0.737915,-0.854492,-9.216309,1.037598
0.697876,-0.176636,-0.757080,-1.708984,-4.577637,1.281738
0.688965,-0.190674,-0.776001,-3.295898,3.356933,0.671387
0.675781,-0.197632,-0.769409,-3.906250,9.399414,0.122070
0.651123,-0.197998,-0.762451,-3.417969,10.314940,-0.061035
0.657837,-0.192017,-0.765259,-2.319336,6.408691,0.244141
0.656250,-0.185547,-0.758179,-0.549316,0.305176,1.342773
0.660034,-0.183594,-0.760376,1.525879,-6.530761,1.953125
0.684692,-0.178101,-0.779419,2.746582,-9.765625,3.051758
0.716797,-0.195679,-0.804199,3.112793,-7.385253,3.662109
0.704102,-0.206299,-0.825195,3.479004,-2.502441,4.394531
0.723022,-0.214600,-0.848511,3.173828,3.784179,4.089355
0.687378,-0.222168,-0.820801,3.906250,7.690429,4.943848
0.658081,-0.214355,-0.804565,4.943848,7.934570,5.126953
0.673462,-0.216553,-0.794434,6.591796,4.821777,6.042480
0.710327,-0.224731,-0.844238,8.300781,3.173828,7.080078
0.733765,-0.241089,-0.898071,9.338379,3.356933,8.972168
0.733521,-0.256226,-0.909912,12.145995,6.652832,10.742187
0.750000,-0.268677,-0.926514,15.014647,10.925292,12.695312
0.723145,-0.279175,-0.894775,19.165039,13.305663,14.343261
0.668457,-0.248169,-0.813110,22.216795,11.901855,15.502929
0.642822,-0.204468,-0.717651,25.573729,3.051758,16.540527
0.707886,-0.147583,-0.661133,28.930662,-10.314940,18.310547
0.716187,-0.104858,-0.616943,30.517576,-20.507811,23.193357
0.739380,-0.019043,-0.442993,31.738279,-28.442381,24.291990
0.487427,-0.014160,-0.351807,27.954100,-39.306641,22.216795
0.369141,-0.050781,-0.224976,27.893064,-67.443848,14.953612
0.380249,-0.164307,-0.320435,26.245115,-102.233879,6.591796
0.660400,-0.277466,-0.838745,34.240723,-132.751465,7.202148
0.871948,-0.460205,-1.393555,48.217770,-118.041985,22.216795
1.460571,-0.580933,-1.919922,57.800289,-74.462891,41.625973
1.738403,-0.414307,-2.017822,75.805664,-6.286621,79.772949
1.155396,-0.410645,-1.828125,87.951653,18.554688,118.408195
0.855835,-0.219238,-1.347412,98.937981,10.559081,111.633293
0.527222,-0.137451,-0.847290,108.703606,-27.404783,112.243645
0.847046,-0.359985,-0.795288,111.267082,-22.644041,94.421379
0.866943,-0.528442,-0.621338,119.018547,-17.578125,118.957512
0.836914,-0.296021,-0.541992,110.351555,-0.915527,124.023430
0.537109,-0.083496,-0.548340,95.520012,40.222164,137.390137
0.075684,0.029053,-0.400024,81.420891,80.749504,121.276848
-0.161377,0.002441,-0.399536,67.565918,106.506340,85.449211
-0.298218,-0.231812,-0.321655,55.297848,137.023926,40.771481
-0.248901,-0.409790,-0.177002,44.921871,113.403313,10.375976
-0.198364,-0.528076,-0.168213,42.297359,74.707031,-6.530761
0.213867,-0.526978,-0.194946,38.146973,31.738279,-19.409180
0.396973,-0.434204,-0.255859,34.790039,18.005371,-19.104004
0.559204,-0.333374,-0.341797,29.541014,3.723144,-17.028809
0.703125,-0.289063,-0.399536,23.559568,0.061035,-14.892577
0.718384,-0.299927,-0.440308,12.817382,12.390136,-11.352538
0.647339,-0.339722,-0.495483,2.136230,26.245115,-8.666992
0.597046,-0.354614,-0.539307,-4.394531,35.766602,-7.080078
0.534180,-0.451050,-0.597046,-7.507324,37.536621,-3.479004
0.489746,-0.497681,-0.641602,-7.629394,37.048340,-2.990722
0.468262,-0.484375,-0.670898,-6.652832,32.043457,-2.868652
0.467285,-0.505127,-0.709106,-4.882813,25.024412,-3.784179
0.441528,-0.523682,-0.729858,-2.197266,21.118162,-5.798339
0.507813,-0.583618,-0.705200,-0.549316,22.399900,-9.582520
0.490234,-0.613159,-0.618286,0.671387,23.132322,-15.197753
0.536133,-0.636230,-0.531860,-0.488281,19.287109,-18.737793
0.547729,-0.610596,-0.443359,-1.953125,18.493652,-19.042969
0.568115,-0.608887,-0.409546,-7.568359,18.920898,-17.639160
0.549561,-0.575684,-0.437622,-12.634276,14.587401,-18.554688
0.547974,-0.554077,-0.439453,-18.676758,10.620116,-18.981934
0.556030,-0.536011,-0.468994,-23.315428,8.666992,-20.690916
0.486084,-0.462158,-0.488403,-26.123045,8.483887,-21.789549
0.625977,-0.503174,-0.512817,-27.221678,12.084960,-16.845703
0.548340,-0.484009,-0.494629,-29.663084,10.559081,-23.925779
0.519287,-0.445435,-0.445068,-33.935547,8.422852,-31.127928
0.583984,-0.398438,-0.407959,-37.414551,8.911133,-33.142090
0.644287,-0.373047,-0.448608,-40.771481,13.916015,-32.592773
0.672363,-0.374023,-0.500366,-44.799801,17.150879,-29.907225
0.661987,-0.380005,-0.576904,-45.593258,15.075683,-30.517576
0.665527,-0.381592,-0.649902,-44.860836,8.605957,-29.479979
0.660400,-0.381470,-0.698730,-43.029781,3.906250,-28.686522
0.656494,-0.373169,-0.694580,-41.564938,1.159668,-27.709959
0.679932,-0.356934,-0.665283,-40.527340,3.906250,-26.428221
0.662476,-0.329102,-0.682617,-40.893551,12.268065,-23.010252
0.656250,-0.349609,-0.668335,-41.442867,17.639160,-25.939939
0.640015,-0.335815,-0.657837,-41.748043,22.033689,-24.841307
0.646362,-0.339355,-0.684814,-40.344234,21.118162,-26.184080
0.664551,-0.340698,-0.690552,-38.879395,18.188477,-26.184080
0.700195,-0.338379,-0.706787,-37.414551,16.540527,-26.123045
0.729004,-0.311768,-0.704468,-36.010742,19.348145,-25.878904
0.839722,-0.420288,-0.678833,-34.362793,22.827147,-25.024412
0.732910,-0.305664,-0.652588,-33.020020,26.916502,-23.071287
0.718872,-0.306152,-0.652954,-31.860350,19.714355,-23.742674
0.696899,-0.316895,-0.667236,-30.639647,13.854980,-24.841307
0.691650,-0.320190,-0.676392,-28.991697,7.019042,-24.780272
0.682617,-0.317261,-0.658569,-27.404783,0.976562,-24.658201
0.705688,-0.306885,-0.640381,-25.329588,-5.371093,-24.658201
0.744873,-0.297974,-0.641602,-24.475096,-7.873535,-24.230955
0.768555,-0.285034,-0.638306,-24.597166,-7.385253,-23.925779
0.789917,-0.279907,-0.651489,-25.146482,-4.882813,-23.193357
0.786865,-0.269287,-0.670044,-25.512693,-1.953125,-22.766111
0.754150,-0.271484,-0.705566,-25.512693,0.549316,-22.949217
0.755249,-0.273438,-0.740845,-24.047850,-0.122070,-22.583006
0.761475,-0.264282,-0.736694,-21.667479,-4.211426,-21.301268
0.749023,-0.256714,-0.723145,-19.348145,-5.920410,-20.324705
0.741211,-0.246460,-0.706421,-18.432617,-6.896972,-18.554688
0.756104,-0.240723,-0.688721,-16.845703,-7.385253,-17.272949
0.774902,-0.234131,-0.678711,-15.991210,-6.042480,-16.052246
0.776733,-0.240479,-0.675171,-15.624999,-3.967285,-14.221190
0.766602,-0.239258,-0.672729,-15.808105,-2.075195,-13.610839
0.755127,-0.229858,-0.666016,-15.502929,-0.427246,-13.732909
0.724243,-0.227417,-0.667725,-14.465331,-1.281738,-13.244628
0.732910,-0.220337,-0.680908,-14.160155,-4.577637,-12.939452
0.740967,-0.227417,-0.705078,-13.854980,-6.713867,-12.023925
0.737183,-0.231934,-0.705078,-13.061522,-8.178711,-11.230468
0.733643,-0.229126,-0.708984,-11.718749,-10.437011,-10.742187
0.738403,-0.220703,-0.691284,-11.047362,-10.986327,-10.620116
0.757324,-0.211670,-0.693481,-10.681151,-10.437011,-9.826660
0.732788,-0.213257,-0.688110,-10.681151,-7.873535,-9.094238
0.724976,-0.208252,-0.689209,-10.864257,-6.347656,-8.666992
0.721802,-0.217041,-0.677002,-10.986327,-6.286621,-8.361816
0.730347,-0.212769,-0.681763,-10.925292,-5.249023,-8.117676
0.728149,-0.205566,-0.704590,-10.925292,-6.103515,-7.934570
0.739380,-0.206665,-0.729004,-10.070800,-7.568359,-7.446289
0.747559,-0.198730,-0.727295,-8.972168,-8.605957,-6.835937
0.742798,-0.208008,-0.728271,-7.629394,-8.483887,-6.713867
0.719238,-0.209839,-0.742432,-5.859375,-9.094238,-6.530761
0.733521,-0.216309,-0.749512,-4.516602,-10.131835,-6.225585
0.759766,-0.225342,-0.751343,-3.479004,-11.352538,-4.943848
0.775146,-0.195435,-0.768677,-3.295898,-7.873535,-3.723144
0.786011,-0.231201,-0.772461,-3.051758,-5.493164,-3.417969
0.778564,-0.232788,-0.761597,-2.807617,-1.403808,-2.258301
0.773438,-0.290771,-0.748413,-3.356933,5.065917,-1.647949
0.738892,-0.253174,-0.772339,-4.211426,15.808105,-0.915527
0.772217,-0.318604,-0.779541,-3.906250,15.258788,-1.037598
0.777832,-0.282715,-0.839722,-4.760742,30.029295,0.549316
0.831787,-0.276001,-0.870972,-3.417969,28.076170,-0.061035
0.852417,-0.310913,-0.830566,-1.037598,37.658691,1.037598
0.886353,-0.271851,-0.791260,-0.915527,41.625973,0.427246
0.853760,-0.307007,-0.748169,-3.723144,56.335445,0.488281
0.875244,-0.277344,-0.691162,-5.187988,60.180660,0.732422
0.795654,-0.300049,-0.674072,-3.540039,47.546383,-1.586914
0.788696,-0.269531,-0.611084,3.112793,17.028809,-2.014160
0.861938,-0.209351,-0.599854,9.338379,0.244141,1.220703
0.838013,-0.203613,-0.606445,15.380858,-22.460936,2.624511
0.874023,-0.138184,-0.614624,18.371582,-34.545898,6.164550
0.884277,-0.131836,-0.631592,27.648924,-49.438473,12.390136
0.852661,-0.065796,-0.593750,36.132813,-69.702148,17.700195
0.705078,-0.028076,-0.478149,47.485348,-103.393547,18.371582
0.523560,-0.059204,-0.369141,61.645504,-177.368149,15.808105
0.359985,-0.083008,-0.436768,70.678711,-235.107407,16.418457
0.203003,-0.213989,-0.758545,68.664551,-255.249008,9.582520
0.523071,-0.435547,-1.544556,84.960930,-240.783676,4.150391
1.058838,-0.479858,-1.902100,111.389153,-202.758774,11.291503
1.593506,-0.372070,-2.078369,122.802727,-123.779289,30.395506
1.770996,-0.244019,-1.912720,128.112793,-29.479979,63.293453
1.425293,-0.181641,-1.518921,124.389641,48.156734,96.191399
0.893066,-0.212769,-1.154541,124.145500,87.463371,114.196770
0.620361,-0.263306,-0.877930,130.065918,74.584961,121.337883
0.514893,-0.340820,-0.617798,135.498047,36.682129,123.352043
0.477417,-0.364746,-0.479736,136.413574,3.723144,123.046867
0.454224,-0.347168,-0.421021,134.338379,-15.747069,117.736809
0.523438,-0.358032,-0.410645,128.234863,-27.343748,112.060539
0.484497,-0.346436,-0.428833,118.164055,-19.226074,102.233879
0.546265,-0.353149,-0.432007,107.238762,-0.305176,94.909660
0.536987,-0.309448,-0.400635,94.360344,28.991697,89.660637
0.342529,-0.237671,-0.379883,80.932610,57.861324,80.261230
0.189941,-0.190918,-0.308716,69.213867,75.195313,67.687988
0.073853,-0.210083,-0.268311,59.936520,78.308105,53.344723
0.085815,-0.259399,-0.222046,53.161617,67.016602,40.161129
0.125610,-0.309692,-0.183105,46.325680,51.330563,30.151365
0.158203,-0.344482,-0.161011,37.475586,37.231445,20.324705
0.228638,-0.385132,-0.147583,28.991697,26.184080,12.268065
0.263672,-0.415649,-0.128418,20.141600,19.653320,5.798339
0.305542,-0.433716,-0.117432,8.850098,18.615723,-0.549316
0.331543,-0.446045,-0.160156,-2.258301,21.667479,-5.187988
0.364136,-0.435425,-0.242432,-11.962890,24.719236,-7.812500
0.346069,-0.439819,-0.302246,-21.179197,31.005857,-9.582520
0.338013,-0.463745,-0.335083,-30.212400,37.658691,-14.282226
0.313721,-0.477905,-0.400024,-37.536621,41.076656,-20.263670
0.504150,-0.563599,-0.424072,-42.968746,44.982906,-23.742674
0.352783,-0.560913,-0.493774,-46.264645,47.119137,-24.169920
0.416138,-0.533081,-0.535400,-48.156734,38.635254,-27.832029
0.404297,-0.548462,-0.603882,-47.485348,33.569336,-31.799314
0.414063,-0.515381,-0.633911,-46.569820,23.437498,-28.930662
0.541138,-0.562256,-0.770996,-45.288082,20.935057,-33.203125
0.657349,-0.548950,-0.871216,-43.029781,18.920898,-27.465818
0.718384,-0.582397,-0.880127,-40.771481,38.208008,-28.015135
0.574463,-0.684692,-0.828369,-37.292480,63.415524,-22.094725
0.478516,-0.762939,-0.731323,-37.048340,80.993645,-34.118652
0.486206,-0.737427,-0.600342,-40.222164,83.618156,-35.522461
0.335327,-0.778809,-0.403320,-39.550781,85.693352,-42.785641
0.231079,-0.756836,-0.264404,-37.780762,69.702148,-48.217770
0.314453,-0.663330,-0.283203,-42.724606,48.522945,-55.541988
0.463623,-0.541748,-0.392578,-40.222164,22.888182,-55.175777
0.542480,-0.476563,-0.516479,-34.606934,-11.291503,-54.016109
0.570923,-0.433838,-0.559937,-30.029295,-49.743649,-54.321285
0.653809,-0.392456,-0.564941,-27.282713,-83.679192,-51.757809
0.776611,-0.379761,-0.576050,-25.573729,-103.637688,-46.997066
0.859253,-0.380859,-0.619141,-27.648924,-100.830070,-39.245605
0.880859,-0.408813,-0.636841,-32.409668,-78.918457,-31.982420
0.868286,-0.425293,-0.682007,-37.536621,-49.072262,-27.587889
0.797852,-0.455078,-0.713867,-41.076656,-20.935057,-25.695799
0.710083,-0.469849,-0.699219,-44.128414,0.610352,-26.062010
0.652588,-0.473267,-0.711914,-44.860836,14.709472,-29.663084
0.634888,-0.465942,-0.746704,-43.823238,17.028809,-31.738279
0.638672,-0.446899,-0.695190,-41.687008,16.540527,-33.081055
0.610962,-0.421021,-0.630615,-39.062500,14.892577,-34.606934
0.630859,-0.390259,-0.574097,-39.062500,13.061522,-37.109375
0.669922,-0.353516,-0.602295,-41.137691,15.319823,-35.217285
0.702637,-0.358521,-0.662964,-41.748043,14.648437,-34.851074
0.695801,-0.350830,-0.711548,-41.076656,12.573241,-35.644531
0.715698,-0.333496,-0.714233,-39.916992,9.277344,-35.766602
0.745605,-0.319214,-0.720825,-38.940430,10.437011,-34.362793
0.729492,-0.316772,-0.719116,-39.123535,17.944336,-35.644531
0.730957,-0.320435,-0.708618,-40.466305,28.808592,-36.132813
0.771973,-0.311523,-0.731079,-42.968746,46.508785,-34.545898
0.746094,-0.337158,-0.675293,-42.358395,58.471676,-38.696289
0.679932,-0.308594,-0.690918,-38.330078,57.067867,-42.785641
0.708984,-0.276367,-0.643066,-34.790039,44.250484,-44.128414
0.743164,-0.229126,-0.602051,-31.921385,32.470703,-42.358395
0.759521,-0.217285,-0.591064,-30.151365,21.728514,-39.672852
0.756226,-0.198608,-0.619873,-28.381346,8.483887,-35.827637
0.787842,-0.202759,-0.693115,-26.611326,-3.051758,-32.348633
0.819092,-0.226563,-0.775024,-24.597166,-10.192870,-28.686522
0.818237,-0.224976,-0.808960,-21.728514,-12.817382,-24.902342
0.808228,-0.228516,-0.822632,-17.150879,-14.465331,-21.789549
0.812256,-0.227051,-0.793213,-13.732909,-13.916015,-19.958496
0.819580,-0.226929,-0.760864,-11.291503,-10.925292,-18.127441
0.842896,-0.222046,-0.718628,-9.704590,-7.141113,-15.808105
0.834106,-0.223511,-0.696899,-9.399414,-1.708984,-13.854980
0.826782,-0.226929,-0.686401,-10.131835,2.197266,-11.596679
0.819458,-0.232788,-0.690552,-11.169433,5.798339,-10.498046
0.793579,-0.242554,-0.702026,-10.681151,7.751464,-9.277344
0.796631,-0.244019,-0.717407,-9.765625,7.080078,-8.972168
0.798340,-0.232300,-0.729492,-7.812500,7.263183,-7.446289
0.805054,-0.229004,-0.713745,-5.676269,7.263183,-6.286621
0.820801,-0.229248,-0.696655,-3.662109,9.399414,-5.493164
0.825073,-0.229248,-0.675049,-3.479004,15.380858,-4.028320
0.798950,-0.239014,-0.673706,-4.272461,23.681639,-3.234863
0.884644,-0.213867,-0.701050,-5.432128,41.442867,1.953125
1.007324,-0.264404,-0.733521,-5.798339,61.523434,1.831055
0.907715,-0.190430,-0.761353,-6.713867,90.698235,7.263183
0.948242,-0.195923,-0.763428,-6.591796,118.164055,7.690429
0.917603,-0.202637,-0.718140,-7.202148,146.911621,9.277344
0.901367,-0.196045,-0.752686,-7.080078,175.292953,11.230468
1.019775,-0.262329,-0.761108,-4.882813,220.031723,14.404296
1.093018,-0.255127,-0.696289,-2.502441,287.109375,20.874022
1.150879,-0.275879,-0.615479,-2.319336,373.962372,26.062010
1.225098,-0.286987,-0.552734,-3.967285,453.430145,31.188963
1.195190,-0.279541,-0.520264,-3.906250,523.986816,31.677244
1.163086,-0.265991,-0.453247,-2.258301,581.970215,19.348145
1.133301,-0.324951,-0.352051,-0.976562,621.826172,17.761230
1.098755,-0.223145,-0.272095,4.638672,647.216736,18.127441
0.919800,-0.320190,-0.060669,9.338379,648.986755,5.187988
0.814453,-0.290649,0.110840,12.634276,656.982361,8.789063
0.691772,-0.230957,0.257446,22.033689,645.507751,15.747069
0.542358,-0.184326,0.406860,29.602049,613.586426,13.305663
0.523438,-0.234619,0.569336,31.433104,558.898926,16.357422
0.479248,-0.322998,0.642822,31.372068,481.628387,15.441894
0.495361,-0.204834,0.716919,27.160643,409.545868,4.638672
0.450928,-0.162964,0.739868,26.367186,340.209930,12.634276
0.524780,-0.200073,0.751343,23.803709,273.986816,13.305663
0.587646,-0.239014,0.735840,21.667479,221.801743,15.380858
0.581177,-0.229736,0.720215,21.728514,182.189926,21.057127
0.526123,-0.208984,0.735840,22.033689,148.254395,26.916502
0.505249,-0.214478,0.745605,21.789549,117.675774,31.982420
0.473633,-0.216919,0.726929,21.179197,94.970695,34.118652
0.515137,-0.211792,0.736328,21.057127,87.280266,32.470703
0.515015,-0.183594,0.732788,21.972654,91.857903,30.700682
0.477173,-0.189453,0.734497,23.254393,99.365227,27.832029
0.387573,-0.186279,0.813232,26.062010,110.168449,24.169920
0.388428,-0.148315,0.931763,27.160643,114.501945,21.179197
0.432129,-0.087891,1.196777,25.268553,116.882317,17.578125
0.540283,0.026367,1.385620,18.859863,113.037102,17.700195
0.697876,0.077271,1.478027,-0.183105,104.064934,23.071287
0.776245,0.067139,1.520508,-13.793944,98.693840,25.878904
0.849731,0.004883,1.396362,-28.686522,86.486809,34.851074
0.832520,-0.135620,1.411865,-38.085938,68.664551,43.762203
0.665894,-0.243164,1.435181,-50.476070,41.503902,50.048824
0.536621,-0.412109,1.018921,-59.631344,22.460936,51.757809
0.519897,-0.585815,0.561890,-55.236813,25.024412,61.279293
0.155396,-0.683960,0.225586,-38.452148,40.405270,59.570309
0.007690,-0.569214,0.093506,-21.789549,35.705566,54.321285
0.081421,-0.364624,-0.022217,-5.310058,40.161129,43.762203
0.200928,-0.212769,-0.052124,13.244628,39.306641,44.311520
0.265503,0.131470,-0.054077,34.667969,36.499023,42.175289
0.003296,0.264771,0.123535,54.748531,40.649410,43.884274
-0.292847,0.273193,0.339233,68.176270,4.760742,28.198240
0.017822,0.302612,0.535645,68.237305,-51.879879,2.990722
0.294800,0.107544,0.658691,69.519043,-88.684074,7.568359
0.376953,-0.215454,0.638428,73.242188,-91.796867,4.394531
0.553833,-0.510986,0.633789,82.580559,-96.679680,-1.953125
0.701660,-0.709839,0.658325,92.407219,-95.153801,5.493164
0.602051,-0.682617,0.727173,103.210442,-77.270508,14.282226
0.389648,-0.459351,0.772583,109.069817,-62.683102,13.610839
0.234863,-0.156128,0.830444,108.337395,-47.180172,4.028320
0.284180,0.092529,0.937012,100.769035,-33.081055,-9.216309
0.344604,0.160156,1.034302,88.623039,-26.428221,-15.380858
0.377197,0.105347,1.189575,70.373535,-19.348145,-18.493652
0.424438,0.025635,1.273071,50.964352,-16.723633,-20.263670
0.463989,-0.046143,1.282593,33.813477,-17.883301,-22.521971
0.497803,-0.100342,1.262451,19.409180,-16.784668,-23.193357
0.573364,-0.126221,1.221802,8.422852,-10.986327,-20.629881
0.584595,-0.141357,1.197998,-0.671387,-3.112793,-14.587401
0.567749,-0.151855,1.177612,-7.263183,0.610352,-9.399414
0.551636,-0.162476,1.140503,-11.718749,2.624511,-5.187988
0.525269,-0.174683,1.110962,-15.747069,1.708984,-0.793457
0.483765,-0.181885,1.076538,-19.409180,-5.615234,3.173828
0.449707,-0.207031,1.040039,-23.132322,-17.395020,4.821777
0.433960,-0.203735,1.063721,-26.672361,-35.156250,5.432128
0.454346,-0.200562,1.065430,-32.348633,-51.330563,5.493164
0.515259,-0.193848,1.066528,-37.231445,-63.964840,6.164550
0.574951,-0.189453,1.062134,-43.273922,-72.326660,7.141113
0.617554,-0.190918,1.025757,-48.461910,-74.157715,7.934570
0.669189,-0.191284,0.971802,-52.856441,-70.739746,10.498046
0.708252,-0.202026,0.920044,-55.541988,-63.232418,15.502929
0.705444,-0.195557,0.870117,-57.067867,-54.382320,20.935057
0.701416,-0.215820,0.829956,-55.236813,-44.006344,24.108885
0.683960,-0.235962,0.775757,-52.795406,-34.851074,24.353025
0.626465,-0.274292,0.732910,-48.095699,-34.179688,25.695799
0.597412,-0.294067,0.711426,-43.884274,-33.813477,28.198240
0.601807,-0.307251,0.701782,-39.001465,-31.311033,30.029295
0.655884,-0.305664,0.704712,-34.240723,-21.789549,32.653809
0.675049,-0.317505,0.734497,-28.930662,-8.361816,33.569336
0.669800,-0.317505,0.790161,-25.207518,12.023925,34.301758
0.646484,-0.308105,0.814209,-23.376463,31.249998,33.447266
0.593384,-0.284546,0.846069,-22.155760,43.090816,33.508301
0.523926,-0.273193,0.869141,-23.010252,49.072262,32.958984
0.482666,-0.322021,0.864258,-22.033689,53.833004,31.005857
0.457153,-0.262085,0.895386,-23.010252,55.969234,29.907225
0.451782,-0.265381,0.892578,-25.512693,54.260250,30.273436
0.442017,-0.282593,0.873413,-26.123045,55.725094,29.235838
0.386719,-0.290283,0.835205,-27.099607,56.823727,28.686522
0.330444,-0.294067,0.811157,-26.611326,51.025387,26.000975
0.328369,-0.286377,0.786499,-26.123045,47.729488,22.583006
0.340088,-0.294800,0.790405,-24.108885,46.020504,19.348145
0.363403,-0.237427,0.811523,-22.583006,46.752926,18.554688
0.395020,-0.280884,0.810547,-21.362303,46.203609,16.845703
0.395020,-0.284912,0.832153,-20.751951,46.325680,16.235352
0.359863,-0.283203,0.864746,-20.202635,44.433590,13.488769
0.357910,-0.207153,0.870361,-19.409180,42.785641,11.291503
0.344116,-0.294800,0.853638,-18.798828,36.193848,8.666992
0.304565,-0.304565,0.822144,-18.127441,30.395506,7.568359
0.288574,-0.306519,0.787476,-16.418457,21.545408,6.286621
0.297119,-0.315063,0.783081,-13.854980,14.099120,5.004883
0.287964,-0.284912,0.783447,-11.779784,10.742187,3.173828
0.308472,-0.327759,0.786621,-9.826660,5.126953,2.502441
0.345459,-0.308960,0.809937,-7.812500,6.042480,0.854492
0.363892,-0.295654,0.839111,-7.019042,8.972168,-0.061035
0.382935,-0.470093,0.869507,-6.774902,12.451171,-0.976562
0.363281,-0.286865,0.870728,-7.141113,11.108397,-2.136230
0.341675,-0.289185,0.883667,-7.812500,9.704590,-2.746582
0.333374,-0.321167,0.837036,-8.361816,5.371093,-3.723144
0.334717,-0.342773,0.807495,-7.812500,3.784179,-4.638672
0.316284,-0.350586,0.795532,-5.737304,3.417969,-5.798339
0.315918,-0.351196,0.796387,-3.845215,2.136230,-7.446289
0.337402,-0.357178,0.797241,-1.770019,1.220703,-8.117676
0.341431,-0.348755,0.817505,-0.061035,-0.976562,-9.033203
0.363892,-0.332642,0.845215,1.281738,-1.098633,-9.887695
0.374390,-0.321899,0.869141,1.831055,0.061035,-10.253905
0.360840,-0.321777,0.872192,1.403808,-0.244141,-10.925292
0.367432,-0.334351,0.870361,1.586914,0.427246,-11.352538
0.365356,-0.341064,0.846924,1.464844,0.244141,-12.023925
0.362305,-0.350342,0.822754,2.197266,-0.610352,-12.084960
0.361572,-0.360107,0.810303,3.723144,-0.671387,-12.695312
0.366333,-0.358276,0.828491,5.554199,-0.427246,-12.817382
0.374512,-0.347412,0.841797,6.408691,-0.488281,-12.390136
0.393555,-0.327393,0.854492,6.652832,-1.342773,-12.084960
0.394409,-0.325439,0.834839,6.774902,-0.671387,-12.145995
0.383911,-0.339111,0.812500,7.324218,0.488281,-12.756347
0.383301,-0.343628,0.808472,8.117676,1.342773,-13.549804
0.376953,-0.346558,0.817993,9.277344,0.976562,-13.793944
0.381836,-0.353149,0.809082,10.253905,-1.403808,-13.854980
0.386475,-0.353394,0.802490,11.291503,-1.037598,-13.793944
0.395508,-0.343994,0.825806,13.122558,0.793457,-14.221190
0.398560,-0.334351,0.846558,14.099120,3.601074,-15.441894
0.401123,-0.314697,0.881958,14.892577,4.943848,-15.808105
0.408691,-0.297119,0.872192,15.014647,4.699707,-16.174316
0.394287,-0.286377,0.901001,15.258788,6.469726,-15.869140
0.407349,-0.273315,0.922729,14.892577,6.774902,-15.991210
0.429321,-0.257690,0.996094,14.465331,7.934570,-15.319823
0.473999,-0.196777,1.130981,12.084960,11.901855,-14.953612
0.589722,-0.132202,1.287109,8.178711,11.108397,-12.939452
0.678223,-0.094727,1.404785,-0.183105,6.652832,-7.629394
0.681152,-0.056030,1.581787,-11.718749,15.747069,-4.333496
0.648071,-0.048828,1.643799,-25.695799,16.784668,0.244141
0.610596,-0.219971,1.469849,-41.503902,16.845703,5.798339
0.806519,-0.508789,0.844238,-46.752926,-1.159668,9.582520
0.663208,-0.807983,0.511353,-37.963867,-23.925779,24.475096
0.391479,-0.989990,0.012939,-19.592285,-41.748043,36.071777
0.299561,-1.176514,-0.435669,7.568359,-56.640621,36.499023
0.132568,-0.932373,-0.706177,46.752926,-16.601563,39.245605
0.087158,-0.774292,-0.944702,92.895500,-0.305176,38.635254
0.185913,-0.454468,-1.056519,142.272949,31.433104,34.484863
0.523682,0.072754,-1.057129,192.749008,71.594238,29.541014
0.408569,0.506592,-0.796753,247.314438,109.680168,41.809078
0.023315,0.715942,-0.317261,286.560059,102.661125,44.616695
-0.051758,0.835815,0.396851,308.532715,68.115234,18.859863
-0.092041,0.805176,1.046143,307.189941,19.165039,14.099120
-0.259155,0.564331,1.398926,287.902832,-12.817382,3.112793
-0.137939,0.354370,1.516846,263.671875,-71.472168,-12.878417
0.159790,0.250732,1.594604,232.666000,-133.239746,-19.775391
0.554077,0.254028,1.635132,202.880844,-156.372070,-15.380858
0.780884,0.434204,1.663818,174.316391,-152.832031,-5.920410
0.950439,0.554565,1.697510,138.977051,-117.736809,-5.920410
0.990356,0.594849,1.708984,103.393547,-75.317383,-6.774902
0.866333,0.515381,1.719727,68.359375,-31.616209,-3.356933
0.738403,0.365479,1.713623,35.217285,-0.671387,-1.159668
0.576050,0.234863,1.688232,5.676269,24.658201,0.427246
0.467407,0.162109,1.621094,-24.780272,34.057617,4.699707
0.407227,0.098999,1.495972,-35.644531,29.479979,9.704590
0.385010,0.066040,1.394043,-41.564938,21.667479,15.624999
0.401611,0.034546,1.317505,-44.860836,9.948730,19.958496
0.440796,0.041260,1.264282,-47.790524,1.525879,20.690916
0.468506,0.041504,1.232666,-51.086422,-3.295898,19.348145
0.477295,0.061401,1.229370,-55.419918,-7.812500,15.747069
0.485474,0.067139,1.214111,-60.119625,-13.244628,13.854980
0.484985,0.066162,1.195557,-64.758301,-18.249512,13.000487
0.500122,0.060913,1.141235,-69.335938,-20.385740,13.977050
0.500854,0.052246,1.097168,-72.814941,-19.409180,15.380858
0.512207,0.016968,1.026001,-74.768066,-19.287109,18.188477
0.513184,-0.022583,0.970825,-74.340820,-13.916015,19.226074
0.510254,-0.039917,0.908691,-70.800781,-9.216309,19.653320
0.497681,-0.061768,0.885498,-65.917969,-2.563476,22.888182
0.501709,-0.047852,0.876587,-62.194820,3.479004,25.390623
0.471069,-0.032104,0.871216,-58.898922,10.864257,25.573729
0.429077,-0.020508,0.864746,-56.701656,12.756347,25.939939
0.380005,0.000977,0.863403,-55.297848,9.704590,27.038572
0.347534,-0.008789,0.865479,-54.443356,5.432128,26.611326
0.350830,-0.014038,0.848267,-54.565426,-1.770019,24.597166
0.382690,-0.035767,0.814209,-52.978512,-4.333496,22.399900
0.384399,-0.116455,0.771240,-50.598141,-2.502441,21.667479
0.404663,-0.092041,0.763794,-49.255367,3.906250,20.812986
0.415283,-0.115845,0.792725,-47.302242,13.671874,20.446775
0.419556,-0.130615,0.811035,-46.081539,24.536131,18.920898
0.456787,-0.085083,0.849487,-46.203609,34.729004,14.648437
0.394165,-0.166016,0.870117,-45.959469,35.888672,13.793944
0.368530,-0.175415,0.875488,-45.532223,37.719727,9.704590
0.438843,-0.107544,0.923706,-47.668453,35.888672,9.582520
0.407104,-0.191040,0.934326,-49.987789,32.531738,10.437011
0.378418,-0.202393,0.944458,-50.964352,32.165527,8.850098
0.372803,-0.196899,0.940552,-51.940914,38.818359,6.164550
0.371216,-0.175171,0.965088,-53.894039,36.010742,4.028320
0.344238,-0.175659,0.951904,-55.541988,39.306641,2.319336
0.339478,-0.058350,0.914917,-56.640621,39.184570,1.342773
0.314575,-0.186523,0.876465,-54.626461,32.958984,2.014160
0.340088,-0.193359,0.871948,-53.161617,29.418943,2.014160
0.332397,-0.265869,0.840210,-49.804684,24.475096,1.281738
0.334106,-0.231567,0.822510,-45.837399,23.132322,0.793457
0.336792,-0.222900,0.832153,-42.663570,15.686034,0.122070
0.341064,-0.222778,0.831177,-39.794922,15.014647,0.183105
0.330688,-0.185791,0.852173,-35.766602,17.211914,0.671387
0.310791,-0.200562,0.852417,-33.447266,11.291503,0.061035
0.288208,-0.225830,0.829224,-30.700682,6.530761,-0.305176
0.310913,-0.165771,0.824585,-28.076170,-0.671387,-0.671387
0.297363,-0.228516,0.831421,-25.146482,-2.746582,-0.061035
0.315186,-0.242065,0.841797,-23.254393,-8.850098,-0.183105
0.318726,-0.255005,0.840820,-20.874022,-7.873535,-0.915527
0.308960,-0.256592,0.835815,-18.615723,-6.347656,-1.586914
0.297974,-0.251465,0.849976,-16.601563,-6.347656,-2.929687
0.292358,-0.263428,0.841431,-14.587401,-5.554199,-4.089355
0.316895,-0.265747,0.833130,-13.427733,-6.042480,-4.943848
0.350830,-0.268311,0.822754,-11.779784,-2.807617,-5.920410
0.353760,-0.272827,0.833740,-9.155273,1.159668,-6.652832
0.356689,-0.274902,0.851440,-7.019042,5.676269,-7.263183
0.318359,-0.282227,0.855347,-5.310058,5.310058,-8.056641
0.291382,-0.279175,0.849365,-3.417969,1.770019,-8.300781
0.281128,-0.281494,0.863159,-1.953125,-3.723144,-8.911133
0.309937,-0.281250,0.868286,-1.037598,-9.277344,-9.094238
0.356079,-0.288940,0.845947,0.000000,-9.887695,-8.850098
0.360474,-0.299805,0.803101,0.976562,-7.873535,-8.361816
0.366211,-0.305908,0.801025,3.845215,-4.516602,-8.483887
0.352905,-0.284302,0.850464,6.591796,-0.427246,-9.216309
0.368896,-0.269165,0.905273,8.300781,2.197266,-9.338379
0.376587,-0.267212,0.913818,8.117676,3.112793,-9.460449
0.374023,-0.269897,0.920166,7.141113,3.173828,-8.728027
0.361816,-0.277832,0.917847,6.103515,0.488281,-7.995605
0.361694,-0.272827,0.923096,5.798339,-3.417969,-7.263183
0.364746,-0.285645,0.932251,5.187988,-7.202148,-6.591796
0.373657,-0.292725,0.922241,4.516602,-8.850098,-6.042480
0.388794,-0.301514,0.880981,5.065917,-7.080078,-5.371093
0.385986,-0.303345,0.866333,5.798339,-3.540039,-5.493164
0.372559,-0.288330,0.870605,6.713867,-0.854492,-5.432128
0.366211,-0.285400,0.894043,7.446289,-0.488281,-5.432128
0.344482,-0.274292,0.904663,7.324218,-1.831055,-6.164550
0.350708,-0.263428,0.927612,7.263183,-3.967285,-6.286621
0.358398,-0.267090,0.924683,6.774902,-5.371093,-6.347656
0.368042,-0.265381,0.921021,6.713867,-5.798339,-5.981445
0.351685,-0.247681,0.915405,6.103515,-6.164550,-6.225585
0.349609,-0.255127,0.903198,5.798339,-6.652832,-5.920410
0.381836,-0.272583,0.856812,5.554199,-7.751464,-6.408691
0.407104,-0.280396,0.825928,7.019042,-5.310058,-6.530761
0.401001,-0.271973,0.843262,8.666992,-0.610352,-6.164550
0.380249,-0.256958,0.888672,9.887695,2.136230,-5.920410
0.377686,-0.234253,0.940186,9.582520,1.037598,-5.859375
0.387573,-0.227173,0.967041,7.995605,-0.732422,-5.554199
0.391357,-0.227539,0.961304,6.286621,-2.075195,-5.065917
0.385010,-0.233643,0.940063,4.699707,-3.356933,-4.699707
0.374512,-0.235718,0.943237,3.234863,-5.798339,-4.150391
0.377197,-0.250854,0.955078,1.953125,-7.080078,-3.601074
0.392822,-0.255615,0.951172,1.037598,-7.080078,-3.784179
0.395752,-0.253418,0.914185,0.000000,-6.469726,-4.272461
0.392456,-0.262085,0.889282,-0.244141,-4.028320,-4.028320
0.389282,-0.251953,0.894531,0.366211,-2.502441,-3.906250
0.399536,-0.239990,0.899170,0.549316,-0.854492,-3.723144
0.396851,-0.245850,0.914185,0.610352,-0.549316,-3.601074
0.395508,-0.237549,0.912354,0.427246,-1.708984,-3.479004
0.385986,-0.241211,0.911743,0.427246,-2.990722,-2.807617
0.392090,-0.244385,0.918213,0.244141,-4.394531,-2.258301
0.391479,-0.256104,0.915283,0.305176,-5.004883,-1.525879
0.407593,-0.260010,0.904907,0.488281,-4.394531,-1.525879
0.396851,-0.248047,0.913940,0.671387,-2.075195,-0.854492
0.391602,-0.242798,0.909668,0.915527,0.000000,-0.549316
0.392700,-0.240967,0.922852,1.037598,1.403808,-0.732422
0.397583,-0.233765,0.936523,0.793457,2.258301,-0.976562
0.401855,-0.230103,0.934692,0.000000,1.892090,-0.610352
0.385498,-0.242310,0.918091,-0.610352,0.488281,-0.244141
0.378052,-0.248657,0.907959,-0.793457,-1.037598,0.122070
0.363403,-0.246826,0.906860,-0.366211,-2.685547,0.305176
0.370483,-0.256470,0.909912,0.183105,-3.845215,0.061035
0.386353,-0.255005,0.932617,0.610352,-4.333496,-0.305176
0.389526,-0.258301,0.899292,0.671387,-2.807617,-0.183105
0.391113,-0.250977,0.879150,1.220703,-1.037598,-0.305176
0.369873,-0.249512,0.870117,2.014160,1.342773,-0.427246
0.363159,-0.244507,0.880859,2.868652,2.807617,-0.854492
0.374268,-0.242188,0.898438,3.540039,2.990722,-1.220703
0.394287,-0.237427,0.903931,3.479004,3.051758,-0.976562
0.388794,-0.228271,0.904297,3.356933,2.441406,-0.183105
0.382568,-0.224365,0.918701,2.746582,1.403808,0.183105
0.392334,-0.236206,0.907837,2.014160,0.488281,0.122070
0.408813,-0.243530,0.880859,1.403808,0.122070,0.000000
0.411133,-0.242065,0.880005,1.037598,0.122070,0.427246
0.402832,-0.232422,0.888184,0.915527,0.915527,0.671387
0.380981,-0.228271,0.906616,0.427246,0.671387,0.915527
0.378296,-0.231689,0.919556,-0.366211,-0.915527,0.244141
0.383301,-0.241089,0.918945,-1.342773,-1.892090,-0.183105
0.389893,-0.245605,0.905151,-2.258301,-2.075195,-0.366211
0.376831,-0.250122,0.887329,-2.319336,-2.441406,-0.549316
0.370483,-0.251099,0.884766,-2.014160,-2.929687,-0.488281
0.367554,-0.248169,0.882080,-1.281738,-3.723144,-0.671387
0.382324,-0.249146,0.902954,-0.366211,-3.662109,-1.037598
0.388550,-0.242920,0.912354,0.244141,-3.479004,-1.220703
0.387573,-0.245972,0.886108,0.671387,-2.868652,-1.159668
0.385010,-0.240479,0.880127,1.464844,-1.586914,-1.159668
0.387207,-0.238281,0.876221,2.136230,-0.549316,-1.037598
0.375122,-0.230957,0.895020,2.563476,0.000000,-1.708984
0.389893,-0.232056,0.900269,2.685547,-0.244141,-1.403808
0.388916,-0.231689,0.885742,2.502441,-0.732422,-1.037598
0.381104,-0.234985,0.879639,2.441406,-1.037598,-0.427246
0.389771,-0.237549,0.869873,2.807617,-0.854492,-0.915527
0.401733,-0.239868,0.882080,3.417969,0.244141,-0.488281
0.408447,-0.239868,0.897827,3.112793,1.220703,-0.732422
0.406128,-0.231201,0.919556,2.441406,0.732422,-0.488281
0.391113,-0.232178,0.926147,1.831055,-0.610352,-0.305176
0.377319,-0.237305,0.918457,1.037598,-2.624511,-0.366211
0.386230,-0.250122,0.909424,0.976562,-3.784179,-0.305176
0.388062,-0.247559,0.904175,0.610352,-3.906250,-0.061035
0.389771,-0.236328,0.914795,0.366211,-3.234863,0.000000
0.393066,-0.235962,0.916870,-0.061035,-2.441406,0.000000
0.396729,-0.235718,0.915405,-0.366211,-1.892090,-0.793457
0.393433,-0.238159,0.899170,-0.549316,-1.647949,-1.159668
0.383667,-0.236328,0.898804,-0.244141,-2.136230,-0.976562
0.387939,-0.234253,0.911377,-0.061035,-2.502441,-0.976562
0.395752,-0.242432,0.912354,0.061035,-2.807617,-0.671387
0.399536,-0.240845,0.907471,0.061035,-2.380371,-0.671387
0.389526,-0.242554,0.898560,0.244141,-2.136230,-0.366211
0.390015,-0.245483,0.896240,0.671387,-1.098633,-0.366211
0.391846,-0.242432,0.902222,1.098633,-0.244141,-0.671387
0.382202,-0.230591,0.917847,1.159668,-0.244141,-0.732422
0.400635,-0.231445,0.929443,0.793457,-0.549316,-0.488281
0.400635,-0.231689,0.931030,0.549316,-0.610352,0.244141
0.394165,-0.241699,0.914307,0.366211,-0.366211,0.305176
0.390869,-0.243774,0.908569,0.488281,0.000000,0.488281
0.378174,-0.244263,0.908691,0.366211,0.000000,0.183105
0.384399,-0.239136,0.906128,0.305176,-0.061035,-0.427246
0.384033,-0.235107,0.890015,0.427246,-0.305176,-0.366211
0.394653,-0.234009,0.871338,0.793457,-0.183105,-0.305176
0.395020,-0.231445,0.875610,1.464844,0.366211,-0.122070
0.392944,-0.224243,0.897705,2.014160,0.976562,-0.122070
0.390381,-0.224365,0.920410,1.892090,0.366211,-0.122070
0.391357,-0.223022,0.923706,1.342773,-0.061035,-0.244141
0.397705,-0.230591,0.906738,0.610352,-0.244141,0.061035
0.386597,-0.242310,0.904053,0.305176,-0.671387,-0.183105
0.386841,-0.241699,0.896118,0.488281,-0.366211,-0.427246
0.390747,-0.244019,0.910034,0.488281,-0.366211,-0.671387
0.395874,-0.238770,0.910156,0.366211,-0.183105,-0.671387
0.386597,-0.230347,0.903931,0.122070,-0.305176,-0.549316
0.390259,-0.239746,0.899658,-0.061035,-0.610352,-0.488281
0.388916,-0.229370,0.895264,-0.366211,-0.732422,-0.915527
0.388916,-0.229614,0.903442,-0.610352,-0.732422,-1.037598
0.389648,-0.233276,0.883789,-1.220703,-1.525879,-1.586914
0.399292,-0.239868,0.870117,-1.647949,-2.868652,-1.770019
0.398438,-0.243286,0.876709,-1.220703,-2.929687,-2.136230
0.397705,-0.236450,0.895630,-0.915527,-2.441406,-2.197266
0.401978,-0.233643,0.917358,-0.854492,-2.563476,-2.319336
0.402344,-0.239258,0.905518,-0.793457,-3.540039,-1.892090
0.400879,-0.251099,0.888184,-1.098633,-4.272461,-1.220703
0.398804,-0.245117,0.885254,-0.488281,-4.455566,-0.427246
0.408447,-0.244263,0.893799,0.122070,-3.112793,-0.244141
0.411621,-0.244141,0.906616,0.305176,-1.342773,0.122070
0.410767,-0.232788,0.907837,0.488281,0.427246,0.305176
0.406738,-0.242432,0.911133,0.427246,1.403808,0.732422
0.394043,-0.238037,0.892944,0.305176,1.159668,0.854492
0.392578,-0.239136,0.886108,0.610352,0.976562,1.220703
0.389404,-0.235840,0.901489,1.098633,0.427246,1.281738
0.389771,-0.230103,0.888428,1.159668,-0.061035,1.342773
0.380737,-0.234253,0.887817,1.403808,-0.915527,1.220703
0.390015,-0.237549,0.882202,1.708984,-1.586914,1.220703
0.396484,-0.241089,0.882813,1.770019,-1.159668,0.671387
0.395630,-0.239990,0.898438,2.075195,-0.183105,0.427246
0.392578,-0.233521,0.913330,2.014160,0.427246,0.061035
0.404297,-0.230957,0.917358,1.708984,0.671387,0.305176
0.392090,-0.236816,0.897827,1.525879,0.366211,0.549316
0.395386,-0.235718,0.898926,1.464844,0.366211,0.244141
0.391602,-0.229370,0.903687,1.464844,-0.305176,0.244141
0.378662,-0.230713,0.910645,1.403808,-0.915527,-0.061035
0.384766,-0.228760,0.893066,1.159668,-1.586914,0.000000
0.391113,-0.236938,0.888428,0.915527,-1.892090,0.061035
0.399170,-0.239258,0.897095,1.037598,-1.403808,-0.061035
0.397217,-0.241455,0.913818,1.037598,-0.732422,0.000000
0.399292,-0.235352,0.929199,0.793457,-0.549316,-0.305176
0.397461,-0.232788,0.932007,0.305176,-0.488281,-0.122070
0.393311,-0.237549,0.908936,0.061035,-0.854492,0.305176
0.387207,-0.237793,0.910645,0.183105,-0.610352,0.549316
0.386353,-0.240601,0.905762,0.366211,0.000000,0.488281
0.396606,-0.235840,0.912109,0.427246,0.671387,0.366211
0.399902,-0.234497,0.899292,0.488281,1.220703,0.000000
0.394043,-0.233276,0.893433,0.427246,1.770019,-0.122070
0.395386,-0.228149,0.905151,0.305176,1.525879,-0.122070
0.396484,-0.231934,0.906738,0.244141,0.854492,-0.244141
0.403687,-0.223999,0.911499,-0.244141,0.183105,-0.183105
0.400269,-0.231079,0.899414,-0.610352,-0.122070,0.061035
0.393677,-0.234253,0.892212,-0.366211,-0.183105,0.061035
0.399902,-0.230713,0.896973,-0.061035,-0.122070,0.183105
0.402344,-0.234741,0.899902,0.061035,0.427246,0.244141
0.409668,-0.230591,0.908081,0.183105,0.976562,0.427246
0.401489,-0.231201,0.889282,0.244141,1.464844,0.549316
0.392700,-0.236816,0.879517,0.549316,1.586914,0.671387
0.391846,-0.227051,0.882324,1.403808,1.403808,0.671387
0.393066,-0.231934,0.890503,1.464844,1.586914,0.732422
0.395752,-0.227783,0.900635,1.525879,0.976562,0.793457
0.395020,-0.229370,0.912720,1.281738,0.244141,0.854492
0.386353,-0.226685,0.911865,0.976562,-0.976562,0.976562
0.391846,-0.239868,0.908691,0.366211,-0.915527,0.854492
0.396729,-0.231567,0.897949,0.183105,0.122070,0.793457
0.394409,-0.239502,0.899292,0.122070,1.464844,0.854492
0.386230,-0.234253,0.892700,-0.061035,1.708984,0.610352
0.381836,-0.235352,0.882568,0.122070,1.892090,0.122070
0.387573,-0.232666,0.896362,0.610352,1.464844,-0.305176
0.383301,-0.228638,0.913208,0.549316,0.976562,-0.671387
0.392456,-0.229614,0.916260,0.305176,0.244141,-0.671387
0.390381,-0.226563,0.912476,-0.366211,-1.281738,-0.488281
0.395630,-0.230103,0.910645,-0.671387,-2.319336,-0.183105
0.402832,-0.239014,0.906372,-0.976562,-2.258301,-0.244141
0.401611,-0.238281,0.899780,-0.854492,-0.915527,-0.122070
0.391113,-0.239868,0.880859,-0.732422,0.122070,-0.122070
0.388794,-0.242554,0.882568,-0.183105,0.732422,-0.122070
0.392578,-0.243774,0.893799,0.366211,0.610352,-0.244141
0.386108,-0.232788,0.911987,0.610352,0.427246,-0.061035
0.396362,-0.224487,0.914063,0.427246,0.366211,0.000000
0.395996,-0.221069,0.899658,0.000000,0.000000,0.244141
0.394775,-0.224976,0.896606,-0.183105,-0.061035,0.244141
0.383179,-0.234375,0.887451,0.000000,0.183105,0.122070
0.391724,-0.231934,0.889404,0.305176,0.183105,-0.061035
0.388672,-0.227661,0.905640,0.244141,-0.122070,0.366211
0.387329,-0.234985,0.896851,0.427246,-0.366211,0.366211
0.384766,-0.234375,0.897705,0.488281,-0.549316,0.061035
0.393311,-0.237915,0.903442,0.671387,-1.159668,-0.305176
0.390015,-0.235229,0.906982,0.488281,-0.793457,-0.610352
0.395996,-0.237183,0.909912,0.366211,-0.488281,-0.488281
0.391846,-0.237183,0.899048,0.366211,-0.610352,-0.366211
0.396973,-0.248291,0.902710,0.305176,-0.671387,-0.183105
0.396606,-0.239990,0.896851,0.183105,-0.549316,-0.244141
0.389404,-0.238159,0.903198,0.122070,-0.427246,-0.244141
0.390503,-0.232910,0.910156,-0.183105,-0.122070,-0.061035
0.390015,-0.234497,0.907837,-0.488281,-1.037598,-0.122070
0.391357,-0.231812,0.896729,-0.854492,-1.770019,0.183105
0.395264,-0.240601,0.896240,-0.671387,-2.197266,0.366211
0.398438,-0.239380,0.907593,-0.549316,-0.366211,0.244141
0.391602,-0.228271,0.906250,-0.549316,0.061035,0.183105
0.387817,-0.228271,0.901611,-0.976562,-0.061035,-0.122070
0.388550,-0.232422,0.894043,-0.915527,-0.366211,-0.183105
0.399292,-0.237427,0.887939,-0.732422,-1.037598,-0.305176
0.396362,-0.237427,0.896118,-0.244141,-1.159668,-0.183105
0.389771,-0.230469,0.900635,0.000000,-1.281738,0.000000
0.389526,-0.236938,0.897949,0.244141,-1.525879,0.122070
0.398560,-0.237793,0.895508,0.549316,-1.403808,0.488281
0.409668,-0.237671,0.895874,0.976562,-0.488281,0.732422
0.401367,-0.240356,0.906494,1.342773,0.366211,0.793457
0.380371,-0.230469,0.898682,1.525879,0.183105,0.610352
0.380371,-0.239136,0.890869,1.647949,-0.427246,0.671387
0.384766,-0.234131,0.895630,1.403808,-0.732422,0.366211
0.387939,-0.235229,0.917114,1.586914,-0.366211,0.183105
0.393555,-0.226685,0.919189,1.281738,-0.366211,0.000000
0.393921,-0.224609,0.917236,0.549316,-0.549316,-0.061035
0.391602,-0.234253,0.913452,0.305176,-0.732422,0.000000
0.389648,-0.233276,0.907715,0.122070,-0.366211,0.000000
0.397217,-0.235596,0.902466,-0.061035,0.183105,-0.305176
0.400146,-0.234863,0.907593,-0.061035,0.793457,-0.244141
0.386230,-0.234619,0.899658,0.000000,0.366211,-0.122070
0.390503,-0.236816,0.893555,0.122070,0.122070,0.244141
0.385010,-0.227295,0.886353,0.366211,-0.915527,0.122070
0.397583,-0.228516,0.901245,0.671387,-0.488281,0.122070
0.398071,-0.226807,0.908325,0.610352,0.122070,-0.061035
0.393066,-0.229614,0.908569,0.122070,0.244141,-0.244141
0.393921,-0.231079,0.907104,-0.183105,-0.122070,-0.427246
0.390259,-0.245850,0.904907,-0.671387,-0.732422,-0.610352
0.396973,-0.237549,0.899048,-0.549316,-0.915527,-0.427246
0.393555,-0.239990,0.886597,-0.366211,-0.610352,-0.610352
0.392822,-0.235352,0.895630,0.061035,-0.244141,-0.427246
0.397827,-0.237915,0.901978,0.244141,-0.671387,-0.122070
0.407715,-0.230713,0.904297,0.305176,-0.854492,0.244141
0.402466,-0.229614,0.905762,0.244141,-0.488281,0.610352
0.404907,-0.228027,0.910034,0.427246,-0.122070,0.915527
0.388550,-0.236450,0.891357,0.366211,0.000000,0.854492
0.394775,-0.244385,0.896851,0.671387,0.305176,0.732422
0.390015,-0.247314,0.893677,0.854492,0.549316,0.793457
0.388428,-0.239014,0.909912,0.854492,0.305176,0.610352
0.386841,-0.236694,0.912964,0.488281,0.366211,0.732422
0.388672,-0.236328,0.897583,0.488281,-0.610352,0.610352
0.375244,-0.234985,0.886719,0.366211,-0.244141,0.610352
0.391724,-0.241455,0.895996,0.488281,-0.244141,0.183105
0.392822,-0.228027,0.915405,0.366211,-0.305176,0.305176
0.395020,-0.226563,0.907715,0.000000,-0.183105,0.488281
0.394287,-0.231079,0.892944,-0.183105,-0.427246,0.793457
0.398438,-0.241943,0.891968,0.061035,-0.488281,0.610352
0.396118,-0.235840,0.909790,0.305176,-0.244141,0.366211
0.397461,-0.232544,0.911011,0.122070,0.366211,0.366211
0.395264,-0.231812,0.912476,0.122070,0.061035,0.183105
0.390747,-0.232544,0.906738,-0.183105,-0.122070,0.488281
0.389893,-0.240967,0.882568,-0.244141,-0.671387,0.732422
0.395264,-0.233887,0.889160,0.061035,-0.610352,1.159668
0.398315,-0.228271,0.905029,0.488281,0.427246,0.671387
0.387451,-0.229248,0.911255,0.549316,0.976562,0.976562
0.385254,-0.232788,0.904907,0.427246,0.915527,0.854492
0.389526,-0.239136,0.910156,0.488281,0.305176,1.098633
0.401855,-0.231934,0.904297,0.244141,-0.061035,1.098633
0.397217,-0.229614,0.903687,0.183105,0.366211,0.976562
0.383301,-0.236450,0.895386,0.000000,1.098633,0.793457
0.380615,-0.242188,0.891357,0.000000,1.159668,0.610352
0.397095,-0.237183,0.895142,0.305176,0.610352,0.183105
0.395020,-0.228271,0.906738,0.244141,0.183105,0.061035
0.386963,-0.230469,0.908447,0.305176,-0.671387,0.366211
0.391357,-0.233521,0.896973,0.000000,-1.281738,0.244141
0.393188,-0.238525,0.890869,0.122070,-1.403808,0.061035
0.399536,-0.239136,0.910278,0.854492,-0.305176,-0.061035
0.397461,-0.230469,0.909424,0.915527,0.671387,0.427246
0.392944,-0.239380,0.922852,1.037598,1.342773,0.610352
0.399414,-0.238403,0.923096,0.610352,1.464844,0.915527
0.396362,-0.238647,0.918091,0.671387,1.220703,1.281738
0.389648,-0.244385,0.912842,0.488281,1.586914,1.342773
0.382935,-0.236450,0.910645,0.427246,1.831055,1.525879
0.380615,-0.227783,0.905029,0.000000,1.831055,1.220703
0.378418,-0.224976,0.897827,-0.366211,1.586914,1.037598
0.381592,-0.228027,0.900635,-0.610352,1.281738,0.366211
0.389771,-0.233765,0.901001,-0.915527,1.586914,0.427246
0.398438,-0.235962,0.920776,-1.281738,1.159668,0.061035
0.387085,-0.239868,0.909058,-1.586914,0.732422,0.122070
0.384399,-0.238403,0.898804,-1.708984,-0.122070,0.000000
0.389771,-0.241333,0.896973,-1.586914,-0.610352,0.122070
0.393066,-0.235229,0.887939,-1.098633,-0.488281,0.427246
0.387695,-0.242310,0.890015,-0.610352,-0.122070,0.549316
0.380249,-0.247314,0.885498,-0.183105,0.244141,0.549316
0.385742,-0.241333,0.887329,0.488281,0.366211,0.793457
0.389893,-0.232666,0.890503,0.854492,1.037598,0.549316
0.379517,-0.233521,0.897949,1.098633,1.708984,0.671387
0.372681,-0.229370,0.907227,1.159668,1.220703,0.305176
0.387817,-0.237305,0.899414,0.671387,0.000000,0.122070
0.387207,-0.245728,0.896729,0.305176,-0.793457,0.244141
0.398071,-0.240967,0.894897,0.183105,-0.793457,0.183105
0.386719,-0.232910,0.903198,0.000000,-0.610352,0.305176
0.375488,-0.236206,0.901978,-0.122070,-0.061035,0.366211
0.385376,-0.239014,0.897583,-0.183105,-0.061035,0.061035
0.385986,-0.236450,0.889160,0.000000,-0.122070,0.061035
0.386841,-0.237793,0.893311,0.244141,-0.122070,0.427246
0.377686,-0.238525,0.901245,0.549316,-0.366211,0.061035
0.378906,-0.235718,0.907471,0.183105,-1.037598,0.122070
0.397583,-0.241943,0.900269,-0.061035,-1.525879,0.000000
0.398804,-0.233887,0.892456,-0.122070,-1.464844,-0.427246
0.395630,-0.234375,0.894897,0.000000,-1.281738,-0.244141
0.389648,-0.234253,0.890259,0.061035,-1.037598,-0.244141
0.386230,-0.232300,0.897217,0.122070,-1.098633,-0.427246
0.391357,-0.236816,0.891357,0.610352,-1.159668,-0.122070
0.392700,-0.246094,0.891846,1.037598,-0.854492,0.061035
0.389160,-0.235718,0.898438,1.342773,-0.488281,0.427246
0.386841,-0.238892,0.897339,1.647949,-0.671387,0.305176
0.391479,-0.236938,0.914063,1.953125,-0.549316,0.366211
0.387451,-0.232788,0.897095,2.136230,-0.244141,0.549316
0.384644,-0.235352,0.900024,2.197266,-0.122070,0.488281
0.385620,-0.227661,0.901001,2.197266,-0.427246,0.305176
0.383179,-0.233276,0.908569,1.831055,-0.244141,0.122070
0.385620,-0.236328,0.903442,1.525879,-0.488281,0.244141
0.390015,-0.233032,0.900635,1.525879,0.000000,0.122070
0.376221,-0.229858,0.908325,1.647949,0.000000,0.244141
0.382202,-0.228027,0.917725,1.342773,-0.610352,-0.122070
0.390137,-0.225464,0.913208,0.793457,-0.732422,0.000000
0.382690,-0.236084,0.909668,0.366211,-1.037598,0.122070
0.387207,-0.239380,0.903442,0.610352,-1.342773,0.366211
0.392944,-0.241821,0.909302,0.549316,-1.159668,0.122070
0.391235,-0.237061,0.908569,0.488281,-0.915527,0.061035
0.391113,-0.233643,0.911377,0.488281,-0.305176,-0.061035
0.391846,-0.233276,0.907227,0.183105,-0.244141,-0.122070
0.383545,-0.232178,0.896240,0.122070,-0.671387,-0.244141
0.384644,-0.234741,0.892700,-0.061035,-0.854492,-0.244141
0.390503,-0.235474,0.894775,0.000000,-0.915527,-0.549316
0.388184,-0.236572,0.906616,0.366211,-0.976562,-0.244141
0.401978,-0.232910,0.917847,0.244141,-0.549316,0.061035
0.396118,-0.226807,0.906616,0.061035,-0.793457,0.122070
0.400513,-0.233276,0.893188,0.000000,-0.671387,0.244141
0.397583,-0.229492,0.899170,0.244141,-0.061035,0.305176
0.385742,-0.233521,0.908447,0.427246,0.671387,0.183105
0.384644,-0.230469,0.913208,0.549316,0.488281,0.427246
0.398804,-0.231812,0.918213,0.061035,-0.305176,0.976562
0.398315,-0.231812,0.916992,-0.122070,-0.305176,1.098633
0.372314,-0.231445,0.908813,-0.183105,-0.122070,0.915527
0.381592,-0.232910,0.898315,-0.244141,0.244141,0.366211
0.378662,-0.238281,0.887573,-0.305176,-0.061035,0.000000
0.384277,-0.238892,0.888062,-0.183105,-0.305176,-0.366211
0.382568,-0.234253,0.892578,0.183105,-0.671387,-0.549316
0.385742,-0.239014,0.909790,0.305176,-1.037598,-0.610352
0.394165,-0.231079,0.918213,0.244141,-1.281738,-0.427246
0.401489,-0.228638,0.917725,0.122070,-1.098633,-0.122070
0.394043,-0.232300,0.901489,0.244141,-0.244141,0.061035
0.389038,-0.238892,0.894653,0.427246,0.366211,0.244141
0.387695,-0.237671,0.899658,0.671387,1.281738,0.366211
0.387573,-0.238525,0.898682,0.854492,1.403808,0.305176
0.387573,-0.232666,0.905029,0.549316,0.610352,0.244141
0.388062,-0.232544,0.901855,0.183105,-0.488281,0.366211
0.390015,-0.235229,0.903198,-0.183105,-1.281738,0.427246
0.398315,-0.232056,0.902710,-0.427246,-1.098633,0.549316
0.397217,-0.227539,0.902954,-0.732422,-0.061035,0.610352
0.392822,-0.235352,0.898315,-1.220703,0.549316,0.366211
0.391235,-0.231812,0.897583,-1.037598,0.732422,0.488281
0.375977,-0.232422,0.892212,-0.976562,0.427246,0.183105
0.380981,-0.240845,0.891479,-0.610352,-0.183105,0.183105
