0.227051,-0.31665,0.957642,0.0,0.0,0.0,0.0,0.0,0.0,0.0,0.0,0.0
0.242432,-0.31897,0.960327,0.0,0.0,0.0,0.0,0.0,0.0,0.0,0.0,0.0
0.237671,-0.317017,0.956177,0.0,0.0,0.0,0.0,0.0,0.0,0.0,0.0,0.0
0.240112,-0.314087,0.952393,-4.821777,-0.976562,3.234863,0.0,0.0,0.0,0.0,0.0,0.0
0.230591,-0.313232,0.947754,-4.272461,-0.366211,4.150391,0.0,0.0,0.0,0.0,0.0,0.0
0.229736,-0.319458,0.955811,-4.333496,-0.061035,3.967285,0.0,0.0,0.0,0.0,0.0,0.0
0.218384,-0.312988,0.955566,-4.394531,0.0,4.516602,0.0,0.0,0.0,0.0,0.0,0.0
0.234375,-0.319458,0.952637,-4.455566,-0.183105,4.516602,0.0,0.0,0.0,0.0,0.0,0.0
0.231445,-0.317993,0.953491,-4.882813,-0.488281,4.577637,0.0,0.0,0.0,0.0,0.0,0.0
0.217163,-0.317017,0.947388,-4.882813,-0.061035,4.760742,0.0,0.0,0.0,0.0,0.0,0.0
0.231689,-0.321655,0.959717,-5.310058,0.366211,4.516602,0.0,0.0,0.0,0.0,0.0,0.0
0.230469,-0.315674,0.960815,-5.676269,1.159668,4.516602,0.0,0.0,0.0,0.0,0.0,0.0
0.223511,-0.320313,0.966797,-6.103515,1.159668,4.699707,0.0,0.0,0.0,0.0,0.0,0.0
0.22876,-0.319458,0.966797,-6.591796,0.671387,5.004883,0.0,0.0,0.0,0.0,0.0,0.0
0.235474,-0.32251,0.960815,-7.202148,0.671387,5.126953,0.0,0.0,0.0,0.0,0.0,0.0
0.240234,-0.312378,0.963501,-7.8125,0.366211,5.310058,0.0,0.0,0.0,0.0,0.0,0.0
0.232788,-0.32373,0.960815,-8.544922,-0.183105,5.859375,0.0,0.0,0.0,0.0,0.0,0.0
0.231812,-0.316772,0.967896,-9.094238,-0.488281,6.103515,0.0,0.0,0.0,0.0,0.0,0.0
0.225464,-0.324707,0.971802,-9.94873,-0.976562,6.469726,0.0,0.0,0.0,0.0,0.0,0.0
0.243652,-0.328125,0.97168,-10.620116,-0.854492,6.530761,0.0,0.0,0.0,0.0,0.0,0.0
0.2323,-0.333496,0.971191,-11.169433,-0.976562,6.958007,0.0,0.0,0.0,0.0,0.0,0.0
0.240112,-0.341187,0.985352,-11.840819,-1.586914,7.507324,0.0,0.0,0.0,0.0,0.0,0.0
0.24939,-0.34314,0.958252,-12.939452,-2.01416,7.995605,0.0,0.0,0.0,0.0,0.0,0.0
0.253662,-0.335938,0.976563,-13.122558,-2.380371,9.338379,0.0,0.0,0.0,0.0,0.0,0.0
0.260498,-0.335083,1.011841,-14.770507,-4.455566,10.742187,0.014492753623188406,0.0,0.0,0.0,0.0,1.0
0.26416,-0.351196,1.05835,-16.540527,-8.544922,11.901855,0.028985507246376812,0.0,0.0,0.0,0.0,1.0
0.252563,-0.339966,1.072998,-19.775391,-13.671874,12.756347,0.043478260869565216,0.0,0.0,0.0,0.0,1.0
0.238892,-0.332642,1.088989,-22.827147,-19.65332,13.183593,0.057971014492753624,0.0,0.0,0.0,0.0,1.0
0.219971,-0.331909,1.095215,-28.137205,-28.259275,13.97705,0.07246376811594203,0.0,0.0,0.0,0.0,1.0
0.194946,-0.331543,1.085938,-33.38623,-41.137691,13.305663,0.08695652173913043,0.0,0.0,0.0,0.0,1.0
0.226685,-0.338623,1.109375,-39.001465,-57.861324,12.023925,0.10144927536231885,0.0,0.0,0.0,0.0,1.0
0.294312,-0.360352,1.088013,-46.936031,-74.951172,12.268065,0.11594202898550725,0.0,0.0,0.0,0.0,1.0
0.35376,-0.365112,1.101196,-52.551266,-87.158195,13.793944,0.13043478260869565,0.0,0.0,0.0,0.0,1.0
0.365234,-0.360718,1.119629,-59.692379,-93.383781,17.272949,0.14492753623188406,0.0,0.0,0.0,0.0,1.0
0.31897,-0.380493,1.07312,-67.321777,-96.130363,17.578125,0.15942028985507245,0.0,0.0,0.0,0.0,1.0
0.280884,-0.385742,1.055298,-73.181152,-99.975578,15.075683,0.17391304347826086,0.0,0.0,0.0,0.0,1.0
0.25708,-0.38916,1.087402,-82.519524,-113.464348,14.648437,0.18840579710144928,0.0,0.0,0.0,0.0,1.0
0.27771,-0.401001,1.066406,-89.050285,-131.347656,11.596679,0.2028985507246377,0.0,0.0,0.0,0.0,1.0
0.289551,-0.406494,0.987061,-95.520012,-151.000977,11.718749,0.21739130434782608,0.0,0.0,0.0,0.0,1.0
0.362061,-0.444458,0.883789,-98.999016,-162.658676,14.22119,0.2318840579710145,0.0,0.0,0.0,0.0,1.0
0.424194,-0.463379,0.759521,-99.426262,-165.039047,18.981934,0.2463768115942029,0.0,0.0,0.0,0.0,1.0
0.441772,-0.454712,0.660522,-96.191399,-159.301758,25.085447,0.2608695652173913,0.0,0.0,0.0,0.0,1.0
0.596924,-0.469238,0.730225,-95.825188,-148.254395,28.625486,0.2753623188405797,0.0,0.0,0.0,0.0,1.0
0.505981,-0.499756,0.848022,-103.759758,-142.211914,33.630371,0.2898550724637681,0.0,0.0,0.0,0.0,1.0
0.275635,-0.450439,0.805542,-105.957024,-132.019043,25.390623,0.30434782608695654,0.0,0.0,0.0,0.0,1.0
0.173828,-0.486206,0.723022,-108.459465,-126.15966,21.545408,0.3188405797101449,0.0,0.0,0.0,0.0,1.0
0.234863,-0.512451,0.708862,-108.39843,-130.310059,18.310547,0.3333333333333333,0.0,0.0,0.0,0.0,1.0
0.183838,-0.494385,0.494263,-106.50634,-133.361816,14.343261,0.34782608695652173,0.0,0.0,0.0,0.0,1.0
0.264648,-0.488037,0.423706,-100.341789,-145.690918,11.230468,0.36231884057971014,0.0,0.0,0.0,0.0,1.0
0.34668,-0.492676,0.370728,-99.365227,-155.090332,7.263183,0.37681159420289856,0.0,0.0,0.0,0.0,1.0
0.347656,-0.510376,0.316772,-92.8955,-150.024414,6.469726,0.391304347826087,0.0,0.0,0.0,0.0,1.0
0.450195,-0.521851,0.371704,-90.393059,-132.324219,4.516602,0.4057971014492754,0.0,0.0,0.0,0.0,1.0
0.320435,-0.530396,0.414307,-86.608879,-105.102531,-0.915527,0.42028985507246375,0.0,0.0,0.0,0.0,1.0
0.110474,-0.602539,0.421265,-80.627434,-86.242668,-13.183593,0.43478260869565216,0.0,0.0,0.0,0.0,1.0
0.102295,-0.632813,0.2677,-73.852539,-78.430176,-26.123045,0.4492753623188406,0.0,0.0,0.0,0.0,1.0
0.169678,-0.618286,0.149292,-66.28418,-83.679192,-36.071777,0.463768115942029,0.0,0.0,0.0,0.0,1.0
0.234741,-0.588135,0.066895,-56.701656,-86.97509,-45.654293,0.4782608695652174,0.0,0.0,0.0,0.0,1.0
0.31897,-0.586548,0.168335,-49.072262,-83.862297,-55.297848,0.4927536231884058,0.0,0.0,0.0,0.0,1.0
0.259888,-0.588135,0.114258,-39.18457,-68.847656,-67.260742,0.5072463768115942,0.0,0.0,0.0,0.0,1.0
0.482422,-0.568237,0.109131,-29.541014,-59.143063,-81.420891,0.5217391304347826,0.0,0.0,0.0,0.0,1.0
0.772949,-1.018799,-1.525146,-11.291503,-35.03418,-80.871574,0.5362318840579711,0.0,0.0,0.0,0.0,1.0
-0.744995,0.429688,2.376221,-2.746582,-96.618645,-60.791012,0.5507246376811594,0.0,0.0,0.0,0.0,1.0
0.373413,-1.776855,2.320435,2.319336,-193.298325,-248.107895,0.5652173913043478,0.0,0.0,0.0,0.0,1.0
-0.973877,-0.675903,0.118652,52.001949,-73.364258,-125.793449,0.5797101449275363,0.0,0.0,0.0,0.0,1.0
0.964966,-0.444458,0.21228,-6.04248,-130.615234,-104.187004,0.5942028985507246,0.0,0.0,0.0,0.0,1.0
1.617798,-0.395142,0.039917,-0.915527,-35.583496,-49.804684,0.6086956521739131,0.0,0.0,0.0,0.0,1.0
1.400635,-0.289673,-0.171265,15.99121,106.50634,-35.766602,0.6231884057971014,0.0,0.0,0.0,0.0,1.0
0.891968,-0.342529,-0.119507,36.315918,231.445297,-68.908691,0.6376811594202898,0.0,0.0,0.0,0.0,1.0
0.627319,-0.481201,-0.081787,67.871094,269.958496,-94.116203,0.6521739130434783,0.0,0.0,0.0,0.0,1.0
0.620605,-0.47229,0.047607,90.698235,227.478012,-86.914055,0.6666666666666666,0.0,0.0,0.0,0.0,1.0
0.756226,-0.329346,0.194336,106.201164,166.13768,-62.561031,0.6811594202898551,0.0,0.0,0.0,0.0,1.0
0.849731,-0.307373,0.402588,115.966789,71.899414,-52.673336,0.6956521739130435,0.0,0.0,0.0,0.0,1.0
0.871216,-0.290771,0.555176,121.459953,-8.117676,-43.945309,0.7101449275362319,0.0,0.0,0.0,0.0,1.0
0.869019,-0.313965,0.675293,119.201653,-26.794432,-45.776363,0.7246376811594203,0.0,0.0,0.0,0.0,1.0
0.881226,-0.343384,0.636475,110.717766,-17.089844,-51.025387,0.7391304347826086,0.0,0.0,0.0,0.0,1.0
0.827271,-0.368774,0.615967,102.294914,-2.319336,-49.011227,0.7536231884057971,0.0,0.0,0.0,0.0,1.0
0.845947,-0.366577,0.595093,94.66552,10.0708,-47.363277,0.7681159420289855,0.0,0.0,0.0,0.0,1.0
0.918457,-0.354614,0.587646,88.317863,18.432617,-43.395992,0.782608695652174,0.0,0.0,0.0,0.0,1.0
0.956665,-0.309204,0.631958,83.557121,23.071287,-37.597656,0.7971014492753623,0.0,0.0,0.0,0.0,1.0
0.953857,-0.305786,0.744629,79.467773,23.559568,-31.98242,0.8115942028985508,0.0,0.0,0.0,0.0,1.0
0.936523,-0.321289,0.834473,73.669434,26.489256,-25.939939,0.8260869565217391,0.0,0.0,0.0,0.0,1.0
0.911987,-0.312988,0.87854,66.711426,27.160643,-20.324705,0.8405797101449275,0.0,0.0,0.0,0.0,1.0
0.883057,-0.330933,0.946045,60.363766,22.15576,-15.441894,0.855072463768116,0.0,0.0,0.0,0.0,1.0
0.896118,-0.325073,0.97168,53.344723,26.367186,-11.352538,0.8695652173913043,0.0,0.0,0.0,0.0,1.0
0.891235,-0.34729,0.980835,46.44775,32.653809,-7.141113,0.8840579710144928,0.0,0.0,0.0,0.0,1.0
0.825195,-0.358643,0.86145,39.489746,34.973145,-3.784179,0.8985507246376812,0.0,0.0,0.0,0.0,1.0
0.731934,-0.372437,0.742554,36.071777,29.724119,2.441406,0.9130434782608695,0.0,0.0,0.0,0.0,1.0
0.766113,-0.37146,0.755737,32.653809,18.188477,5.187988,0.927536231884058,0.0,0.0,0.0,0.0,1.0
0.832397,-0.34729,0.813232,29.663084,10.131835,6.04248,0.9420289855072463,0.0,0.0,0.0,0.0,1.0
0.871582,-0.307861,0.869873,25.085447,7.141113,5.004883,0.9565217391304348,0.0,0.0,0.0,0.0,1.0
0.829834,-0.328979,0.928101,20.935057,3.295898,5.92041,0.9710144927536232,0.0,0.0,0.0,0.0,1.0
0.788696,-0.319824,0.901855,15.747069,15.258788,4.821777,0.9855072463768116,0.0,0.0,0.0,0.0,1.0
0.742065,-0.334839,0.867188,11.230468,13.427733,5.004883,1.0,0.0,0.0,0.0,0.0,1.0
0.719849,-0.344971,0.845337,8.117676,13.732909,5.676269,0.0,0.0,0.0,0.0,0.0,0.0
0.72583,-0.33667,0.803223,4.821777,8.911133,5.92041,0.0,0.0,0.0,0.0,0.0,0.0
0.701172,-0.319946,0.776001,3.784179,3.90625,6.225585,0.0,0.0,0.0,0.0,0.0,0.0
0.702148,-0.313965,0.745483,2.807617,1.770019,6.04248,0.0,0.0,0.0,0.0,0.0,0.0
0.699463,-0.297119,0.747437,2.258301,-1.953125,5.310058,0.0,0.0,0.0,0.0,0.0,0.0
0.704468,-0.290283,0.747681,1.708984,-0.915527,5.676269,0.0,0.0,0.0,0.0,0.0,0.0
0.707031,-0.284424,0.750244,0.976562,1.464844,4.882813,0.0,0.0,0.0,0.0,0.0,0.0
0.698364,-0.293945,0.731445,0.305176,4.089355,4.638672,0.0,0.0,0.0,0.0,0.0,0.0
0.692017,-0.298706,0.715576,-0.488281,6.347656,4.272461,0.0,0.0,0.0,0.0,0.0,0.0
0.691284,-0.288818,0.701538,-1.525879,7.141113,3.601074,0.0,0.0,0.0,0.0,0.0,0.0
0.679199,-0.294312,0.68457,-1.770019,7.93457,2.990722,0.0,0.0,0.0,0.0,0.0,0.0
0.674072,-0.282837,0.661743,-2.075195,6.774902,2.624511,0.0,0.0,0.0,0.0,0.0,0.0
0.667847,-0.281616,0.659546,-1.770019,3.479004,2.075195,0.0,0.0,0.0,0.0,0.0,0.0
0.677368,-0.290161,0.664917,-1.708984,1.89209,1.708984,0.0,0.0,0.0,0.0,0.0,0.0
0.696533,-0.286865,0.661987,-1.403808,1.953125,1.342773,0.0,0.0,0.0,0.0,0.0,0.0
0.695801,-0.291138,0.671997,-1.098633,3.051758,1.586914,0.0,0.0,0.0,0.0,0.0,0.0
0.692749,-0.291016,0.668945,-1.098633,3.601074,1.281738,0.0,0.0,0.0,0.0,0.0,0.0
0.692383,-0.294556,0.675781,-1.220703,3.112793,0.854492,0.0,0.0,0.0,0.0,0.0,0.0
0.692993,-0.301147,0.660156,-0.854492,3.540039,0.915527,0.0,0.0,0.0,0.0,0.0,0.0
0.695068,-0.291016,0.657593,-0.549316,3.723144,1.098633,0.0,0.0,0.0,0.0,0.0,0.0
0.703491,-0.293091,0.664063,-0.244141,4.089355,0.732422,0.0,0.0,0.0,0.0,0.0,0.0
0.695313,-0.290039,0.655029,0.427246,4.272461,1.098633,0.0,0.0,0.0,0.0,0.0,0.0
0.700195,-0.299927,0.668701,0.549316,4.577637,1.464844,0.0,0.0,0.0,0.0,0.0,0.0
0.709351,-0.293213,0.674438,0.610352,5.004883,1.403808,0.0,0.0,0.0,0.0,0.0,0.0
0.69812,-0.299805,0.678955,0.366211,5.187988,1.525879,0.0,0.0,0.0,0.0,0.0,0.0
0.704834,-0.295654,0.68396,0.305176,5.737304,1.708984,0.0,0.0,0.0,0.0,0.0,0.0
0.693237,-0.305176,0.694458,0.0,5.615234,1.403808,0.0,0.0,0.0,0.0,0.0,0.0
0.695435,-0.294189,0.691772,-0.671387,5.615234,1.159668,0.0,0.0,0.0,0.0,0.0,0.0
0.703613,-0.29834,0.689331,-0.732422,5.187988,1.464844,0.0,0.0,0.0,0.0,0.0,0.0
0.698853,-0.302002,0.684326,-0.854492,5.004883,1.831055,0.0,0.0,0.0,0.0,0.0,0.0
0.70813,-0.310547,0.686401,-0.183105,5.615234,1.953125,0.0,0.0,0.0,0.0,0.0,0.0
0.708252,-0.300903,0.684692,-0.12207,5.676269,2.258301,0.0,0.0,0.0,0.0,0.0,0.0
0.698486,-0.295776,0.696655,-0.183105,5.187988,2.13623,0.0,0.0,0.0,0.0,0.0,0.0
0.697998,-0.305298,0.697876,-0.488281,4.760742,2.563476,0.0,0.0,0.0,0.0,0.0,0.0
0.69165,-0.312622,0.696289,-0.549316,4.516602,3.295898,0.0,0.0,0.0,0.0,0.0,0.0
0.700439,-0.300903,0.700317,-0.610352,4.089355,3.601074,0.0,0.0,0.0,0.0,0.0,0.0
0.698364,-0.30542,0.702148,-0.793457,4.150391,3.601074,0.0,0.0,0.0,0.0,0.0,0.0
0.693359,-0.302124,0.703003,-1.098633,4.882813,3.967285,0.0,0.0,0.0,0.0,0.0,0.0
0.694702,-0.303467,0.70874,-1.403808,5.554199,4.089355,0.0,0.0,0.0,0.0,0.0,0.0
0.691162,-0.308472,0.702881,-1.708984,6.225585,4.150391,0.0,0.0,0.0,0.0,0.0,0.0
0.699829,-0.319824,0.712402,-1.831055,6.530761,4.02832,0.0,0.0,0.0,0.0,0.0,0.0
0.695313,-0.310547,0.710815,-2.01416,6.835937,4.516602,0.0,0.0,0.0,0.0,0.0,0.0
0.693481,-0.313721,0.714722,-2.075195,7.873535,4.882813,0.0,0.0,0.0,0.0,0.0,0.0
0.703491,-0.313477,0.708496,-1.89209,8.605957,5.065917,0.0,0.0,0.0,0.0,0.0,0.0
0.710449,-0.312744,0.711426,-2.380371,8.666992,5.676269,0.0,0.0,0.0,0.0,0.0,0.0
0.709106,-0.317505,0.718994,-2.502441,9.399414,6.408691,0.0,0.0,0.0,0.0,0.0,0.0
0.713989,-0.318237,0.728882,-2.197266,10.925292,6.958007,0.0,0.0,0.0,0.0,0.0,0.0
0.726318,-0.316406,0.730469,-2.624511,13.610839,7.446289,0.0,0.0,0.0,0.0,0.0,0.0
0.731323,-0.31665,0.738037,-3.356933,15.014647,7.995605,0.0,0.0,0.0,0.0,0.0,0.0
0.746582,-0.310791,0.755127,-4.272461,17.456055,8.972168,0.012345679012345678,0.0,0.0,0.0,0.0,1.0
0.753296,-0.318115,0.762939,-5.676269,20.629881,10.620116,0.024691358024691357,0.0,0.0,0.0,0.0,1.0
0.753174,-0.314819,0.7948,-7.263183,22.338865,13.305663,0.037037037037037035,0.0,0.0,0.0,0.0,1.0
0.794434,-0.320557,0.779175,-8.850098,23.498533,16.174316,0.04938271604938271,0.0,0.0,0.0,0.0,1.0
0.790894,-0.33667,0.797485,-9.82666,23.315428,22.216795,0.06172839506172839,0.0,0.0,0.0,0.0,1.0
0.751465,-0.335693,0.823608,-12.023925,25.085447,25.573729,0.07407407407407407,0.0,0.0,0.0,0.0,1.0
0.772827,-0.335205,0.825439,-14.465331,28.442381,26.489256,0.08641975308641975,0.0,0.0,0.0,0.0,1.0
0.785156,-0.325684,0.823364,-16.540527,29.602049,28.686522,0.09876543209876543,0.0,0.0,0.0,0.0,1.0
0.782349,-0.332031,0.829102,-18.859863,30.639647,31.311033,0.1111111111111111,0.0,0.0,0.0,0.0,1.0
0.771606,-0.337646,0.853027,-22.27783,30.944822,32.958984,0.12345679012345678,0.0,0.0,0.0,0.0,1.0
0.797485,-0.345581,0.901733,-25.939939,31.005857,35.339355,0.13580246913580246,0.0,0.0,0.0,0.0,1.0
0.802979,-0.350586,0.934082,-30.151365,28.808592,39.855957,0.14814814814814814,0.0,0.0,0.0,0.0,1.0
0.798096,-0.345703,0.93042,-35.27832,25.878904,46.630856,0.16049382716049382,0.0,0.0,0.0,0.0,1.0
0.77478,-0.345703,0.926025,-40.344234,18.310547,53.161617,0.1728395061728395,0.0,0.0,0.0,0.0,1.0
0.744507,-0.339966,0.894897,-45.471188,11.169433,58.959957,0.18518518518518517,0.0,0.0,0.0,0.0,1.0
0.715088,-0.362305,0.850098,-49.865719,4.02832,63.720699,0.19753086419753085,0.0,0.0,0.0,0.0,1.0
0.68042,-0.380615,0.775513,-52.36816,-1.403808,66.711426,0.20987654320987653,0.0,0.0,0.0,0.0,1.0
0.649292,-0.406616,0.744141,-53.710934,-9.094238,69.213867,0.2222222222222222,0.0,0.0,0.0,0.0,1.0
0.62915,-0.418335,0.728638,-56.579586,-20.1416,71.411133,0.2345679012345679,0.0,0.0,0.0,0.0,1.0
0.62439,-0.434692,0.747803,-58.837887,-28.19824,73.974609,0.24691358024691357,0.0,0.0,0.0,0.0,1.0
0.595093,-0.445679,0.77417,-61.401363,-33.630371,74.829102,0.25925925925925924,0.0,0.0,0.0,0.0,1.0
0.550781,-0.449707,0.767456,-64.880371,-35.827637,72.937012,0.2716049382716049,0.0,0.0,0.0,0.0,1.0
0.54187,-0.472168,0.746216,-66.894531,-36.315918,71.044922,0.2839506172839506,0.0,0.0,0.0,0.0,1.0
0.515259,-0.475098,0.690552,-68.54248,-40.710445,70.495605,0.2962962962962963,0.0,0.0,0.0,0.0,1.0
0.486206,-0.477417,0.616577,-69.152832,-44.55566,70.617676,0.30864197530864196,0.0,0.0,0.0,0.0,1.0
0.511597,-0.486816,0.592041,-69.641113,-47.180172,70.495605,0.32098765432098764,0.0,0.0,0.0,0.0,1.0
0.480103,-0.49353,0.57251,-68.54248,-50.964352,70.43457,0.3333333333333333,0.0,0.0,0.0,0.0,1.0
0.433472,-0.497192,0.534546,-69.885254,-51.025387,70.617676,0.345679012345679,0.0,0.0,0.0,0.0,1.0
0.406616,-0.523804,0.553223,-69.641113,-55.175777,67.260742,0.35802469135802467,0.0,0.0,0.0,0.0,1.0
0.420532,-0.530029,0.548584,-70.251465,-57.617184,63.476559,0.37037037037037035,0.0,0.0,0.0,0.0,1.0
0.403687,-0.538208,0.546631,-70.861816,-57.006832,63.293453,0.38271604938271603,0.0,0.0,0.0,0.0,1.0
0.374268,-0.521362,0.588135,-71.472168,-58.1665,60.729977,0.3950617283950617,0.0,0.0,0.0,0.0,1.0
0.337036,-0.534546,0.41394,-73.120117,-62.805172,55.847164,0.4074074074074074,0.0,0.0,0.0,0.0,1.0
0.331299,-0.565552,0.405884,-68.908691,-61.889645,56.15234,0.41975308641975306,0.0,0.0,0.0,0.0,1.0
0.294067,-0.587402,0.351563,-68.481445,-67.382813,49.438473,0.43209876543209874,0.0,0.0,0.0,0.0,1.0
0.31189,-0.58728,0.383057,-66.40625,-68.29834,42.236324,0.4444444444444444,0.0,0.0,0.0,0.0,1.0
0.291504,-0.574707,0.383789,-65.307617,-67.382813,36.315918,0.4567901234567901,0.0,0.0,0.0,0.0,1.0
0.24353,-0.576538,0.332886,-63.903805,-64.208984,30.517576,0.4691358024691358,0.0,0.0,0.0,0.0,1.0
0.235229,-0.593506,0.324829,-61.157223,-58.959957,23.559568,0.48148148148148145,0.0,0.0,0.0,0.0,1.0
0.203247,-0.600464,0.248535,-58.349606,-52.612301,15.86914,0.49382716049382713,0.0,0.0,0.0,0.0,1.0
0.205811,-0.618896,0.23584,-54.13818,-48.156734,8.056641,0.5061728395061729,0.0,0.0,0.0,0.0,1.0
0.223999,-0.636841,0.216797,-49.011227,-44.982906,-0.305176,0.5185185185185185,0.0,0.0,0.0,0.0,1.0
0.171143,-0.633667,0.168823,-39.489746,-38.452148,-9.70459,0.5308641975308642,0.0,0.0,0.0,0.0,1.0
0.195313,-0.657959,0.103027,-31.616209,-35.766602,-23.986814,0.5432098765432098,0.0,0.0,0.0,0.0,1.0
0.177124,-0.657959,0.167114,-24.353025,-41.503902,-41.809078,0.5555555555555556,0.0,0.0,0.0,0.0,1.0
0.079956,-0.668701,0.282959,-12.634276,-50.354,-63.415524,0.5679012345679012,0.0,0.0,0.0,0.0,1.0
-0.008911,-0.633057,0.183228,-3.784179,-61.157223,-85.327141,0.5802469135802469,0.0,0.0,0.0,0.0,1.0
0.207031,-0.632446,0.044922,7.751464,-82.092278,-90.75927,0.5925925925925926,0.0,0.0,0.0,0.0,1.0
0.55188,-0.625122,0.062012,13.610839,-90.515129,-89.11132,0.6049382716049383,0.0,0.0,0.0,0.0,1.0
0.746582,-0.542358,0.140991,18.493652,-63.96484,-90.209953,0.6172839506172839,0.0,0.0,0.0,0.0,1.0
0.676514,-0.596191,0.160522,25.939939,-20.507811,-95.397942,0.6296296296296297,0.0,0.0,0.0,0.0,1.0
0.570923,-0.646118,0.138672,39.123535,23.071287,-101.379387,0.6419753086419753,0.0,0.0,0.0,0.0,1.0
0.906494,-0.953125,-1.17981,55.664059,35.27832,-103.942863,0.654320987654321,0.0,0.0,0.0,0.0,1.0
-1.020264,-0.358643,-0.060425,104.61425,31.066893,-87.707512,0.6666666666666666,0.0,0.0,0.0,0.0,1.0
0.744629,-0.151855,1.869507,9.643555,-52.673336,-228.149399,0.6790123456790124,0.0,0.0,0.0,0.0,1.0
0.349121,-1.236694,0.695801,145.263672,-42.41943,-173.339828,0.691358024691358,0.0,0.0,0.0,0.0,1.0
0.429443,-0.405518,0.177979,49.987789,-122.985832,-82.580559,0.7037037037037037,0.0,0.0,0.0,0.0,1.0
1.960938,-0.434082,0.780396,33.26416,-37.353516,-83.984367,0.7160493827160493,0.0,0.0,0.0,0.0,1.0
1.566162,-0.294312,0.526001,35.766602,62.744137,-32.714844,0.7283950617283951,0.0,0.0,0.0,0.0,1.0
1.079956,-0.318237,0.448853,34.301758,193.786606,-65.856934,0.7407407407407407,0.0,0.0,0.0,0.0,1.0
0.751099,-0.475586,0.222656,47.851559,246.765121,-87.951653,0.7530864197530864,0.0,0.0,0.0,0.0,1.0
0.655151,-0.495728,0.244385,61.218258,198.486313,-80.26123,0.7654320987654321,0.0,0.0,0.0,0.0,1.0
0.844604,-0.456299,0.458496,68.115234,131.713867,-58.593746,0.7777777777777778,0.0,0.0,0.0,0.0,1.0
1.02002,-0.369995,0.611206,74.890137,70.3125,-44.006344,0.7901234567901234,0.0,0.0,0.0,0.0,1.0
0.97937,-0.37207,0.718384,77.514648,16.662598,-35.339355,0.8024691358024691,0.0,0.0,0.0,0.0,1.0
0.942383,-0.38501,0.767212,74.035645,-0.610352,-33.447266,0.8148148148148148,0.0,0.0,0.0,0.0,1.0
0.947021,-0.397339,0.758423,67.138672,2.563476,-35.15625,0.8271604938271605,0.0,0.0,0.0,0.0,1.0
0.929932,-0.403198,0.656616,59.997555,14.343261,-32.836914,0.8395061728395061,0.0,0.0,0.0,0.0,1.0
0.907593,-0.397583,0.598389,53.405758,22.888182,-30.151365,0.8518518518518519,0.0,0.0,0.0,0.0,1.0
0.955444,-0.397217,0.611206,48.767086,27.465818,-25.512693,0.8641975308641975,0.0,0.0,0.0,0.0,1.0
0.947998,-0.402954,0.682861,43.457027,28.19824,-16.113281,0.8765432098765432,0.0,0.0,0.0,0.0,1.0
0.941895,-0.367065,0.759399,36.682129,29.907225,-9.155273,0.8888888888888888,0.0,0.0,0.0,0.0,1.0
0.889893,-0.373657,0.802856,31.616209,28.19824,-4.089355,0.9012345679012346,0.0,0.0,0.0,0.0,1.0
0.842163,-0.372559,0.800415,27.221678,26.30615,-2.380371,0.9135802469135802,0.0,0.0,0.0,0.0,1.0
0.807617,-0.400757,0.798706,23.803709,21.789549,-1.708984,0.9259259259259259,0.0,0.0,0.0,0.0,1.0
0.80249,-0.409912,0.790649,20.874022,17.456055,-0.12207,0.9382716049382716,0.0,0.0,0.0,0.0,1.0
0.79834,-0.40918,0.778198,18.005371,14.953612,1.89209,0.9506172839506173,0.0,0.0,0.0,0.0,1.0
0.775024,-0.404541,0.759766,15.319823,13.122558,2.685547,0.9629629629629629,0.0,0.0,0.0,0.0,1.0
0.742554,-0.404663,0.696655,13.244628,11.230468,3.479004,0.9753086419753086,0.0,0.0,0.0,0.0,1.0
0.733521,-0.406494,0.682373,11.535644,7.141113,4.333496,0.9876543209876543,0.0,0.0,0.0,0.0,1.0
0.739136,-0.392822,0.696899,8.605957,4.516602,4.699707,1.0,0.0,0.0,0.0,0.0,1.0
0.739746,-0.378174,0.709839,5.92041,5.126953,4.821777,0.0,0.0,0.0,0.0,0.0,0.0
0.740845,-0.375488,0.710327,3.601074,7.446289,4.638672,0.0,0.0,0.0,0.0,0.0,0.0
0.733154,-0.370605,0.69397,1.525879,10.19287,3.845215,0.0,0.0,0.0,0.0,0.0,0.0
0.708618,-0.364014,0.683472,-0.305176,10.19287,3.417969,0.0,0.0,0.0,0.0,0.0,0.0
0.686646,-0.365601,0.653076,-1.525879,6.774902,3.417969,0.0,0.0,0.0,0.0,0.0,0.0
0.699707,-0.36853,0.637085,-1.586914,2.868652,3.540039,0.0,0.0,0.0,0.0,0.0,0.0
0.697754,-0.364258,0.646851,-0.976562,-0.610352,3.417969,0.0,0.0,0.0,0.0,0.0,0.0
0.704102,-0.360962,0.634399,-1.037598,0.183105,3.417969,0.0,0.0,0.0,0.0,0.0,0.0
0.69812,-0.357666,0.612915,-0.671387,3.662109,2.929687,0.0,0.0,0.0,0.0,0.0,0.0
0.694214,-0.35437,0.598755,-0.915527,5.554199,2.502441,0.0,0.0,0.0,0.0,0.0,0.0
0.709717,-0.350952,0.612915,-1.159668,7.385253,1.953125,0.0,0.0,0.0,0.0,0.0,0.0
0.701416,-0.342651,0.612061,-1.159668,7.690429,1.770019,0.0,0.0,0.0,0.0,0.0,0.0
0.686401,-0.340454,0.608521,-1.220703,6.591796,0.854492,0.0,0.0,0.0,0.0,0.0,0.0
0.670166,-0.345581,0.599121,-0.915527,4.211426,0.366211,0.0,0.0,0.0,0.0,0.0,0.0
0.675293,-0.356323,0.582275,-0.610352,1.403808,0.244141,0.0,0.0,0.0,0.0,0.0,0.0
0.696899,-0.354736,0.592407,-0.427246,-1.098633,0.183105,0.0,0.0,0.0,0.0,0.0,0.0
0.695557,-0.358032,0.603638,0.366211,-1.525879,-0.427246,0.0,0.0,0.0,0.0,0.0,0.0
0.697998,-0.364136,0.606079,0.854492,-0.610352,-1.281738,0.0,0.0,0.0,0.0,0.0,0.0
0.691528,-0.36499,0.610596,1.037598,0.366211,-1.586914,0.0,0.0,0.0,0.0,0.0,0.0
0.691162,-0.36084,0.604736,1.098633,0.427246,-1.953125,0.0,0.0,0.0,0.0,0.0,0.0
0.710571,-0.357666,0.607666,1.037598,1.220703,-2.197266,0.0,0.0,0.0,0.0,0.0,0.0
0.716064,-0.354614,0.616211,1.525879,1.89209,-2.075195,0.0,0.0,0.0,0.0,0.0,0.0
0.7052,-0.355469,0.629395,1.525879,3.173828,-2.01416,0.0,0.0,0.0,0.0,0.0,0.0
0.696167,-0.366455,0.614014,1.525879,3.479004,-2.197266,0.0,0.0,0.0,0.0,0.0,0.0
0.707153,-0.364746,0.619507,1.647949,2.01416,-1.586914,0.0,0.0,0.0,0.0,0.0,0.0
0.712891,-0.357056,0.637573,1.037598,0.061035,-1.647949,0.0,0.0,0.0,0.0,0.0,0.0
0.714966,-0.364136,0.633545,0.549316,-0.854492,-1.89209,0.0,0.0,0.0,0.0,0.0,0.0
0.706421,-0.358276,0.629028,0.061035,-1.647949,-2.319336,0.0,0.0,0.0,0.0,0.0,0.0
0.715942,-0.360596,0.619995,-0.427246,-2.13623,-2.502441,0.0,0.0,0.0,0.0,0.0,0.0
0.705078,-0.362305,0.632935,-0.366211,-3.479004,-1.953125,0.0,0.0,0.0,0.0,0.0,0.0
0.729248,-0.362671,0.629517,-0.305176,-3.723144,-1.708984,0.0,0.0,0.0,0.0,0.0,0.0
0.717529,-0.369629,0.631714,-0.244141,-3.173828,-1.159668,0.0,0.0,0.0,0.0,0.0,0.0
0.721069,-0.361328,0.644897,-0.305176,-1.464844,-1.342773,0.0,0.0,0.0,0.0,0.0,0.0
0.723511,-0.368042,0.634277,0.0,0.12207,-1.403808,0.0,0.0,0.0,0.0,0.0,0.0
0.717651,-0.369751,0.63208,-0.061035,1.342773,-1.220703,0.0,0.0,0.0,0.0,0.0,0.0
0.70874,-0.370605,0.629395,0.305176,1.89209,-1.403808,0.0,0.0,0.0,0.0,0.0,0.0
0.708984,-0.372192,0.625854,0.610352,2.197266,-1.403808,0.0,0.0,0.0,0.0,0.0,0.0
0.707886,-0.365356,0.633667,0.854492,1.220703,-1.220703,0.0,0.0,0.0,0.0,0.0,0.0
0.718872,-0.370239,0.631226,0.915527,0.061035,-0.854492,0.0,0.0,0.0,0.0,0.0,0.0
0.718994,-0.369751,0.641724,0.976562,-0.061035,-0.732422,0.0,0.0,0.0,0.0,0.0,0.0
0.710327,-0.370605,0.638916,1.281738,0.0,-0.244141,0.0,0.0,0.0,0.0,0.0,0.0
0.709961,-0.36853,0.635132,0.915527,0.061035,-0.427246,0.0,0.0,0.0,0.0,0.0,0.0
0.721313,-0.362183,0.633057,1.098633,0.488281,-0.427246,0.0,0.0,0.0,0.0,0.0,0.0
0.715088,-0.358521,0.631714,0.976562,0.244141,0.061035,0.0,0.0,0.0,0.0,0.0,0.0
0.720093,-0.355713,0.640381,0.915527,0.366211,-0.183105,0.0,0.0,0.0,0.0,0.0,0.0
0.720215,-0.356934,0.634644,0.976562,1.098633,0.0,0.0,0.0,0.0,0.0,0.0,0.0
0.7146,-0.364868,0.637207,0.915527,1.403808,0.061035,0.0,0.0,0.0,0.0,0.0,0.0
0.713745,-0.370728,0.630737,0.976562,2.01416,0.244141,0.0,0.0,0.0,0.0,0.0,0.0
0.711914,-0.367188,0.640015,0.915527,2.441406,0.244141,0.0,0.0,0.0,0.0,0.0,0.0
0.718262,-0.364746,0.636963,0.671387,2.502441,0.366211,0.0,0.0,0.0,0.0,0.0,0.0
0.715576,-0.361084,0.641724,0.610352,2.685547,0.610352,0.0,0.0,0.0,0.0,0.0,0.0
0.713379,-0.370483,0.632202,0.549316,2.990722,0.671387,0.0,0.0,0.0,0.0,0.0,0.0
0.707764,-0.357422,0.643677,0.488281,3.112793,0.915527,0.0,0.0,0.0,0.0,0.0,0.0
0.707397,-0.368042,0.637695,0.0,3.356933,1.037598,0.0,0.0,0.0,0.0,0.0,0.0
0.707275,-0.366577,0.643188,0.305176,3.356933,1.281738,0.0,0.0,0.0,0.0,0.0,0.0
0.71228,-0.368286,0.646973,0.244141,3.540039,1.098633,0.0,0.0,0.0,0.0,0.0,0.0
0.710693,-0.36377,0.640381,-0.183105,3.295898,0.976562,0.0,0.0,0.0,0.0,0.0,0.0
0.705688,-0.361816,0.641968,-0.061035,3.295898,0.732422,0.0,0.0,0.0,0.0,0.0,0.0
0.709106,-0.365967,0.650146,0.061035,3.540039,0.732422,0.0,0.0,0.0,0.0,0.0,0.0
0.708862,-0.361938,0.64502,-0.244141,3.967285,0.610352,0.0,0.0,0.0,0.0,0.0,0.0
0.7229,-0.358154,0.646729,-0.366211,4.272461,0.793457,0.0,0.0,0.0,0.0,0.0,0.0
0.723877,-0.361572,0.649902,-0.183105,4.211426,0.915527,0.0,0.0,0.0,0.0,0.0,0.0
0.727051,-0.368408,0.654297,-0.366211,4.516602,1.220703,0.0,0.0,0.0,0.0,0.0,0.0
0.720825,-0.364014,0.653198,-0.427246,4.577637,1.586914,0.0,0.0,0.0,0.0,0.0,0.0
0.733765,-0.365479,0.656372,-0.488281,5.310058,1.586914,0.0,0.0,0.0,0.0,0.0,0.0
0.731689,-0.368164,0.658203,-0.183105,6.591796,2.258301,0.0,0.0,0.0,0.0,0.0,0.0
0.732788,-0.37915,0.653442,-0.244141,8.789063,2.868652,0.0,0.0,0.0,0.0,0.0,0.0
0.753418,-0.392456,0.651978,1.647949,13.85498,2.990722,0.013333333333333334,0.0,0.0,0.0,0.0,1.0
0.7771,-0.390259,0.658813,2.441406,18.493652,3.356933,0.02666666666666667,0.0,0.0,0.0,0.0,1.0
0.796631,-0.382202,0.686157,2.746582,24.963377,4.150391,0.04,0.0,0.0,0.0,0.0,1.0
0.824707,-0.382568,0.711426,1.098633,32.226563,5.615234,0.05333333333333334,0.0,0.0,0.0,0.0,1.0
0.81897,-0.381104,0.774414,-0.427246,40.466305,8.544922,0.06666666666666667,0.0,0.0,0.0,0.0,1.0
0.840332,-0.366821,0.815308,-3.662109,49.560543,12.390136,0.08,0.0,0.0,0.0,0.0,1.0
0.876587,-0.363647,0.839722,-7.507324,59.570309,17.211914,0.09333333333333334,0.0,0.0,0.0,0.0,1.0
0.907837,-0.38147,0.81189,-10.925292,71.228027,24.414061,0.10666666666666667,0.0,0.0,0.0,0.0,1.0
0.919434,-0.377319,0.846069,-11.779784,75.439453,32.714844,0.12,0.0,0.0,0.0,0.0,1.0
1.025635,-0.417725,0.850342,-13.793944,80.566399,42.114254,0.13333333333333333,0.0,0.0,0.0,0.0,1.0
0.957153,-0.437012,0.835205,-14.587401,81.359856,55.053707,0.14666666666666667,0.0,0.0,0.0,0.0,1.0
0.871216,-0.442017,0.872314,-17.272949,78.979492,65.063477,0.16,0.0,0.0,0.0,0.0,1.0
0.853027,-0.440918,0.913818,-19.65332,70.556641,72.265625,0.17333333333333334,0.0,0.0,0.0,0.0,1.0
0.83252,-0.435913,0.900146,-23.132322,63.903805,78.674316,0.18666666666666668,0.0,0.0,0.0,0.0,1.0
0.854614,-0.425415,0.910767,-27.343748,57.006832,84.350578,0.2,0.0,0.0,0.0,0.0,1.0
0.835205,-0.415283,0.915161,-32.592773,51.208492,89.538567,0.21333333333333335,0.0,0.0,0.0,0.0,1.0
0.78125,-0.400513,0.900269,-38.513184,44.372555,95.458977,0.22666666666666666,0.0,0.0,0.0,0.0,1.0
0.704956,-0.404785,0.84021,-43.823238,35.095215,99.304192,0.24,0.0,0.0,0.0,0.0,1.0
0.672119,-0.421387,0.820313,-47.241207,24.841307,102.539055,0.25333333333333335,0.0,0.0,0.0,0.0,1.0
0.659912,-0.438477,0.835083,-50.537106,15.258788,104.553215,0.26666666666666666,0.0,0.0,0.0,0.0,1.0
0.614624,-0.45105,0.824341,-53.894039,10.0708,107.910149,0.28,0.0,0.0,0.0,0.0,1.0
0.573853,-0.470825,0.829956,-59.020992,8.483887,112.54882,0.29333333333333333,0.0,0.0,0.0,0.0,1.0
0.501221,-0.461304,0.853027,-65.002441,6.16455,114.562981,0.30666666666666664,0.0,0.0,0.0,0.0,1.0
0.424683,-0.469238,0.835938,-70.678711,6.652832,113.586418,0.32,0.0,0.0,0.0,0.0,1.0
0.341919,-0.459961,0.781616,-76.293945,3.234863,112.121574,0.3333333333333333,0.0,0.0,0.0,0.0,1.0
0.27063,-0.506714,0.692749,-79.650879,-3.234863,107.910149,0.3466666666666667,0.0,0.0,0.0,0.0,1.0
0.201294,-0.519897,0.594971,-80.200195,-14.282226,103.759758,0.36,0.0,0.0,0.0,0.0,1.0
0.140137,-0.529541,0.526001,-79.772949,-26.733397,96.740715,0.37333333333333335,0.0,0.0,0.0,0.0,1.0
0.127319,-0.526855,0.482544,-77.209473,-37.414551,90.026848,0.38666666666666666,0.0,0.0,0.0,0.0,1.0
0.113525,-0.532471,0.493896,-76.538086,-49.682613,83.374016,0.4,0.0,0.0,0.0,0.0,1.0
0.083008,-0.533691,0.532593,-76.416016,-57.922359,75.256348,0.41333333333333333,0.0,0.0,0.0,0.0,1.0
0.060547,-0.524658,0.573486,-77.453613,-62.499996,65.002441,0.4266666666666667,0.0,0.0,0.0,0.0,1.0
0.029297,-0.507324,0.598633,-79.589844,-63.232418,54.443356,0.44,0.0,0.0,0.0,0.0,1.0
0.058472,-0.525391,0.459595,-78.24707,-58.593746,46.203609,0.4533333333333333,0.0,0.0,0.0,0.0,1.0
-0.005737,-0.558716,0.36145,-77.880859,-61.157223,42.114254,0.4666666666666667,0.0,0.0,0.0,0.0,1.0
-0.005859,-0.55957,0.339844,-77.453613,-58.04443,31.005857,0.48,0.0,0.0,0.0,0.0,1.0
0.037354,-0.56543,0.270752,-74.523926,-55.603024,18.798828,0.49333333333333335,0.0,0.0,0.0,0.0,1.0
0.022095,-0.582031,0.175903,-70.129395,-52.978512,10.498046,0.5066666666666667,0.0,0.0,0.0,0.0,1.0
-0.040894,-0.614624,0.244751,-62.499996,-56.823727,1.098633,0.52,0.0,0.0,0.0,0.0,1.0
-0.003052,-0.61145,0.218872,-58.105465,-54.687496,-12.390136,0.5333333333333333,0.0,0.0,0.0,0.0,1.0
-0.001221,-0.632446,0.262573,-51.696774,-57.739254,-23.925779,0.5466666666666666,0.0,0.0,0.0,0.0,1.0
-0.029053,-0.652466,0.245361,-46.081539,-61.645504,-37.658691,0.56,0.0,0.0,0.0,0.0,1.0
0.030396,-0.650757,0.233398,-37.780762,-61.523434,-51.025387,0.5733333333333334,0.0,0.0,0.0,0.0,1.0
0.057861,-0.665283,0.140991,-28.07617,-61.767574,-63.537594,0.5866666666666667,0.0,0.0,0.0,0.0,1.0
0.055786,-0.640503,0.10144,-16.784668,-64.51416,-81.481926,0.6,0.0,0.0,0.0,0.0,1.0
0.02832,-0.599976,0.119751,-7.629394,-64.819336,-102.355949,0.6133333333333333,0.0,0.0,0.0,0.0,1.0
0.129517,-0.58252,0.130981,-0.427246,-68.725586,-115.417473,0.6266666666666667,0.0,0.0,0.0,0.0,1.0
0.362793,-0.599976,0.165527,8.605957,-66.223145,-116.21093,0.64,0.0,0.0,0.0,0.0,1.0
0.546021,-0.601685,0.126953,14.09912,-59.387203,-116.394035,0.6533333333333333,0.0,0.0,0.0,0.0,1.0
0.557861,-0.606812,-0.011353,22.094725,-34.606934,-117.309563,0.6666666666666666,0.0,0.0,0.0,0.0,1.0
0.811768,-1.135986,-1.443604,44.860836,24.29199,-119.628899,0.68,0.0,0.0,0.0,0.0,1.0
-2.434082,0.399414,1.557373,39.978027,-121.582024,-122.802727,0.6933333333333334,0.0,0.0,0.0,0.0,1.0
-0.062134,-1.210938,1.905151,66.711426,-128.234863,-267.700195,0.7066666666666667,0.0,0.0,0.0,0.0,1.0
-0.476929,-1.013062,0.389771,78.796387,-58.959957,-152.832031,0.72,0.0,0.0,0.0,0.0,1.0
0.84436,-0.638306,0.429443,30.334471,-117.614738,-147.277832,0.7333333333333333,0.0,0.0,0.0,0.0,1.0
1.695068,-0.364868,0.408081,31.86035,-49.682613,-69.458008,0.7466666666666667,0.0,0.0,0.0,0.0,1.0
1.650757,-0.264404,0.108765,30.944822,107.238762,-73.547363,0.76,0.0,0.0,0.0,0.0,1.0
1.0448,-0.413452,0.271362,36.560059,228.027328,-102.050774,0.7733333333333333,0.0,0.0,0.0,0.0,1.0
0.806885,-0.435425,0.184448,51.086422,294.799805,-123.168938,0.7866666666666666,0.0,0.0,0.0,0.0,1.0
0.722412,-0.478027,0.24292,79.406738,215.393051,-110.595695,0.8,0.0,0.0,0.0,0.0,1.0
0.744873,-0.453247,0.366455,93.200676,73.974609,-79.589844,0.8133333333333334,0.0,0.0,0.0,0.0,1.0
0.897217,-0.405518,0.453369,94.299309,6.652832,-58.28857,0.8266666666666667,0.0,0.0,0.0,0.0,1.0
1.053711,-0.330933,0.685669,89.843742,-33.325195,-52.429195,0.84,0.0,0.0,0.0,0.0,1.0
1.109741,-0.345215,0.819214,80.13916,-11.230468,-49.316402,0.8533333333333334,0.0,0.0,0.0,0.0,1.0
1.045288,-0.381714,0.850952,66.833496,17.333984,-48.828121,0.8666666666666667,0.0,0.0,0.0,0.0,1.0
0.998901,-0.400146,0.844238,53.894039,39.733887,-44.921871,0.88,0.0,0.0,0.0,0.0,1.0
0.93689,-0.391724,0.809326,43.701168,44.738766,-37.719727,0.8933333333333333,0.0,0.0,0.0,0.0,1.0
0.953003,-0.394653,0.797974,36.865234,42.66357,-31.188963,0.9066666666666666,0.0,0.0,0.0,0.0,1.0
0.862305,-0.443115,0.716553,32.348633,36.071777,-25.451658,0.92,0.0,0.0,0.0,0.0,1.0
0.764282,-0.435913,0.621826,31.005857,22.888182,-20.507811,0.9333333333333333,0.0,0.0,0.0,0.0,1.0
0.77124,-0.416504,0.651123,30.639647,4.699707,-17.51709,0.9466666666666667,0.0,0.0,0.0,0.0,1.0
0.845337,-0.403687,0.729248,30.273436,-8.056641,-13.732909,0.96,0.0,0.0,0.0,0.0,1.0
0.879639,-0.411133,0.802368,28.808592,-13.549804,-8.850098,0.9733333333333334,0.0,0.0,0.0,0.0,1.0
0.854614,-0.429077,0.831909,24.414061,-5.493164,-5.493164,0.9866666666666667,0.0,0.0,0.0,0.0,1.0
0.812866,-0.441406,0.843262,19.592285,2.746582,-4.516602,1.0,0.0,0.0,0.0,0.0,1.0
0.773926,-0.435059,0.807495,15.258788,9.94873,-3.173828,0.0,0.0,0.0,0.0,0.0,0.0
0.74646,-0.425293,0.786987,11.779784,13.122558,-2.502441,0.0,0.0,0.0,0.0,0.0,0.0
0.73999,-0.427612,0.784424,9.216309,11.474608,-2.13623,0.0,0.0,0.0,0.0,0.0,0.0
0.735596,-0.425537,0.753296,6.591796,9.399414,-1.770019,0.0,0.0,0.0,0.0,0.0,0.0
0.695679,-0.420166,0.683716,6.103515,5.554199,-1.342773,0.0,0.0,0.0,0.0,0.0,0.0
0.698608,-0.403809,0.668579,5.737304,-0.915527,-0.793457,0.0,0.0,0.0,0.0,0.0,0.0
0.732178,-0.403564,0.690186,5.676269,-5.981445,-0.549316,0.0,0.0,0.0,0.0,0.0,0.0
0.743408,-0.390991,0.718628,5.432128,-8.056641,-0.183105,0.0,0.0,0.0,0.0,0.0,0.0
0.731567,-0.393188,0.732056,4.516602,-6.103515,0.366211,0.0,0.0,0.0,0.0,0.0,0.0
0.723511,-0.381836,0.729492,3.234863,-1.464844,0.305176,0.0,0.0,0.0,0.0,0.0,0.0
0.710938,-0.382568,0.703735,1.89209,2.319336,0.854492,0.0,0.0,0.0,0.0,0.0,0.0
0.700562,-0.37915,0.679688,1.159668,5.065917,0.854492,0.0,0.0,0.0,0.0,0.0,0.0
0.7052,-0.374023,0.669922,0.793457,6.591796,0.732422,0.0,0.0,0.0,0.0,0.0,0.0
0.703735,-0.364746,0.649658,0.915527,7.385253,0.610352,0.0,0.0,0.0,0.0,0.0,0.0
0.69165,-0.360352,0.637817,1.037598,7.568359,0.549316,0.0,0.0,0.0,0.0,0.0,0.0
0.679565,-0.371826,0.621216,1.647949,6.347656,0.488281,0.0,0.0,0.0,0.0,0.0,0.0
0.67688,-0.372559,0.620728,1.770019,3.417969,0.427246,0.0,0.0,0.0,0.0,0.0,0.0
0.688599,-0.36853,0.633423,1.708984,1.220703,0.732422,0.0,0.0,0.0,0.0,0.0,0.0
0.695435,-0.360596,0.641479,1.403808,-0.061035,0.732422,0.0,0.0,0.0,0.0,0.0,0.0
0.691162,-0.358887,0.635986,0.671387,0.793457,0.427246,0.0,0.0,0.0,0.0,0.0,0.0
0.673462,-0.352661,0.621582,0.183105,1.708984,-0.12207,0.0,0.0,0.0,0.0,0.0,0.0
0.676758,-0.358765,0.615356,0.12207,1.464844,-0.671387,0.0,0.0,0.0,0.0,0.0,0.0
0.676758,-0.367554,0.611938,0.427246,0.671387,-1.281738,0.0,0.0,0.0,0.0,0.0,0.0
0.675659,-0.372803,0.617554,0.732422,0.183105,-1.770019,0.0,0.0,0.0,0.0,0.0,0.0
0.676636,-0.369019,0.615601,1.403808,0.732422,-1.953125,0.0,0.0,0.0,0.0,0.0,0.0
0.671509,-0.369263,0.612061,2.075195,0.061035,-2.319336,0.0,0.0,0.0,0.0,0.0,0.0
0.674194,-0.363037,0.614624,2.685547,-1.281738,-2.929687,0.0,0.0,0.0,0.0,0.0,0.0
0.680054,-0.355957,0.614502,2.929687,-1.89209,-2.746582,0.0,0.0,0.0,0.0,0.0,0.0
0.691528,-0.368896,0.629395,3.356933,-1.220703,-2.685547,0.0,0.0,0.0,0.0,0.0,0.0
0.702515,-0.362671,0.634277,3.112793,0.305176,-3.112793,0.0,0.0,0.0,0.0,0.0,0.0
0.689209,-0.359985,0.640503,2.807617,1.953125,-3.479004,0.0,0.0,0.0,0.0,0.0,0.0
0.690918,-0.371338,0.636475,2.746582,2.319336,-3.417969,0.0,0.0,0.0,0.0,0.0,0.0
0.693848,-0.375854,0.637817,2.624511,1.098633,-3.295898,0.0,0.0,0.0,0.0,0.0,0.0
0.697998,-0.366821,0.641602,2.563476,-0.732422,-3.479004,0.0,0.0,0.0,0.0,0.0,0.0
0.700928,-0.369263,0.643433,2.624511,-2.197266,-3.784179,0.0,0.0,0.0,0.0,0.0,0.0
0.69812,-0.367554,0.640381,2.929687,-2.929687,-3.723144,0.0,0.0,0.0,0.0,0.0,0.0
0.70166,-0.369019,0.659302,2.929687,-3.051758,-3.417969,0.0,0.0,0.0,0.0,0.0,0.0
0.714478,-0.370483,0.665039,2.746582,-2.319336,-2.929687,0.0,0.0,0.0,0.0,0.0,0.0
0.71228,-0.374756,0.660889,2.563476,-1.098633,-2.13623,0.0,0.0,0.0,0.0,0.0,0.0
0.719971,-0.366089,0.660156,2.197266,-0.244141,-1.647949,0.0,0.0,0.0,0.0,0.0,0.0
0.718262,-0.372314,0.654053,2.075195,0.244141,-1.647949,0.0,0.0,0.0,0.0,0.0,0.0
0.707764,-0.371338,0.659058,1.708984,0.793457,-1.770019,0.0,0.0,0.0,0.0,0.0,0.0
0.707642,-0.370483,0.657593,1.708984,0.12207,-1.464844,0.0,0.0,0.0,0.0,0.0,0.0
0.71521,-0.363525,0.663818,1.159668,-0.610352,-0.732422,0.0,0.0,0.0,0.0,0.0,0.0
0.717163,-0.36145,0.667603,0.854492,-0.915527,-0.244141,0.0,0.0,0.0,0.0,0.0,0.0
0.712646,-0.365845,0.662109,0.427246,-0.488281,0.061035,0.0,0.0,0.0,0.0,0.0,0.0
0.714478,-0.369141,0.657104,0.061035,0.183105,0.427246,0.0,0.0,0.0,0.0,0.0,0.0
0.709595,-0.371216,0.647461,-0.305176,0.488281,0.488281,0.0,0.0,0.0,0.0,0.0,0.0
0.700928,-0.364624,0.651855,-0.610352,1.159668,0.183105,0.0,0.0,0.0,0.0,0.0,0.0
0.689819,-0.357666,0.644165,-0.671387,1.342773,-0.061035,0.0,0.0,0.0,0.0,0.0,0.0
0.694458,-0.360718,0.639771,-0.671387,0.793457,-0.061035,0.0,0.0,0.0,0.0,0.0,0.0
0.692139,-0.366455,0.63916,-0.366211,0.12207,-0.366211,0.0,0.0,0.0,0.0,0.0,0.0
0.693115,-0.370483,0.648804,-0.183105,-0.305176,-0.488281,0.0,0.0,0.0,0.0,0.0,0.0
0.70105,-0.365234,0.651123,0.305176,-0.244141,-0.488281,0.0,0.0,0.0,0.0,0.0,0.0
0.695435,-0.36731,0.655273,0.488281,0.366211,-0.183105,0.0,0.0,0.0,0.0,0.0,0.0
0.697754,-0.364136,0.646118,0.732422,1.220703,-0.12207,0.0,0.0,0.0,0.0,0.0,0.0
0.699829,-0.361084,0.647827,1.037598,2.13623,0.061035,0.0,0.0,0.0,0.0,0.0,0.0
0.698242,-0.365112,0.645264,1.281738,2.746582,-0.183105,0.0,0.0,0.0,0.0,0.0,0.0
0.704956,-0.35376,0.645996,1.403808,2.746582,-0.12207,0.0,0.0,0.0,0.0,0.0,0.0
0.705566,-0.352051,0.646606,1.464844,2.13623,0.244141,0.0,0.0,0.0,0.0,0.0,0.0
0.708374,-0.355591,0.656738,1.159668,1.953125,0.244141,0.0,0.0,0.0,0.0,0.0,0.0
0.713501,-0.356079,0.651855,1.525879,2.13623,0.366211,0.0,0.0,0.0,0.0,0.0,0.0
0.728394,-0.368896,0.656372,1.464844,2.319336,0.854492,0.0,0.0,0.0,0.0,0.0,0.0
0.740845,-0.359375,0.674316,2.13623,3.295898,1.342773,0.0,0.0,0.0,0.0,0.0,0.0
0.75415,-0.367065,0.678223,2.258301,5.859375,1.89209,0.0,0.0,0.0,0.0,0.0,0.0
0.782471,-0.377563,0.685181,1.647949,9.155273,3.845215,0.0,0.0,0.0,0.0,0.0,0.0
0.813843,-0.369263,0.688599,2.258301,15.930175,6.04248,0.013333333333333334,0.0,0.0,0.0,0.0,1.0
0.86145,-0.375244,0.689331,2.929687,27.221678,9.155273,0.02666666666666667,0.0,0.0,0.0,0.0,1.0
0.901123,-0.369629,0.729736,1.953125,38.94043,13.122558,0.04,0.0,0.0,0.0,0.0,1.0
0.943237,-0.355469,0.779907,-1.220703,53.527828,16.113281,0.05333333333333334,0.0,0.0,0.0,0.0,1.0
0.974976,-0.371948,0.8125,-5.126953,69.824219,21.606443,0.06666666666666667,0.0,0.0,0.0,0.0,1.0
0.989136,-0.37207,0.840088,-8.178711,80.505363,29.724119,0.08,0.0,0.0,0.0,0.0,1.0
1.080444,-0.340454,0.892334,-10.864257,85.449211,40.039063,0.09333333333333334,0.0,0.0,0.0,0.0,1.0
1.046997,-0.359863,0.900146,-12.023925,84.228508,57.373043,0.10666666666666667,0.0,0.0,0.0,0.0,1.0
0.920166,-0.358765,0.874023,-13.916015,82.031242,63.96484,0.12,0.0,0.0,0.0,0.0,1.0
0.748413,-0.391968,0.870728,-17.700195,71.838379,74.645996,0.13333333333333333,0.0,0.0,0.0,0.0,1.0
0.704712,-0.411743,0.849121,-22.338865,56.457516,81.542961,0.14666666666666667,0.0,0.0,0.0,0.0,1.0
0.822021,-0.405884,0.867188,-25.024412,44.982906,82.031242,0.16,0.0,0.0,0.0,0.0,1.0
0.85376,-0.410767,0.873413,-29.602049,32.104492,89.721672,0.17333333333333334,0.0,0.0,0.0,0.0,1.0
0.786865,-0.412354,0.862793,-34.240723,26.672361,97.900383,0.18666666666666668,0.0,0.0,0.0,0.0,1.0
0.709595,-0.421631,0.894287,-39.001465,26.794432,101.867668,0.2,0.0,0.0,0.0,0.0,1.0
0.664185,-0.456665,0.905518,-45.471188,31.127928,102.416985,0.21333333333333335,0.0,0.0,0.0,0.0,1.0
0.551514,-0.469604,0.924927,-52.429195,30.2124,103.393547,0.22666666666666666,0.0,0.0,0.0,0.0,1.0
0.433105,-0.478638,0.877075,-59.448238,28.137205,104.309074,0.24,0.0,0.0,0.0,0.0,1.0
0.383423,-0.479614,0.804688,-64.453125,17.578125,102.355949,0.25333333333333335,0.0,0.0,0.0,0.0,1.0
0.367432,-0.489746,0.781372,-67.687988,3.234863,98.632805,0.26666666666666666,0.0,0.0,0.0,0.0,1.0
0.346558,-0.49585,0.723877,-70.495605,-14.09912,97.045891,0.28,0.0,0.0,0.0,0.0,1.0
0.38855,-0.504272,0.726929,-72.937012,-28.137205,94.848625,0.29333333333333333,0.0,0.0,0.0,0.0,1.0
0.417847,-0.505493,0.72229,-75.195313,-36.010742,92.529289,0.30666666666666664,0.0,0.0,0.0,0.0,1.0
0.372437,-0.497803,0.694336,-77.392578,-38.330078,91.491692,0.32,0.0,0.0,0.0,0.0,1.0
0.286743,-0.515503,0.69812,-80.322258,-36.193848,87.463371,0.3333333333333333,0.0,0.0,0.0,0.0,1.0
0.195313,-0.527954,0.680786,-83.129875,-33.02002,81.542961,0.3466666666666667,0.0,0.0,0.0,0.0,1.0
0.136963,-0.532837,0.57959,-85.144035,-29.663084,73.425293,0.36,0.0,0.0,0.0,0.0,1.0
0.117676,-0.546631,0.481934,-85.388176,-31.249998,66.345215,0.37333333333333335,0.0,0.0,0.0,0.0,1.0
0.071533,-0.55957,0.411011,-83.740227,-38.94043,60.729977,0.38666666666666666,0.0,0.0,0.0,0.0,1.0
0.082397,-0.578735,0.404297,-82.031242,-47.180172,52.917477,0.4,0.0,0.0,0.0,0.0,1.0
0.100952,-0.567505,0.377686,-79.345703,-52.490231,43.151852,0.41333333333333333,0.0,0.0,0.0,0.0,1.0
0.087036,-0.568604,0.378784,-76.23291,-53.894039,35.461426,0.4266666666666667,0.0,0.0,0.0,0.0,1.0
0.071289,-0.554932,0.422729,-74.279785,-58.715816,26.245115,0.44,0.0,0.0,0.0,0.0,1.0
0.107666,-0.556519,0.262085,-73.120117,-51.025387,20.1416,0.4533333333333333,0.0,0.0,0.0,0.0,1.0
-0.02417,-0.615967,0.303101,-62.805172,-50.47607,17.150879,0.4666666666666667,0.0,0.0,0.0,0.0,1.0
0.039795,-0.608276,0.24292,-61.523434,-40.771481,-0.549316,0.48,0.0,0.0,0.0,0.0,1.0
0.027832,-0.623657,0.175415,-56.396481,-32.409668,-10.864257,0.49333333333333335,0.0,0.0,0.0,0.0,1.0
0.052124,-0.598511,0.095703,-48.889156,-26.18408,-22.521971,0.5066666666666667,0.0,0.0,0.0,0.0,1.0
0.050659,-0.593506,0.029419,-37.963867,-19.592285,-33.26416,0.52,0.0,0.0,0.0,0.0,1.0
-0.015625,-0.626465,0.141602,-26.855467,-24.963377,-47.241207,0.5333333333333333,0.0,0.0,0.0,0.0,1.0
0.012939,-0.65564,0.132935,-23.193357,-32.653809,-70.19043,0.5466666666666666,0.0,0.0,0.0,0.0,1.0
0.051758,-0.654541,0.091187,-12.878417,-37.17041,-84.045403,0.56,0.0,0.0,0.0,0.0,1.0
0.049194,-0.627197,0.110107,-1.89209,-51.513668,-97.900383,0.5733333333333334,0.0,0.0,0.0,0.0,1.0
0.119507,-0.634033,0.192261,8.789063,-65.185547,-113.342278,0.5866666666666667,0.0,0.0,0.0,0.0,1.0
0.202393,-0.606934,0.133911,20.507811,-69.641113,-123.535149,0.6,0.0,0.0,0.0,0.0,1.0
0.296753,-0.548462,0.028809,34.484863,-65.490723,-130.126953,0.6133333333333333,0.0,0.0,0.0,0.0,1.0
0.576172,-0.495117,0.085571,45.532223,-46.936031,-136.413574,0.6266666666666667,0.0,0.0,0.0,0.0,1.0
0.839111,-0.492798,0.178101,54.443356,-22.216795,-139.953613,0.64,0.0,0.0,0.0,0.0,1.0
0.851196,-0.480957,0.203491,62.011715,11.779784,-131.713867,0.6533333333333333,0.0,0.0,0.0,0.0,1.0
0.761108,-0.498291,0.199219,72.021484,40.893551,-124.328606,0.6666666666666666,0.0,0.0,0.0,0.0,1.0
0.974976,-0.890503,-1.243408,82.763664,56.335445,-124.389641,0.68,0.0,0.0,0.0,0.0,1.0
-1.963867,-0.02832,0.702881,141.174316,111.450188,-118.591301,0.6933333333333334,0.0,0.0,0.0,0.0,1.0
1.008057,-0.247437,2.176636,31.127928,-42.968746,-209.777817,0.7066666666666667,0.0,0.0,0.0,0.0,1.0
-0.053711,-0.873657,0.870483,155.700684,-71.411133,-215.820297,0.72,0.0,0.0,0.0,0.0,1.0
1.108398,-0.309204,0.567505,71.472168,-144.775391,-103.820793,0.7333333333333333,0.0,0.0,0.0,0.0,1.0
2.321289,-0.268921,0.714355,58.105465,-109.680168,-92.346184,0.7466666666666667,0.0,0.0,0.0,0.0,1.0
1.840576,-0.182373,0.598999,41.015621,1.464844,-24.108885,0.76,0.0,0.0,0.0,0.0,1.0
1.038574,-0.273804,0.517944,36.92627,175.353989,-46.630856,0.7733333333333333,0.0,0.0,0.0,0.0,1.0
0.646729,-0.445068,0.196655,52.551266,252.563461,-90.820305,0.7866666666666666,0.0,0.0,0.0,0.0,1.0
0.696045,-0.479858,0.334229,68.664551,184.020981,-84.533684,0.8,0.0,0.0,0.0,0.0,1.0
0.941162,-0.41748,0.605469,70.19043,71.960449,-52.734371,0.8133333333333334,0.0,0.0,0.0,0.0,1.0
1.030151,-0.328247,0.798218,70.068359,-18.859863,-21.118162,0.8266666666666667,0.0,0.0,0.0,0.0,1.0
1.014771,-0.335083,0.871948,66.589355,-50.720211,-11.169433,0.84,0.0,0.0,0.0,0.0,1.0
0.951172,-0.395386,0.886108,58.654781,-35.705566,-16.601563,0.8533333333333334,0.0,0.0,0.0,0.0,1.0
0.844849,-0.430298,0.852295,47.790524,-6.774902,-22.766111,0.8666666666666667,0.0,0.0,0.0,0.0,1.0
0.826294,-0.405151,0.827148,37.29248,7.995605,-23.193357,0.88,0.0,0.0,0.0,0.0,1.0
0.789795,-0.431274,0.80835,31.433104,4.577637,-19.348145,0.8933333333333333,0.0,0.0,0.0,0.0,1.0
0.779541,-0.42395,0.723877,26.794432,0.488281,-17.51709,0.9066666666666666,0.0,0.0,0.0,0.0,1.0
0.76416,-0.398926,0.632935,24.963377,-6.835937,-15.86914,0.92,0.0,0.0,0.0,0.0,1.0
0.817383,-0.377686,0.686523,23.803709,-18.737793,-14.770507,0.9333333333333333,0.0,0.0,0.0,0.0,1.0
0.867798,-0.351685,0.737793,21.362303,-32.287598,-11.596679,0.9466666666666667,0.0,0.0,0.0,0.0,1.0
0.87207,-0.364746,0.805298,18.981934,-35.400391,-8.117676,0.96,0.0,0.0,0.0,0.0,1.0
0.854126,-0.35083,0.789185,16.174316,-22.15576,-5.249023,0.9733333333333334,0.0,0.0,0.0,0.0,1.0
0.823364,-0.337402,0.762817,13.549804,-10.253905,-4.699707,0.9866666666666667,0.0,0.0,0.0,0.0,1.0
0.780884,-0.348022,0.755371,10.375976,-0.12207,-2.685547,1.0,0.0,0.0,0.0,0.0,1.0
0.772339,-0.353516,0.696289,8.789063,6.591796,0.0,0.0,0.0,0.0,0.0,0.0,0.0
0.765625,-0.348145,0.698853,7.324218,8.911133,0.488281,0.0,0.0,0.0,0.0,0.0,0.0
0.763794,-0.353638,0.659058,6.16455,9.399414,0.671387,0.0,0.0,0.0,0.0,0.0,0.0
0.746948,-0.358276,0.644653,5.615234,7.202148,0.488281,0.0,0.0,0.0,0.0,0.0,0.0
0.753296,-0.3479,0.661499,5.187988,2.990722,0.854492,0.0,0.0,0.0,0.0,0.0,0.0
0.755493,-0.342407,0.662476,4.943848,1.647949,0.793457,0.0,0.0,0.0,0.0,0.0,0.0
0.76123,-0.335693,0.669434,4.882813,1.831055,1.037598,0.0,0.0,0.0,0.0,0.0,0.0
0.756958,-0.330078,0.673218,4.638672,0.915527,1.770019,0.0,0.0,0.0,0.0,0.0,0.0
0.747803,-0.32959,0.665405,3.417969,-0.183105,2.563476,0.0,0.0,0.0,0.0,0.0,0.0
0.749146,-0.326782,0.648193,2.441406,1.464844,3.356933,0.0,0.0,0.0,0.0,0.0,0.0
0.739136,-0.327637,0.629883,2.01416,4.333496,4.02832,0.0,0.0,0.0,0.0,0.0,0.0
0.735474,-0.331299,0.628296,1.89209,8.361816,3.601074,0.0,0.0,0.0,0.0,0.0,0.0
0.734741,-0.323853,0.61731,2.13623,11.840819,2.380371,0.0,0.0,0.0,0.0,0.0,0.0
0.716064,-0.333008,0.61853,2.929687,11.413573,1.831055,0.0,0.0,0.0,0.0,0.0,0.0
0.701782,-0.321411,0.630615,3.173828,11.352538,2.441406,0.0,0.0,0.0,0.0,0.0,0.0
0.712524,-0.328491,0.625854,3.356933,8.361816,1.831055,0.0,0.0,0.0,0.0,0.0,0.0
0.718628,-0.310303,0.631592,3.356933,5.981445,1.708984,0.0,0.0,0.0,0.0,0.0,0.0
0.731812,-0.32251,0.618408,3.051758,4.272461,1.464844,0.0,0.0,0.0,0.0,0.0,0.0
0.721313,-0.327026,0.609253,2.746582,3.662109,1.708984,0.0,0.0,0.0,0.0,0.0,0.0
0.707275,-0.32312,0.61853,2.258301,4.455566,1.220703,0.0,0.0,0.0,0.0,0.0,0.0
0.71814,-0.322388,0.621948,2.01416,5.004883,0.549316,0.0,0.0,0.0,0.0,0.0,0.0
0.72522,-0.330444,0.624634,1.831055,4.821777,0.0,0.0,0.0,0.0,0.0,0.0,0.0
0.714478,-0.326294,0.62207,1.342773,4.455566,-0.427246,0.0,0.0,0.0,0.0,0.0,0.0
0.709717,-0.327393,0.61145,1.464844,3.784179,-0.610352,0.0,0.0,0.0,0.0,0.0,0.0
0.702148,-0.325806,0.613647,1.953125,2.380371,-0.793457,0.0,0.0,0.0,0.0,0.0,0.0
0.720459,-0.332275,0.626221,2.319336,1.464844,-1.159668,0.0,0.0,0.0,0.0,0.0,0.0
0.718506,-0.324341,0.623047,2.380371,1.770019,-1.098633,0.0,0.0,0.0,0.0,0.0,0.0
0.703247,-0.321533,0.616455,2.929687,2.502441,-0.854492,0.0,0.0,0.0,0.0,0.0,0.0
0.722412,-0.317017,0.624512,2.746582,2.929687,-1.098633,0.0,0.0,0.0,0.0,0.0,0.0
0.731201,-0.329346,0.634399,2.075195,2.563476,-1.586914,0.0,0.0,0.0,0.0,0.0,0.0
0.719971,-0.32312,0.621948,1.647949,3.723144,-1.342773,0.0,0.0,0.0,0.0,0.0,0.0
0.712158,-0.328247,0.63147,1.89209,3.540039,-1.708984,0.0,0.0,0.0,0.0,0.0,0.0
0.72168,-0.33728,0.626221,2.01416,2.502441,-2.075195,0.0,0.0,0.0,0.0,0.0,0.0
0.721436,-0.339355,0.628052,2.01416,1.220703,-1.464844,0.0,0.0,0.0,0.0,0.0,0.0
0.728516,-0.336426,0.632568,2.685547,-0.183105,-1.342773,0.0,0.0,0.0,0.0,0.0,0.0
0.737183,-0.336304,0.640259,2.685547,0.061035,-1.281738,0.0,0.0,0.0,0.0,0.0,0.0
0.738281,-0.336792,0.643311,2.685547,0.061035,-1.220703,0.0,0.0,0.0,0.0,0.0,0.0
0.733521,-0.33313,0.627075,2.685547,0.793457,-0.854492,0.0,0.0,0.0,0.0,0.0,0.0
0.746826,-0.323975,0.632568,2.868652,1.831055,-0.549316,0.0,0.0,0.0,0.0,0.0,0.0
0.738159,-0.326904,0.643311,2.868652,2.13623,-0.061035,0.0,0.0,0.0,0.0,0.0,0.0
0.735352,-0.331543,0.648926,2.502441,3.356933,0.488281,0.0,0.0,0.0,0.0,0.0,0.0
0.738892,-0.325439,0.651855,2.075195,4.394531,0.976562,0.0,0.0,0.0,0.0,0.0,0.0
0.7229,-0.335449,0.653564,1.953125,4.516602,1.403808,0.0,0.0,0.0,0.0,0.0,0.0
0.721313,-0.337769,0.653687,2.01416,4.150391,1.220703,0.0,0.0,0.0,0.0,0.0,0.0
0.726074,-0.334351,0.651367,1.89209,3.845215,0.976562,0.0,0.0,0.0,0.0,0.0,0.0
0.721436,-0.326416,0.654175,1.89209,3.112793,0.915527,0.0,0.0,0.0,0.0,0.0,0.0
0.719604,-0.327271,0.652222,1.953125,2.197266,1.159668,0.0,0.0,0.0,0.0,0.0,0.0
0.722412,-0.324341,0.649414,1.831055,2.441406,1.342773,0.0,0.0,0.0,0.0,0.0,0.0
0.724365,-0.332153,0.648682,1.953125,2.868652,1.281738,0.0,0.0,0.0,0.0,0.0,0.0
0.717773,-0.329102,0.654907,1.831055,3.356933,1.647949,0.0,0.0,0.0,0.0,0.0,0.0
0.7229,-0.331909,0.657227,1.708984,3.295898,1.708984,0.0,0.0,0.0,0.0,0.0,0.0
0.722412,-0.32959,0.657349,1.708984,4.150391,2.01416,0.0,0.0,0.0,0.0,0.0,0.0
0.724609,-0.321411,0.658447,1.342773,5.126953,1.89209,0.0,0.0,0.0,0.0,0.0,0.0
0.723267,-0.32251,0.650024,1.647949,5.493164,1.770019,0.0,0.0,0.0,0.0,0.0,0.0
0.712891,-0.321899,0.665405,1.647949,5.615234,1.586914,0.0,0.0,0.0,0.0,0.0,0.0
0.722046,-0.31958,0.665405,1.770019,5.676269,1.953125,0.0,0.0,0.0,0.0,0.0,0.0
0.728149,-0.33252,0.671021,1.647949,6.103515,2.01416,0.0,0.0,0.0,0.0,0.0,0.0
0.731079,-0.325073,0.671997,1.464844,7.263183,2.563476,0.0,0.0,0.0,0.0,0.0,0.0
0.731079,-0.330811,0.670166,1.403808,8.789063,3.051758,0.0,0.0,0.0,0.0,0.0,0.0
0.732544,-0.327759,0.674438,1.159668,10.31494,3.295898,0.0,0.0,0.0,0.0,0.0,0.0
0.729736,-0.334717,0.677002,1.037598,11.779784,3.295898,0.0,0.0,0.0,0.0,0.0,0.0
0.745117,-0.330566,0.667358,1.159668,13.97705,3.417969,0.0,0.0,0.0,0.0,0.0,0.0
0.755615,-0.32959,0.66626,2.441406,17.944336,3.234863,0.012345679012345678,0.0,0.0,0.0,0.0,1.0
0.765747,-0.332886,0.693359,2.502441,21.423338,3.540039,0.024691358024691357,0.0,0.0,0.0,0.0,1.0
0.784424,-0.327148,0.696045,2.258301,27.099607,4.333496,0.037037037037037035,0.0,0.0,0.0,0.0,1.0
0.7854,-0.330566,0.69873,1.89209,34.057617,4.821777,0.04938271604938271,0.0,0.0,0.0,0.0,1.0
0.801636,-0.330444,0.750488,0.732422,38.574219,7.324218,0.06172839506172839,0.0,0.0,0.0,0.0,1.0
0.782837,-0.337769,0.774048,-2.01416,44.189449,10.375976,0.07407407407407407,0.0,0.0,0.0,0.0,1.0
0.776367,-0.362061,0.779419,-3.540039,48.095699,14.038085,0.08641975308641975,0.0,0.0,0.0,0.0,1.0
0.802368,-0.356567,0.779907,-4.821777,52.36816,17.089844,0.09876543209876543,0.0,0.0,0.0,0.0,1.0
0.805298,-0.32251,0.829834,-4.821777,53.894039,21.118162,0.1111111111111111,0.0,0.0,0.0,0.0,1.0
0.916992,-0.334473,0.798828,-4.638672,51.513668,25.390623,0.12345679012345678,0.0,0.0,0.0,0.0,1.0
0.897949,-0.327393,0.803345,-3.784179,50.47607,36.071777,0.13580246913580246,0.0,0.0,0.0,0.0,1.0
0.893311,-0.351196,0.791748,-4.943848,51.025387,44.55566,0.14814814814814814,0.0,0.0,0.0,0.0,1.0
0.925781,-0.358032,0.790894,-5.004883,51.452633,53.405758,0.16049382716049382,0.0,0.0,0.0,0.0,1.0
1.080688,-0.331421,0.738525,-2.807617,55.297848,63.903805,0.1728395061728395,0.0,0.0,0.0,0.0,1.0
0.813843,-0.397583,0.82666,0.061035,51.330563,80.688469,0.18518518518518517,0.0,0.0,0.0,0.0,1.0
0.820068,-0.362671,0.811157,-5.371093,64.453125,79.345703,0.19753086419753085,0.0,0.0,0.0,0.0,1.0
0.862793,-0.388184,0.86499,-8.056641,63.354488,81.970207,0.20987654320987653,0.0,0.0,0.0,0.0,1.0
0.838867,-0.371826,0.904297,-10.253905,60.668941,88.073723,0.2222222222222222,0.0,0.0,0.0,0.0,1.0
0.756226,-0.37146,0.943115,-13.366698,56.335445,96.618645,0.2345679012345679,0.0,0.0,0.0,0.0,1.0
0.676514,-0.377075,0.980347,-18.859863,51.269527,100.402824,0.24691358024691357,0.0,0.0,0.0,0.0,1.0
0.627808,-0.382935,0.970459,-25.878904,44.189449,101.684563,0.25925925925925924,0.0,0.0,0.0,0.0,1.0
0.598511,-0.407471,0.937622,-31.799314,37.109375,103.210442,0.2716049382716049,0.0,0.0,0.0,0.0,1.0
0.580444,-0.419312,0.891357,-38.879395,28.991697,106.62841,0.2839506172839506,0.0,0.0,0.0,0.0,1.0
0.542847,-0.430176,0.878906,-44.006344,23.742674,109.619133,0.2962962962962963,0.0,0.0,0.0,0.0,1.0
0.496094,-0.436523,0.880981,-50.23193,19.53125,109.680168,0.30864197530864196,0.0,0.0,0.0,0.0,1.0
0.438599,-0.439819,0.87085,-56.213375,18.310547,107.421867,0.32098765432098764,0.0,0.0,0.0,0.0,1.0
0.371216,-0.444824,0.902344,-62.866207,13.427733,104.61425,0.3333333333333333,0.0,0.0,0.0,0.0,1.0
0.300415,-0.447998,0.904419,-70.495605,5.798339,100.769035,0.345679012345679,0.0,0.0,0.0,0.0,1.0
0.216919,-0.462769,0.869019,-76.965332,-6.103515,95.581047,0.35802469135802467,0.0,0.0,0.0,0.0,1.0
0.197632,-0.453857,0.790771,-82.214348,-16.662598,90.270988,0.37037037037037035,0.0,0.0,0.0,0.0,1.0
0.211792,-0.455933,0.730591,-85.693352,-28.747557,85.449211,0.38271604938271603,0.0,0.0,0.0,0.0,1.0
0.183716,-0.46521,0.671143,-88.256828,-37.475586,79.467773,0.3950617283950617,0.0,0.0,0.0,0.0,1.0
0.126099,-0.481201,0.614868,-90.026848,-42.236324,73.974609,0.4074074074074074,0.0,0.0,0.0,0.0,1.0
0.11853,-0.481689,0.574463,-91.247551,-43.579098,67.260742,0.41975308641975306,0.0,0.0,0.0,0.0,1.0
0.109009,-0.473145,0.575806,-92.224113,-43.029781,60.668941,0.43209876543209874,0.0,0.0,0.0,0.0,1.0
0.086792,-0.473755,0.539063,-94.177238,-44.128414,51.635738,0.4444444444444444,0.0,0.0,0.0,0.0,1.0
0.06189,-0.485107,0.521973,-94.970695,-45.227047,42.968746,0.4567901234567901,0.0,0.0,0.0,0.0,1.0
0.012573,-0.472778,0.486084,-95.886223,-45.471188,34.118652,0.4691358024691358,0.0,0.0,0.0,0.0,1.0
-0.020752,-0.485962,0.457031,-95.764153,-50.415035,22.583006,0.48148148148148145,0.0,0.0,0.0,0.0,1.0
-0.012329,-0.508789,0.393066,-95.275871,-52.307125,12.08496,0.49382716049382713,0.0,0.0,0.0,0.0,1.0
0.004639,-0.522095,0.335938,-92.590324,-56.091305,3.601074,0.5061728395061729,0.0,0.0,0.0,0.0,1.0
0.011597,-0.531738,0.253174,-89.660637,-59.570309,-6.469726,0.5185185185185185,0.0,0.0,0.0,0.0,1.0
0.025391,-0.553711,0.237915,-85.815422,-63.537594,-14.831542,0.5308641975308642,0.0,0.0,0.0,0.0,1.0
0.068848,-0.564209,0.231201,-82.580559,-64.63623,-24.719236,0.5432098765432098,0.0,0.0,0.0,0.0,1.0
0.07666,-0.570068,0.212646,-78.24707,-60.791012,-35.583496,0.5555555555555556,0.0,0.0,0.0,0.0,1.0
0.033081,-0.59021,0.203247,-72.753906,-57.434078,-46.508785,0.5679012345679012,0.0,0.0,0.0,0.0,1.0
0.026978,-0.602661,0.155518,-67.871094,-56.579586,-60.668941,0.5802469135802469,0.0,0.0,0.0,0.0,1.0
-0.004272,-0.640869,0.144775,-61.340328,-60.546871,-71.411133,0.5925925925925926,0.0,0.0,0.0,0.0,1.0
0.032715,-0.631348,0.15979,-52.36816,-69.091797,-81.970207,0.6049382716049383,0.0,0.0,0.0,0.0,1.0
0.081421,-0.638062,0.10791,-45.349117,-81.420891,-93.749992,0.6172839506172839,0.0,0.0,0.0,0.0,1.0
0.161987,-0.664551,0.042114,-35.705566,-91.247551,-104.309074,0.6296296296296297,0.0,0.0,0.0,0.0,1.0
0.267212,-0.686157,-0.04248,-21.362303,-94.726555,-114.746086,0.6419753086419753,0.0,0.0,0.0,0.0,1.0
0.313721,-0.668213,-0.007202,-5.92041,-92.590324,-131.347656,0.654320987654321,0.0,0.0,0.0,0.0,1.0
0.368896,-0.623291,0.187744,2.502441,-89.599602,-146.911621,0.6666666666666666,0.0,0.0,0.0,0.0,1.0
0.371338,-0.612671,0.074219,15.136718,-67.749023,-159.790039,0.6790123456790124,0.0,0.0,0.0,0.0,1.0
0.562378,-0.601074,0.0177,29.479979,-46.630856,-161.193832,0.691358024691358,0.0,0.0,0.0,0.0,1.0
0.801636,-0.607422,0.002808,39.611816,-20.568846,-158.630371,0.7037037037037037,0.0,0.0,0.0,0.0,1.0
0.899048,-0.539917,0.088867,50.720211,13.427733,-155.029297,0.7160493827160493,0.0,0.0,0.0,0.0,1.0
0.940063,-0.520508,-0.095825,62.07275,49.011227,-155.151367,0.7283950617283951,0.0,0.0,0.0,0.0,1.0
1.50293,-0.643921,-2.224121,82.153313,106.262199,-153.259277,0.7407407407407407,0.0,0.0,0.0,0.0,1.0
-0.421753,0.205444,1.860474,102.355949,-50.109859,-146.484375,0.7530864197530864,0.0,0.0,0.0,0.0,1.0
1.527466,-0.499634,1.121338,56.579586,0.061035,-281.188965,0.7654320987654321,0.0,0.0,0.0,0.0,1.0
0.471313,-0.472412,0.689453,147.521973,-96.740715,-165.771469,0.7777777777777778,0.0,0.0,0.0,0.0,1.0
1.460205,-0.229126,0.506348,64.758301,-139.892578,-91.125481,0.7901234567901234,0.0,0.0,0.0,0.0,1.0
2.258423,-0.257202,0.695435,51.086422,-65.673828,-92.346184,0.8024691358024691,0.0,0.0,0.0,0.0,1.0
1.813354,-0.097534,0.469604,38.146973,56.945797,-40.161129,0.8148148148148148,0.0,0.0,0.0,0.0,1.0
1.324219,-0.232178,0.494019,32.897949,190.490707,-50.292965,0.8271604938271605,0.0,0.0,0.0,0.0,1.0
0.885742,-0.410278,0.428223,40.893551,221.557602,-62.011715,0.8395061728395061,0.0,0.0,0.0,0.0,1.0
0.793213,-0.430542,0.448486,51.391598,164.306625,-52.795406,0.8518518518518519,0.0,0.0,0.0,0.0,1.0
0.993408,-0.395142,0.587402,57.250973,79.89502,-33.14209,0.8641975308641975,0.0,0.0,0.0,0.0,1.0
1.095581,-0.361694,0.684448,58.715816,1.647949,-15.136718,0.8765432098765432,0.0,0.0,0.0,0.0,1.0
1.050903,-0.40979,0.749756,57.006832,-43.701168,-4.760742,0.8888888888888888,0.0,0.0,0.0,0.0,1.0
0.992554,-0.438354,0.78479,50.842281,-49.743649,-3.295898,0.9012345679012346,0.0,0.0,0.0,0.0,1.0
0.944092,-0.458618,0.760132,41.870113,-33.752441,-5.249023,0.9135802469135802,0.0,0.0,0.0,0.0,1.0
0.911499,-0.455322,0.706299,32.409668,-9.82666,-5.859375,0.9259259259259259,0.0,0.0,0.0,0.0,1.0
0.89209,-0.436768,0.632568,24.04785,10.31494,-5.676269,0.9382716049382716,0.0,0.0,0.0,0.0,1.0
0.83252,-0.431763,0.580322,20.446775,17.51709,-4.02832,0.9506172839506173,0.0,0.0,0.0,0.0,1.0
0.817871,-0.407471,0.59729,18.981934,16.235352,-2.441406,0.9629629629629629,0.0,0.0,0.0,0.0,1.0
0.861816,-0.385376,0.536499,18.066406,9.643555,-1.098633,0.9753086419753086,0.0,0.0,0.0,0.0,1.0
0.807129,-0.401489,0.682007,20.1416,-14.404296,1.037598,0.9876543209876543,0.0,0.0,0.0,0.0,1.0
0.827515,-0.37146,0.648315,17.944336,1.342773,1.89209,1.0,0.0,0.0,0.0,0.0,1.0
0.809204,-0.363647,0.661865,18.310547,-2.990722,0.854492,0.0,0.0,0.0,0.0,0.0,0.0
0.81189,-0.344971,0.631714,17.822266,6.896972,1.464844,0.0,0.0,0.0,0.0,0.0,0.0
0.798828,-0.362305,0.658813,16.540527,7.202148,1.708984,0.0,0.0,0.0,0.0,0.0,0.0
0.776123,-0.351318,0.615601,15.136718,16.845703,3.601074,0.0,0.0,0.0,0.0,0.0,0.0
0.752808,-0.353027,0.588867,14.648437,19.714355,3.662109,0.0,0.0,0.0,0.0,0.0,0.0
0.762329,-0.341309,0.592529,13.000487,18.920898,3.601074,0.0,0.0,0.0,0.0,0.0,0.0
0.786377,-0.334351,0.636963,11.840819,16.540527,3.234863,0.0,0.0,0.0,0.0,0.0,0.0
0.774048,-0.328491,0.642822,9.887695,17.272949,4.638672,0.0,0.0,0.0,0.0,0.0,0.0
0.752686,-0.320679,0.638062,7.995605,17.822266,3.723144,0.0,0.0,0.0,0.0,0.0,0.0
0.749023,-0.3302,0.630249,6.347656,15.014647,2.746582,0.0,0.0,0.0,0.0,0.0,0.0
0.750122,-0.333374,0.623657,5.065917,9.58252,2.685547,0.0,0.0,0.0,0.0,0.0,0.0
0.74707,-0.331909,0.626221,4.089355,6.04248,2.563476,0.0,0.0,0.0,0.0,0.0,0.0
0.755981,-0.332764,0.612671,3.356933,5.249023,2.01416,0.0,0.0,0.0,0.0,0.0,0.0
0.750122,-0.3302,0.600098,3.173828,4.943848,1.342773,0.0,0.0,0.0,0.0,0.0,0.0
0.744751,-0.329102,0.592285,2.624511,4.455566,0.549316,0.0,0.0,0.0,0.0,0.0,0.0
0.744385,-0.328857,0.569214,2.746582,3.784179,0.183105,0.0,0.0,0.0,0.0,0.0,0.0
0.755615,-0.333374,0.58313,2.624511,3.90625,0.305176,0.0,0.0,0.0,0.0,0.0,0.0
0.760498,-0.331177,0.579224,2.502441,3.845215,0.305176,0.0,0.0,0.0,0.0,0.0,0.0
0.748413,-0.328491,0.598511,2.624511,3.90625,-0.244141,0.0,0.0,0.0,0.0,0.0,0.0
0.737427,-0.3396,0.597168,2.746582,2.807617,-0.732422,0.0,0.0,0.0,0.0,0.0,0.0
0.740356,-0.34375,0.589722,2.624511,2.502441,-1.159668,0.0,0.0,0.0,0.0,0.0,0.0
0.74585,-0.33728,0.570557,2.441406,2.807617,-1.220703,0.0,0.0,0.0,0.0,0.0,0.0
0.749878,-0.331421,0.577271,2.258301,3.234863,-1.403808,0.0,0.0,0.0,0.0,0.0,0.0
0.758179,-0.331055,0.570313,2.258301,4.211426,-2.258301,0.0,0.0,0.0,0.0,0.0,0.0
0.753662,-0.325928,0.563965,2.380371,4.02832,-2.563476,0.0,0.0,0.0,0.0,0.0,0.0
0.75415,-0.313599,0.573364,2.624511,3.601074,-2.441406,0.0,0.0,0.0,0.0,0.0,0.0
0.760498,-0.329346,0.588501,3.112793,2.502441,-2.13623,0.0,0.0,0.0,0.0,0.0,0.0
0.759155,-0.325928,0.592163,3.540039,1.708984,-1.525879,0.0,0.0,0.0,0.0,0.0,0.0
0.757568,-0.327393,0.603149,3.601074,2.685547,-1.220703,0.0,0.0,0.0,0.0,0.0,0.0
0.76062,-0.328857,0.598633,2.929687,4.394531,-1.403808,0.0,0.0,0.0,0.0,0.0,0.0
0.764282,-0.325439,0.604492,2.502441,5.554199,-1.831055,0.0,0.0,0.0,0.0,0.0,0.0
0.755005,-0.326172,0.599854,1.770019,5.737304,-1.770019,0.0,0.0,0.0,0.0,0.0,0.0
0.755859,-0.328491,0.585449,1.403808,5.981445,-2.075195,0.0,0.0,0.0,0.0,0.0,0.0
0.753052,-0.324829,0.585693,1.342773,5.310058,-2.502441,0.0,0.0,0.0,0.0,0.0,0.0
0.73877,-0.323242,0.583008,1.647949,3.295898,-2.502441,0.0,0.0,0.0,0.0,0.0,0.0
0.755737,-0.328125,0.59729,1.098633,0.488281,-2.624511,0.0,0.0,0.0,0.0,0.0,0.0
0.76001,-0.328003,0.609375,1.281738,-1.586914,-2.441406,0.0,0.0,0.0,0.0,0.0,0.0
0.761597,-0.332031,0.61438,1.220703,-2.502441,-2.380371,0.0,0.0,0.0,0.0,0.0,0.0
0.761841,-0.331299,0.604004,0.976562,-1.586914,-2.319336,0.0,0.0,0.0,0.0,0.0,0.0
0.760742,-0.333496,0.597046,1.159668,-0.244141,-2.319336,0.0,0.0,0.0,0.0,0.0,0.0
0.768433,-0.331665,0.588623,0.793457,1.647949,-2.441406,0.0,0.0,0.0,0.0,0.0,0.0
0.762695,-0.333374,0.583496,1.098633,2.990722,-2.380371,0.0,0.0,0.0,0.0,0.0,0.0
0.752686,-0.325562,0.574707,1.464844,2.929687,-2.502441,0.0,0.0,0.0,0.0,0.0,0.0
0.750366,-0.330322,0.584473,2.13623,2.380371,-2.197266,0.0,0.0,0.0,0.0,0.0,0.0
0.749756,-0.32959,0.593506,2.319336,1.159668,-1.953125,0.0,0.0,0.0,0.0,0.0,0.0
0.750854,-0.32959,0.60376,2.624511,0.610352,-2.01416,0.0,0.0,0.0,0.0,0.0,0.0
0.75647,-0.332764,0.599365,2.502441,0.915527,-2.380371,0.0,0.0,0.0,0.0,0.0,0.0
0.759888,-0.333496,0.593994,2.563476,1.220703,-2.380371,0.0,0.0,0.0,0.0,0.0,0.0
0.761597,-0.325806,0.599121,2.441406,0.915527,-2.441406,0.0,0.0,0.0,0.0,0.0,0.0
0.759766,-0.314331,0.599609,2.319336,1.037598,-2.319336,0.0,0.0,0.0,0.0,0.0,0.0
0.771484,-0.315063,0.600464,2.197266,1.831055,-2.319336,0.0,0.0,0.0,0.0,0.0,0.0
0.765503,-0.311768,0.598389,1.953125,2.441406,-1.770019,0.0,0.0,0.0,0.0,0.0,0.0
0.769287,-0.324585,0.601807,1.831055,2.746582,-1.403808,0.0,0.0,0.0,0.0,0.0,0.0
0.767822,-0.326416,0.605469,1.831055,2.563476,-0.854492,0.0,0.0,0.0,0.0,0.0,0.0
0.763794,-0.329102,0.612183,1.586914,2.319336,-0.976562,0.0,0.0,0.0,0.0,0.0,0.0
0.762329,-0.328857,0.608521,1.403808,2.441406,-0.976562,0.0,0.0,0.0,0.0,0.0,0.0
0.767944,-0.326172,0.613159,1.403808,2.258301,-0.915527,0.0,0.0,0.0,0.0,0.0,0.0
0.769287,-0.32373,0.596802,1.586914,2.502441,-0.610352,0.0,0.0,0.0,0.0,0.0,0.0
0.77356,-0.328369,0.608521,1.831055,2.807617,-0.305176,0.0,0.0,0.0,0.0,0.0,0.0
0.773682,-0.328735,0.61145,1.770019,4.089355,0.183105,0.0,0.0,0.0,0.0,0.0,0.0
0.775879,-0.330322,0.61084,2.197266,5.126953,0.671387,0.0,0.0,0.0,0.0,0.0,0.0
0.775635,-0.326782,0.616577,2.075195,6.16455,1.037598,0.0,0.0,0.0,0.0,0.0,0.0
0.778442,-0.325073,0.614746,2.075195,7.8125,1.464844,0.0,0.0,0.0,0.0,0.0,0.0
0.770508,-0.315308,0.617554,1.953125,9.216309,2.075195,0.0,0.0,0.0,0.0,0.0,0.0
0.765869,-0.322632,0.619629,1.89209,10.253905,2.197266,0.0,0.0,0.0,0.0,0.0,0.0
0.77417,-0.324829,0.630981,1.708984,10.742187,2.563476,0.0,0.0,0.0,0.0,0.0,0.0
0.780151,-0.322876,0.636841,2.075195,11.596679,2.685547,0.0,0.0,0.0,0.0,0.0,0.0
0.782715,-0.326904,0.638428,2.13623,12.817382,3.173828,0.0,0.0,0.0,0.0,0.0,0.0
0.800171,-0.328247,0.636841,2.075195,15.014647,3.540039,0.0,0.0,0.0,0.0,0.0,0.0
0.822266,-0.334717,0.656006,2.13623,18.005371,4.394531,0.012345679012345678,0.0,0.0,0.0,0.0,1.0
0.818359,-0.341675,0.68457,1.098633,21.850584,5.981445,0.024691358024691357,0.0,0.0,0.0,0.0,1.0
0.821899,-0.337891,0.709106,-0.732422,26.855467,7.690429,0.037037037037037035,0.0,0.0,0.0,0.0,1.0
0.806763,-0.343384,0.706543,-1.586914,30.883787,9.460449,0.04938271604938271,0.0,0.0,0.0,0.0,1.0
0.797119,-0.365601,0.721436,-2.624511,31.677244,11.352538,0.06172839506172839,0.0,0.0,0.0,0.0,1.0
0.820679,-0.384644,0.734131,-3.662109,32.592773,13.183593,0.07407407407407407,0.0,0.0,0.0,0.0,1.0
0.859985,-0.398804,0.737671,-3.295898,33.569336,15.075683,0.08641975308641975,0.0,0.0,0.0,0.0,1.0
0.908813,-0.393677,0.767578,-3.295898,34.912109,17.211914,0.09876543209876543,0.0,0.0,0.0,0.0,1.0
0.916382,-0.389648,0.801758,-4.882813,36.560059,20.507811,0.1111111111111111,0.0,0.0,0.0,0.0,1.0
1.025513,-0.358643,0.838379,-6.408691,36.682129,26.550291,0.12345679012345678,0.0,0.0,0.0,0.0,1.0
1.027344,-0.364014,0.85791,-10.681151,33.38623,39.0625,0.13580246913580246,0.0,0.0,0.0,0.0,1.0
0.970581,-0.3396,0.876953,-15.075683,31.555174,51.330563,0.14814814814814814,0.0,0.0,0.0,0.0,1.0
1.043457,-0.313843,0.878052,-19.165039,31.799314,59.082027,0.16049382716049382,0.0,0.0,0.0,0.0,1.0
1.044189,-0.304199,0.790527,-22.766111,31.188963,71.716309,0.1728395061728395,0.0,0.0,0.0,0.0,1.0
0.994629,-0.31604,0.793091,-24.04785,36.132813,83.557121,0.18518518518518517,0.0,0.0,0.0,0.0,1.0
1.045166,-0.311523,0.768921,-29.96826,44.128414,88.317863,0.19753086419753085,0.0,0.0,0.0,0.0,1.0
1.071411,-0.330811,0.757324,-33.569336,47.424313,99.670403,0.20987654320987653,0.0,0.0,0.0,0.0,1.0
1.029175,-0.323608,0.799072,-38.757324,51.086422,111.206047,0.2222222222222222,0.0,0.0,0.0,0.0,1.0
0.942627,-0.312622,0.832275,-44.128414,58.715816,119.323723,0.2345679012345679,0.0,0.0,0.0,0.0,1.0
0.797607,-0.37439,0.80249,-49.133297,66.711426,124.511711,0.24691358024691357,0.0,0.0,0.0,0.0,1.0
0.714111,-0.408203,0.785522,-52.612301,64.39209,128.295898,0.25925925925925924,0.0,0.0,0.0,0.0,1.0
0.612793,-0.424683,0.735229,-56.884762,56.762691,130.310059,0.2716049382716049,0.0,0.0,0.0,0.0,1.0
0.469727,-0.463257,0.6875,-59.753414,45.104977,133.178711,0.2839506172839506,0.0,0.0,0.0,0.0,1.0
0.421753,-0.476929,0.638184,-61.340328,32.897949,132.080078,0.2962962962962963,0.0,0.0,0.0,0.0,1.0
0.415161,-0.482178,0.646851,-61.523434,19.714355,129.394531,0.30864197530864196,0.0,0.0,0.0,0.0,1.0
0.366699,-0.481079,0.668457,-62.07275,6.225585,126.03759,0.32098765432098764,0.0,0.0,0.0,0.0,1.0
0.285522,-0.474609,0.679077,-63.415524,-2.441406,121.520988,0.3333333333333333,0.0,0.0,0.0,0.0,1.0
0.210083,-0.48877,0.626709,-65.368652,-10.498046,114.31884,0.345679012345679,0.0,0.0,0.0,0.0,1.0
0.186523,-0.50708,0.567017,-66.52832,-17.456055,106.933586,0.35802469135802467,0.0,0.0,0.0,0.0,1.0
0.149902,-0.511597,0.56543,-66.40625,-27.9541,99.914543,0.37037037037037035,0.0,0.0,0.0,0.0,1.0
0.082153,-0.525879,0.533936,-66.589355,-36.315918,89.965813,0.38271604938271603,0.0,0.0,0.0,0.0,1.0
0.02832,-0.546143,0.456299,-65.307617,-40.588375,80.627434,0.3950617283950617,0.0,0.0,0.0,0.0,1.0
0.010498,-0.545776,0.487549,-63.171383,-46.142574,71.716309,0.4074074074074074,0.0,0.0,0.0,0.0,1.0
0.010742,-0.541382,0.394775,-64.331055,-54.687496,60.302731,0.41975308641975306,0.0,0.0,0.0,0.0,1.0
0.05542,-0.546753,0.414185,-61.584469,-54.809566,52.734371,0.43209876543209874,0.0,0.0,0.0,0.0,1.0
-0.018066,-0.561035,0.456787,-61.645504,-59.570309,42.175289,0.4444444444444444,0.0,0.0,0.0,0.0,1.0
-0.047241,-0.543091,0.488525,-64.880371,-56.457516,25.573729,0.4567901234567901,0.0,0.0,0.0,0.0,1.0
-0.086792,-0.546753,0.438721,-66.650391,-51.635738,11.474608,0.4691358024691358,0.0,0.0,0.0,0.0,1.0
-0.136719,-0.567139,0.403076,-65.917969,-51.574703,-1.586914,0.48148148148148145,0.0,0.0,0.0,0.0,1.0
-0.112061,-0.567139,0.356445,-66.040039,-55.358883,-16.967773,0.49382716049382713,0.0,0.0,0.0,0.0,1.0
-0.047119,-0.560303,0.295532,-64.453125,-60.974117,-30.639647,0.5061728395061729,0.0,0.0,0.0,0.0,1.0
-0.010864,-0.55896,0.2677,-61.706539,-68.54248,-43.457027,0.5185185185185185,0.0,0.0,0.0,0.0,1.0
0.020264,-0.56189,0.164063,-59.814449,-68.29834,-57.312008,0.5308641975308642,0.0,0.0,0.0,0.0,1.0
0.034424,-0.570557,0.211182,-55.969234,-73.120117,-69.458008,0.5432098765432098,0.0,0.0,0.0,0.0,1.0
0.080688,-0.562012,0.247314,-54.199215,-80.13916,-82.458488,0.5555555555555556,0.0,0.0,0.0,0.0,1.0
0.083374,-0.573486,0.233887,-50.23193,-86.120598,-95.520012,0.5679012345679012,0.0,0.0,0.0,0.0,1.0
0.110474,-0.570435,0.195435,-43.334957,-96.92382,-107.543938,0.5802469135802469,0.0,0.0,0.0,0.0,1.0
0.262207,-0.58374,0.136719,-35.766602,-109.252922,-120.849602,0.5925925925925926,0.0,0.0,0.0,0.0,1.0
0.316162,-0.574341,0.123169,-21.545408,-112.853996,-132.751465,0.6049382716049383,0.0,0.0,0.0,0.0,1.0
0.340454,-0.520996,0.14917,-17.272949,-109.619133,-147.216797,0.6172839506172839,0.0,0.0,0.0,0.0,1.0
0.520508,-0.453857,0.109619,-14.343261,-96.130363,-160.949692,0.6296296296296297,0.0,0.0,0.0,0.0,1.0
0.714478,-0.478882,-0.015869,-4.211426,-80.322258,-160.217285,0.6419753086419753,0.0,0.0,0.0,0.0,1.0
0.815308,-0.512573,-0.060181,5.737304,-58.837887,-153.930664,0.654320987654321,0.0,0.0,0.0,0.0,1.0
0.790649,-0.523071,-0.114624,16.906738,-29.052732,-151.428223,0.6666666666666666,0.0,0.0,0.0,0.0,1.0
0.782349,-0.535522,-0.053467,33.630371,-10.742187,-155.212402,0.6790123456790124,0.0,0.0,0.0,0.0,1.0
0.827515,-0.498291,0.021362,51.635738,-3.356933,-159.179688,0.691358024691358,0.0,0.0,0.0,0.0,1.0
0.828735,-0.503052,-0.022461,71.960449,-9.58252,-153.625488,0.7037037037037037,0.0,0.0,0.0,0.0,1.0
1.27478,-0.630371,-0.678467,81.481926,13.305663,-150.939941,0.7160493827160493,0.0,0.0,0.0,0.0,1.0
1.247681,-0.315918,-0.184326,118.652336,6.652832,-138.305664,0.7283950617283951,0.0,0.0,0.0,0.0,1.0
1.441772,0.21228,1.666382,72.20459,-27.099607,-206.054672,0.7407407407407407,0.0,0.0,0.0,0.0,1.0
1.301147,-0.912354,1.078125,141.662598,-104.553215,-204.528793,0.7530864197530864,0.0,0.0,0.0,0.0,1.0
0.773804,-0.151733,0.357178,86.547844,-83.618156,-97.228996,0.7654320987654321,0.0,0.0,0.0,0.0,1.0
1.828491,-0.241089,0.53479,64.51416,-23.071287,-84.655754,0.7777777777777778,0.0,0.0,0.0,0.0,1.0
2.044189,-0.210815,0.557373,53.344723,73.059082,-38.024902,0.7901234567901234,0.0,0.0,0.0,0.0,1.0
1.679199,-0.188721,0.465454,42.724606,213.13475,-29.113768,0.8024691358024691,0.0,0.0,0.0,0.0,1.0
1.162109,-0.290649,0.484741,43.823238,298.88916,-35.27832,0.8148148148148148,0.0,0.0,0.0,0.0,1.0
0.841309,-0.406738,0.573242,52.307125,286.254883,-37.29248,0.8271604938271605,0.0,0.0,0.0,0.0,1.0
0.802002,-0.408936,0.678833,61.828609,206.237778,-29.052732,0.8395061728395061,0.0,0.0,0.0,0.0,1.0
0.782104,-0.477051,0.682007,68.603516,113.708488,-17.76123,0.8518518518518519,0.0,0.0,0.0,0.0,1.0
0.841675,-0.386353,0.81543,63.598629,29.663084,-19.104004,0.8641975308641975,0.0,0.0,0.0,0.0,1.0
0.752441,-0.454468,0.65918,66.772461,-36.071777,-8.605957,0.8765432098765432,0.0,0.0,0.0,0.0,1.0
0.796875,-0.459961,0.520264,57.861324,-41.015621,-15.686034,0.8888888888888888,0.0,0.0,0.0,0.0,1.0
0.906128,-0.433838,0.495972,51.635738,-58.959957,-12.023925,0.9012345679012346,0.0,0.0,0.0,0.0,1.0
1.061523,-0.335815,0.668579,44.31152,-40.588375,-7.080078,0.9135802469135802,0.0,0.0,0.0,0.0,1.0
1.132202,-0.26001,0.855835,32.348633,-15.319823,-5.249023,0.9259259259259259,0.0,0.0,0.0,0.0,1.0
1.060303,-0.276001,0.913086,19.104004,3.601074,-1.647949,0.9382716049382716,0.0,0.0,0.0,0.0,1.0
0.915649,-0.319336,0.858765,10.375976,32.226563,0.366211,0.9506172839506173,0.0,0.0,0.0,0.0,1.0
0.81604,-0.347656,0.797119,5.310058,37.841797,-1.037598,0.9629629629629629,0.0,0.0,0.0,0.0,1.0
0.763794,-0.353027,0.725342,2.624511,31.677244,1.281738,0.9753086419753086,0.0,0.0,0.0,0.0,1.0
0.753174,-0.348755,0.670044,2.197266,18.188477,3.479004,0.9876543209876543,0.0,0.0,0.0,0.0,1.0
0.776489,-0.321167,0.674438,3.784179,4.089355,3.173828,1.0,0.0,0.0,0.0,0.0,1.0
0.803345,-0.334473,0.666382,5.371093,-2.502441,2.01416,0.0,0.0,0.0,0.0,0.0,0.0
0.813477,-0.313354,0.660278,5.554199,-7.019042,3.356933,0.0,0.0,0.0,0.0,0.0,0.0
0.802368,-0.315308,0.653442,5.310058,-7.263183,3.662109,0.0,0.0,0.0,0.0,0.0,0.0
0.794556,-0.304199,0.627197,4.638672,-5.310058,3.112793,0.0,0.0,0.0,0.0,0.0,0.0
0.799561,-0.306641,0.621338,3.723144,1.342773,2.075195,0.0,0.0,0.0,0.0,0.0,0.0
0.800049,-0.306519,0.605957,2.868652,8.911133,1.586914,0.0,0.0,0.0,0.0,0.0,0.0
0.796143,-0.287842,0.598755,2.197266,13.671874,1.403808,0.0,0.0,0.0,0.0,0.0,0.0
0.78186,-0.289551,0.583374,1.342773,16.113281,1.220703,0.0,0.0,0.0,0.0,0.0,0.0
0.769653,-0.28064,0.564575,1.647949,15.441894,1.770019,0.0,0.0,0.0,0.0,0.0,0.0
0.760986,-0.277588,0.578735,2.13623,11.657714,2.685547,0.0,0.0,0.0,0.0,0.0,0.0
0.763062,-0.284912,0.571167,2.807617,10.0708,2.624511,0.0,0.0,0.0,0.0,0.0,0.0
0.764282,-0.2854,0.577148,3.051758,8.422852,2.380371,0.0,0.0,0.0,0.0,0.0,0.0
0.760742,-0.281128,0.561279,3.234863,7.202148,2.13623,0.0,0.0,0.0,0.0,0.0,0.0
0.764282,-0.276733,0.564453,3.356933,7.568359,1.89209,0.0,0.0,0.0,0.0,0.0,0.0
0.766479,-0.275269,0.564087,3.662109,8.972168,1.220703,0.0,0.0,0.0,0.0,0.0,0.0
0.757324,-0.281006,0.56897,3.295898,10.253905,0.793457,0.0,0.0,0.0,0.0,0.0,0.0
0.750244,-0.279053,0.569702,2.868652,10.375976,0.061035,0.0,0.0,0.0,0.0,0.0,0.0
0.742065,-0.284424,0.568481,2.563476,9.033203,-0.244141,0.0,0.0,0.0,0.0,0.0,0.0
0.746216,-0.288818,0.57251,2.13623,6.225585,0.061035,0.0,0.0,0.0,0.0,0.0,0.0
0.758667,-0.29126,0.547852,1.464844,5.859375,0.061035,0.0,0.0,0.0,0.0,0.0,0.0
0.757935,-0.296509,0.569824,1.403808,5.187988,0.854492,0.0,0.0,0.0,0.0,0.0,0.0
0.756592,-0.282593,0.571777,1.037598,4.577637,0.427246,0.0,0.0,0.0,0.0,0.0,0.0
0.755615,-0.291748,0.585083,1.342773,2.685547,-0.793457,0.0,0.0,0.0,0.0,0.0,0.0
0.742798,-0.29541,0.575806,1.098633,1.159668,-1.586914,0.0,0.0,0.0,0.0,0.0,0.0
0.752563,-0.299316,0.575928,1.586914,-0.061035,-1.89209,0.0,0.0,0.0,0.0,0.0,0.0
0.765259,-0.297241,0.589844,1.953125,-0.793457,-2.075195,0.0,0.0,0.0,0.0,0.0,0.0
0.766479,-0.294434,0.586182,1.831055,-1.098633,-2.197266,0.0,0.0,0.0,0.0,0.0,0.0
0.770386,-0.295288,0.585205,2.075195,-0.915527,-1.89209,0.0,0.0,0.0,0.0,0.0,0.0
0.766479,-0.300781,0.583252,2.441406,-0.366211,-1.708984,0.0,0.0,0.0,0.0,0.0,0.0
0.772461,-0.299194,0.57959,2.807617,1.037598,-1.586914,0.0,0.0,0.0,0.0,0.0,0.0
0.769287,-0.303101,0.576294,3.295898,2.380371,-1.403808,0.0,0.0,0.0,0.0,0.0,0.0
0.769409,-0.299683,0.599854,3.417969,2.563476,-1.098633,0.0,0.0,0.0,0.0,0.0,0.0
0.778198,-0.298584,0.609253,3.112793,2.319336,-0.915527,0.0,0.0,0.0,0.0,0.0,0.0
0.772705,-0.300415,0.623413,2.807617,2.380371,-0.854492,0.0,0.0,0.0,0.0,0.0,0.0
0.765503,-0.294556,0.622192,2.13623,2.441406,-0.976562,0.0,0.0,0.0,0.0,0.0,0.0
0.763428,-0.298584,0.621704,1.464844,1.953125,-1.525879,0.0,0.0,0.0,0.0,0.0,0.0
0.775391,-0.295532,0.617432,1.342773,0.854492,-1.464844,0.0,0.0,0.0,0.0,0.0,0.0
0.775269,-0.288574,0.619019,1.342773,-0.793457,-1.281738,0.0,0.0,0.0,0.0,0.0,0.0
0.775513,-0.282104,0.61145,0.976562,-1.403808,-1.098633,0.0,0.0,0.0,0.0,0.0,0.0
0.786133,-0.28894,0.607422,1.037598,-0.854492,-0.793457,0.0,0.0,0.0,0.0,0.0,0.0
0.780518,-0.287354,0.60437,0.915527,-0.305176,-0.366211,0.0,0.0,0.0,0.0,0.0,0.0
0.774414,-0.292847,0.612793,0.854492,0.305176,-0.12207,0.0,0.0,0.0,0.0,0.0,0.0
0.780273,-0.293091,0.603149,0.610352,0.976562,0.305176,0.0,0.0,0.0,0.0,0.0,0.0
0.775879,-0.285034,0.612915,0.549316,1.525879,0.427246,0.0,0.0,0.0,0.0,0.0,0.0
0.762939,-0.283081,0.608398,0.305176,1.831055,0.305176,0.0,0.0,0.0,0.0,0.0,0.0
0.777954,-0.28064,0.614014,0.0,2.197266,-0.061035,0.0,0.0,0.0,0.0,0.0,0.0
0.770752,-0.285278,0.610107,-0.061035,1.708984,-0.244141,0.0,0.0,0.0,0.0,0.0,0.0
0.763184,-0.286621,0.609253,-0.183105,0.976562,-0.183105,0.0,0.0,0.0,0.0,0.0,0.0
0.766113,-0.291138,0.609131,-0.061035,0.671387,0.12207,0.0,0.0,0.0,0.0,0.0,0.0
0.770996,-0.293945,0.622314,0.244141,0.366211,0.427246,0.0,0.0,0.0,0.0,0.0,0.0
0.7854,-0.293335,0.609985,0.061035,1.220703,0.671387,0.0,0.0,0.0,0.0,0.0,0.0
0.777222,-0.292114,0.609741,-0.183105,2.441406,0.915527,0.0,0.0,0.0,0.0,0.0,0.0
0.773682,-0.284912,0.612427,-0.183105,3.845215,1.037598,0.0,0.0,0.0,0.0,0.0,0.0
0.771484,-0.284424,0.626953,-0.305176,4.821777,0.793457,0.0,0.0,0.0,0.0,0.0,0.0
0.776611,-0.288086,0.621704,-0.488281,6.530761,0.976562,0.0,0.0,0.0,0.0,0.0,0.0
0.780273,-0.287476,0.630249,-0.366211,7.690429,1.525879,0.0,0.0,0.0,0.0,0.0,0.0
0.790649,-0.282837,0.62854,-0.244141,8.850098,1.647949,0.0,0.0,0.0,0.0,0.0,0.0
0.788086,-0.28833,0.627686,0.183105,11.047362,1.89209,0.0,0.0,0.0,0.0,0.0,0.0
0.820923,-0.290283,0.636108,0.549316,13.97705,2.197266,0.012195121951219513,0.0,0.0,0.0,0.0,1.0
0.932617,-0.287354,0.662842,0.793457,18.188477,3.417969,0.024390243902439025,0.0,0.0,0.0,0.0,1.0
0.851685,-0.295532,0.710205,-1.464844,20.568846,12.08496,0.036585365853658534,0.0,0.0,0.0,0.0,1.0
0.856201,-0.267456,0.745483,-5.004883,34.301758,10.31494,0.04878048780487805,0.0,0.0,0.0,0.0,1.0
0.948975,-0.272217,0.785767,-8.789063,45.715328,11.108397,0.06097560975609756,0.0,0.0,0.0,0.0,1.0
1.096436,-0.284912,0.779785,-10.925292,52.917477,24.475096,0.07317073170731707,0.0,0.0,0.0,0.0,1.0
1.06958,-0.300049,0.79834,-10.0708,61.096188,40.344234,0.08536585365853659,0.0,0.0,0.0,0.0,1.0
1.0625,-0.293335,0.794922,-12.573241,76.965332,48.522945,0.0975609756097561,0.0,0.0,0.0,0.0,1.0
1.048218,-0.311401,0.794189,-16.723633,86.486809,54.38232,0.10975609756097561,0.0,0.0,0.0,0.0,1.0
1.071777,-0.300293,0.776367,-20.202635,94.543449,58.776852,0.12195121951219512,0.0,0.0,0.0,0.0,1.0
1.053589,-0.299316,0.733154,-20.568846,98.57177,68.481445,0.13414634146341464,0.0,0.0,0.0,0.0,1.0
1.049683,-0.300781,0.720581,-22.033689,102.966301,82.031242,0.14634146341463414,0.0,0.0,0.0,0.0,1.0
1.027832,-0.338501,0.688843,-22.949217,113.281242,95.336906,0.15853658536585366,0.0,0.0,0.0,0.0,1.0
1.002197,-0.354858,0.739014,-23.254393,122.741692,107.299797,0.17073170731707318,0.0,0.0,0.0,0.0,1.0
0.932861,-0.349976,0.799805,-26.855467,134.82666,114.135735,0.18292682926829268,0.0,0.0,0.0,0.0,1.0
0.816162,-0.344116,0.916992,-32.714844,148.620605,117.614738,0.1951219512195122,0.0,0.0,0.0,0.0,1.0
0.764404,-0.398682,0.939819,-42.297359,160.827621,119.079582,0.2073170731707317,0.0,0.0,0.0,0.0,1.0
0.630371,-0.415649,0.946655,-46.508785,150.756836,126.953117,0.21951219512195122,0.0,0.0,0.0,0.0,1.0
0.406494,-0.396362,0.92334,-52.429195,125.610344,130.493164,0.23170731707317074,0.0,0.0,0.0,0.0,1.0
0.224854,-0.426514,0.857422,-57.312008,91.735832,122.924797,0.24390243902439024,0.0,0.0,0.0,0.0,1.0
0.161499,-0.470093,0.81543,-60.05859,50.598141,110.839836,0.25609756097560976,0.0,0.0,0.0,0.0,1.0
0.187378,-0.495483,0.75354,-62.499996,10.437011,102.539055,0.2682926829268293,0.0,0.0,0.0,0.0,1.0
0.227905,-0.503906,0.731323,-62.316891,-24.414061,97.839348,0.2804878048780488,0.0,0.0,0.0,0.0,1.0
0.32373,-0.508545,0.714844,-61.645504,-48.034664,92.346184,0.2926829268292683,0.0,0.0,0.0,0.0,1.0
0.388306,-0.497437,0.72876,-60.791012,-59.814449,86.730949,0.3048780487804878,0.0,0.0,0.0,0.0,1.0
0.424683,-0.470947,0.754272,-61.462399,-61.828609,82.092278,0.3170731707317073,0.0,0.0,0.0,0.0,1.0
0.31958,-0.496948,0.764893,-64.51416,-61.279293,78.125,0.32926829268292684,0.0,0.0,0.0,0.0,1.0
0.150024,-0.506836,0.755493,-67.260742,-64.208984,72.998047,0.34146341463414637,0.0,0.0,0.0,0.0,1.0
0.052734,-0.51416,0.652222,-68.725586,-66.772461,67.016602,0.35365853658536583,0.0,0.0,0.0,0.0,1.0
0.080933,-0.547729,0.564331,-68.847656,-77.270508,61.157223,0.36585365853658536,0.0,0.0,0.0,0.0,1.0
0.149414,-0.570313,0.499512,-65.795898,-86.97509,53.955074,0.3780487804878049,0.0,0.0,0.0,0.0,1.0
0.183105,-0.555176,0.494629,-62.133785,-92.102043,47.363277,0.3902439024390244,0.0,0.0,0.0,0.0,1.0
0.194092,-0.546387,0.494263,-60.119625,-92.834465,40.222164,0.4024390243902439,0.0,0.0,0.0,0.0,1.0
0.161377,-0.543823,0.530273,-60.668941,-89.843742,34.057617,0.4146341463414634,0.0,0.0,0.0,0.0,1.0
0.115234,-0.546753,0.551514,-62.316891,-80.93261,26.794432,0.4268292682926829,0.0,0.0,0.0,0.0,1.0
0.099609,-0.544189,0.553955,-63.476559,-71.838379,18.737793,0.43902439024390244,0.0,0.0,0.0,0.0,1.0
0.062744,-0.550903,0.496216,-66.833496,-65.002441,12.023925,0.45121951219512196,0.0,0.0,0.0,0.0,1.0
0.047241,-0.55896,0.426514,-67.932129,-60.668941,3.662109,0.4634146341463415,0.0,0.0,0.0,0.0,1.0
0.03772,-0.59314,0.34729,-67.810059,-58.654781,-3.784179,0.47560975609756095,0.0,0.0,0.0,0.0,1.0
0.025879,-0.593872,0.275146,-65.246582,-58.349606,-13.305663,0.4878048780487805,0.0,0.0,0.0,0.0,1.0
0.047729,-0.588013,0.272827,-62.622066,-60.791012,-25.085447,0.5,0.0,0.0,0.0,0.0,1.0
0.082642,-0.589966,0.274536,-59.692379,-62.499996,-36.804199,0.5121951219512195,0.0,0.0,0.0,0.0,1.0
0.148193,-0.584106,0.28418,-57.373043,-59.814449,-46.813961,0.524390243902439,0.0,0.0,0.0,0.0,1.0
0.186401,-0.572021,0.29541,-55.786129,-58.105465,-54.931637,0.5365853658536586,0.0,0.0,0.0,0.0,1.0
0.174316,-0.567261,0.275635,-53.833004,-57.373043,-61.889645,0.5487804878048781,0.0,0.0,0.0,0.0,1.0
0.140503,-0.564331,0.318359,-50.903316,-59.387203,-70.068359,0.5609756097560976,0.0,0.0,0.0,0.0,1.0
0.162476,-0.578979,0.18396,-49.560543,-61.828609,-79.223633,0.573170731707317,0.0,0.0,0.0,0.0,1.0
0.186523,-0.600952,0.177124,-41.564938,-63.96484,-87.402336,0.5853658536585366,0.0,0.0,0.0,0.0,1.0
0.196655,-0.602417,0.136597,-36.193848,-70.617676,-102.172844,0.5975609756097561,0.0,0.0,0.0,0.0,1.0
0.231323,-0.564209,0.273071,-26.06201,-68.481445,-122.436516,0.6097560975609756,0.0,0.0,0.0,0.0,1.0
0.395996,-0.560059,0.18042,-21.057127,-63.415524,-127.502434,0.6219512195121951,0.0,0.0,0.0,0.0,1.0
0.43103,-0.561523,0.171753,-3.051758,-51.513668,-131.103516,0.6341463414634146,0.0,0.0,0.0,0.0,1.0
0.534424,-0.52771,0.068359,7.385253,-30.578611,-137.512207,0.6463414634146342,0.0,0.0,0.0,0.0,1.0
0.724609,-0.538574,0.063354,19.53125,1.770019,-145.446777,0.6585365853658537,0.0,0.0,0.0,0.0,1.0
0.709106,-0.47168,0.051636,33.691406,39.489746,-151.062012,0.6707317073170732,0.0,0.0,0.0,0.0,1.0
0.620605,-0.49353,0.02124,49.072262,62.866207,-156.188965,0.6829268292682927,0.0,0.0,0.0,0.0,1.0
0.737793,-0.42395,0.017334,67.687988,77.575684,-150.878906,0.6951219512195121,0.0,0.0,0.0,0.0,1.0
0.80481,-0.383179,0.129517,80.383293,58.471676,-148.31543,0.7073170731707317,0.0,0.0,0.0,0.0,1.0
1.007935,-0.370728,0.324219,92.712395,39.367676,-141.540527,0.7195121951219512,0.0,0.0,0.0,0.0,1.0
1.10022,-0.310913,0.404907,97.167961,58.349606,-133.239746,0.7317073170731707,0.0,0.0,0.0,0.0,1.0
1.116455,-0.291748,0.385132,99.731438,78.308105,-129.516602,0.7439024390243902,0.0,0.0,0.0,0.0,1.0
0.939575,-0.570923,-1.020386,117.248528,120.727531,-121.643059,0.7560975609756098,0.0,0.0,0.0,0.0,1.0
-0.194458,0.529541,2.725708,84.594719,-36.010742,-116.271965,0.7682926829268293,0.0,0.0,0.0,0.0,1.0
2.549438,-0.177124,2.107788,64.941406,-47.302242,-232.116684,0.7804878048780488,0.0,0.0,0.0,0.0,1.0
0.322021,-0.391602,0.830566,112.853996,-97.534172,-76.660156,0.7926829268292683,0.0,0.0,0.0,0.0,1.0
1.391357,-0.174194,0.307739,72.387695,-72.08252,-55.664059,0.8048780487804879,0.0,0.0,0.0,0.0,1.0
2.070068,-0.123535,0.914673,33.447266,-69.519043,-32.775879,0.8170731707317073,0.0,0.0,0.0,0.0,1.0
1.624023,-0.228271,0.781616,22.216795,29.541014,-14.404296,0.8292682926829268,0.0,0.0,0.0,0.0,1.0
1.212402,-0.252197,0.67395,23.803709,137.817383,-18.859863,0.8414634146341463,0.0,0.0,0.0,0.0,1.0
0.967407,-0.358765,0.670532,27.832029,142.39502,-22.583006,0.8536585365853658,0.0,0.0,0.0,0.0,1.0
0.884766,-0.408691,0.678955,33.203125,95.642082,-6.286621,0.8658536585365854,0.0,0.0,0.0,0.0,1.0
0.917725,-0.444458,0.731689,37.536621,52.185055,11.840819,0.8780487804878049,0.0,0.0,0.0,0.0,1.0
0.921265,-0.399536,0.72522,38.574219,25.634764,19.042969,0.8902439024390244,0.0,0.0,0.0,0.0,1.0
0.839111,-0.391357,0.646362,38.513184,6.225585,19.65332,0.9024390243902439,0.0,0.0,0.0,0.0,1.0
0.787109,-0.399902,0.618042,36.92627,-2.13623,18.066406,0.9146341463414634,0.0,0.0,0.0,0.0,1.0
0.821045,-0.393066,0.690186,31.677244,-5.554199,13.97705,0.926829268292683,0.0,0.0,0.0,0.0,1.0
0.846313,-0.358276,0.758179,25.878904,-0.183105,10.31494,0.9390243902439024,0.0,0.0,0.0,0.0,1.0
0.820435,-0.331299,0.781494,19.958496,10.559081,8.300781,0.9512195121951219,0.0,0.0,0.0,0.0,1.0
0.809692,-0.331055,0.76062,15.136718,18.188477,7.446289,0.9634146341463414,0.0,0.0,0.0,0.0,1.0
0.782349,-0.341309,0.725464,12.939452,17.51709,8.911133,0.975609756097561,0.0,0.0,0.0,0.0,1.0
0.743286,-0.324951,0.685913,11.718749,13.061522,10.681151,0.9878048780487805,0.0,0.0,0.0,0.0,1.0
0.760376,-0.327148,0.685059,11.901855,7.568359,9.58252,1.0,0.0,0.0,0.0,0.0,1.0
0.746704,-0.317993,0.682495,12.023925,3.356933,9.338379,0.0,0.0,0.0,0.0,0.0,0.0
0.737183,-0.307617,0.677002,11.779784,2.990722,8.483887,0.0,0.0,0.0,0.0,0.0,0.0
0.722412,-0.308838,0.654785,11.108397,6.225585,7.8125,0.0,0.0,0.0,0.0,0.0,0.0
0.730225,-0.293335,0.657349,10.437011,3.845215,7.019042,0.0,0.0,0.0,0.0,0.0,0.0
0.728516,-0.288574,0.655273,9.82666,2.258301,6.774902,0.0,0.0,0.0,0.0,0.0,0.0
0.732422,-0.280029,0.667603,8.422852,2.319336,7.141113,0.0,0.0,0.0,0.0,0.0,0.0
0.71875,-0.270264,0.661987,6.774902,5.371093,6.103515,0.0,0.0,0.0,0.0,0.0,0.0
0.708008,-0.287354,0.635498,4.699707,7.629394,5.126953,0.0,0.0,0.0,0.0,0.0,0.0
0.706299,-0.28418,0.615356,3.295898,8.300781,4.638672,0.0,0.0,0.0,0.0,0.0,0.0
0.709473,-0.282349,0.598755,2.197266,6.591796,3.662109,0.0,0.0,0.0,0.0,0.0,0.0
0.71814,-0.275513,0.608032,1.647949,5.371093,2.441406,0.0,0.0,0.0,0.0,0.0,0.0
0.724854,-0.27417,0.612427,1.464844,3.601074,1.403808,0.0,0.0,0.0,0.0,0.0,0.0
0.711304,-0.266724,0.610718,1.525879,1.586914,0.488281,0.0,0.0,0.0,0.0,0.0,0.0
0.692627,-0.269653,0.584595,2.441406,0.0,0.061035,0.0,0.0,0.0,0.0,0.0,0.0
0.714355,-0.268799,0.591187,2.746582,-1.647949,0.12207,0.0,0.0,0.0,0.0,0.0,0.0
0.735962,-0.264038,0.62146,3.112793,-0.610352,-0.061035,0.0,0.0,0.0,0.0,0.0,0.0
0.734375,-0.270508,0.632324,3.417969,2.441406,-0.488281,0.0,0.0,0.0,0.0,0.0,0.0
0.716553,-0.271606,0.631714,3.112793,4.638672,-1.403808,0.0,0.0,0.0,0.0,0.0,0.0
0.721924,-0.286133,0.640015,2.929687,4.516602,-2.380371,0.0,0.0,0.0,0.0,0.0,0.0
0.716797,-0.284302,0.62561,2.441406,2.075195,-2.685547,0.0,0.0,0.0,0.0,0.0,0.0
0.71936,-0.287964,0.621338,1.831055,0.305176,-3.295898,0.0,0.0,0.0,0.0,0.0,0.0
0.730103,-0.286377,0.612305,1.708984,-0.488281,-3.90625,0.0,0.0,0.0,0.0,0.0,0.0
0.728271,-0.287476,0.621704,1.586914,-1.220703,-4.516602,0.0,0.0,0.0,0.0,0.0,0.0
0.728516,-0.286377,0.630493,1.037598,-1.831055,-4.821777,0.0,0.0,0.0,0.0,0.0,0.0
0.75061,-0.292725,0.635132,0.549316,-2.258301,-5.004883,0.0,0.0,0.0,0.0,0.0,0.0
0.759399,-0.287964,0.638916,0.305176,-1.708984,-4.760742,0.0,0.0,0.0,0.0,0.0,0.0
0.765381,-0.286865,0.641479,-0.244141,-0.671387,-4.699707,0.0,0.0,0.0,0.0,0.0,0.0
0.764404,-0.291382,0.631714,-0.244141,0.610352,-4.760742,0.0,0.0,0.0,0.0,0.0,0.0
0.759888,-0.293457,0.635864,-0.366211,0.732422,-4.394531,0.0,0.0,0.0,0.0,0.0,0.0
0.768311,-0.295288,0.634888,-0.366211,0.427246,-3.845215,0.0,0.0,0.0,0.0,0.0,0.0
0.763672,-0.291382,0.62085,0.061035,-0.305176,-2.929687,0.0,0.0,0.0,0.0,0.0,0.0
0.769775,-0.295654,0.62915,0.305176,-1.037598,-1.953125,0.0,0.0,0.0,0.0,0.0,0.0
0.769287,-0.299927,0.639282,0.244141,-0.976562,-2.01416,0.0,0.0,0.0,0.0,0.0,0.0
0.772827,-0.296997,0.634277,0.244141,-0.183105,-1.647949,0.0,0.0,0.0,0.0,0.0,0.0
0.761841,-0.30481,0.640137,0.061035,1.159668,-1.159668,0.0,0.0,0.0,0.0,0.0,0.0
0.763184,-0.29895,0.634888,-0.366211,2.746582,-1.220703,0.0,0.0,0.0,0.0,0.0,0.0
0.757202,-0.298218,0.624268,-0.183105,2.258301,-1.159668,0.0,0.0,0.0,0.0,0.0,0.0
0.754395,-0.295898,0.631348,0.244141,1.037598,-0.610352,0.0,0.0,0.0,0.0,0.0,0.0
0.755127,-0.300293,0.633667,0.0,1.586914,-0.549316,0.0,0.0,0.0,0.0,0.0,0.0
0.748291,-0.297974,0.637329,-0.12207,1.647949,-0.549316,0.0,0.0,0.0,0.0,0.0,0.0
0.754639,-0.301147,0.637085,-0.488281,1.770019,-0.244141,0.0,0.0,0.0,0.0,0.0,0.0
0.750977,-0.300049,0.632202,-0.427246,1.831055,-0.061035,0.0,0.0,0.0,0.0,0.0,0.0
0.740845,-0.291504,0.625854,-0.366211,1.89209,-0.488281,0.0,0.0,0.0,0.0,0.0,0.0
0.742188,-0.294434,0.618164,-0.183105,1.586914,-0.610352,0.0,0.0,0.0,0.0,0.0,0.0
0.743652,-0.296509,0.618286,-0.183105,0.854492,-0.427246,0.0,0.0,0.0,0.0,0.0,0.0
0.753174,-0.286987,0.623047,-0.12207,-0.061035,-0.427246,0.0,0.0,0.0,0.0,0.0,0.0
0.753052,-0.281006,0.633667,-0.244141,-0.061035,-0.183105,0.0,0.0,0.0,0.0,0.0,0.0
0.749756,-0.290039,0.634277,-0.244141,0.488281,-0.305176,0.0,0.0,0.0,0.0,0.0,0.0
0.752686,-0.29187,0.631592,-0.549316,0.793457,0.0,0.0,0.0,0.0,0.0,0.0,0.0
0.758423,-0.289307,0.626099,-0.427246,1.220703,0.305176,0.0,0.0,0.0,0.0,0.0,0.0
0.749268,-0.293091,0.619873,-0.488281,1.708984,0.061035,0.0,0.0,0.0,0.0,0.0,0.0
0.75,-0.293091,0.614624,-0.244141,2.075195,-0.244141,0.0,0.0,0.0,0.0,0.0,0.0
0.74646,-0.287842,0.61731,0.0,1.708984,-0.061035,0.0,0.0,0.0,0.0,0.0,0.0
0.746094,-0.290894,0.622681,0.610352,1.159668,0.061035,0.0,0.0,0.0,0.0,0.0,0.0
0.747803,-0.28894,0.624023,0.732422,0.793457,0.427246,0.0,0.0,0.0,0.0,0.0,0.0
0.756592,-0.279175,0.630981,1.098633,1.281738,0.793457,0.0,0.0,0.0,0.0,0.0,0.0
0.752563,-0.287109,0.635254,0.976562,1.89209,0.671387,0.0,0.0,0.0,0.0,0.0,0.0
0.760498,-0.292358,0.626831,1.159668,3.295898,0.854492,0.0,0.0,0.0,0.0,0.0,0.0
0.749756,-0.286865,0.624512,1.159668,3.90625,0.976562,0.0,0.0,0.0,0.0,0.0,0.0
