0.099487,-0.246704,0.990967,0.000000,0.000000,0.000000
0.091675,-0.251953,1.004150,0.000000,0.000000,0.000000
0.095703,-0.256958,1.010376,0.549316,-6.286621,0.000000
0.107910,-0.247192,1.010986,2.075195,-6.286621,0.366211
0.105347,-0.238770,1.005737,1.770019,-5.676269,0.244141
0.103271,-0.239258,1.002075,1.708984,-5.432128,0.366211
0.100464,-0.243164,1.017700,1.770019,-4.638672,0.183105
0.105347,-0.242676,1.021973,1.220703,-4.150391,0.549316
0.097290,-0.245483,1.018311,1.037598,-4.150391,0.488281
0.092651,-0.239746,1.019897,0.610352,-4.272461,0.671387
0.100220,-0.244385,1.012817,0.183105,-4.455566,0.427246
0.098755,-0.243164,1.012573,-0.122070,-4.455566,0.244141
0.106445,-0.240723,0.997192,-0.488281,-4.516602,0.366211
0.102661,-0.241455,0.998657,-0.793457,-4.638672,0.122070
0.111816,-0.251953,0.988159,-0.854492,-4.211426,0.366211
0.100830,-0.247681,1.002563,-0.732422,-3.784179,0.671387
0.104980,-0.247803,1.001221,-0.793457,-3.417969,1.098633
0.105469,-0.241577,1.002930,-0.915527,-3.112793,1.098633
0.108032,-0.239014,0.988037,-1.098633,-2.929687,0.793457
0.114258,-0.232910,0.980835,-1.403808,-2.563476,0.976562
0.105103,-0.227051,0.979492,-1.586914,-2.807617,0.854492
0.110840,-0.230103,0.975464,-1.708984,-4.089355,0.427246
0.107910,-0.235840,0.972168,-1.953125,-6.042480,0.427246
0.122192,-0.236572,0.968018,-2.075195,-7.873535,0.427246
0.120972,-0.238525,0.968994,-1.953125,-9.460449,0.671387
0.113525,-0.234497,0.965454,-1.770019,-11.657714,0.366211
0.105347,-0.226929,0.958862,-1.770019,-14.526366,-0.305176
0.067871,-0.227295,0.932495,-1.647949,-19.714355,-0.915527
-0.014648,-0.205811,0.935791,-1.281738,-36.499023,-2.746582
-0.037476,-0.205933,0.944336,-3.234863,-62.805172,-8.117676
-0.009521,-0.200439,0.930786,-6.347656,-92.834465,-13.427733
0.036743,-0.186890,0.936523,-9.216309,-119.812004,-17.517090
0.118774,-0.203735,0.925171,-10.986327,-137.451172,-21.362303
0.149414,-0.190186,0.917969,-11.108397,-146.301270,-22.888182
0.106689,-0.172729,0.929199,-9.887695,-149.108887,-24.902342
0.069214,-0.199463,0.939209,-9.277344,-152.465820,-29.724119
0.038818,-0.164429,0.979126,-9.155273,-154.418945,-36.743164
0.018921,-0.113281,1.008667,-8.728027,-157.348633,-43.945309
-0.019653,-0.117188,1.037964,-9.033203,-164.672836,-52.734371
-0.044922,-0.130493,1.052490,-10.620116,-173.645004,-64.147949
0.027222,-0.112305,1.067017,-12.939452,-175.048813,-72.021484
0.122925,-0.129883,1.120850,-13.916015,-168.823227,-78.735352
0.210938,-0.160767,1.201904,-13.977050,-153.320313,-82.641594
0.317627,-0.109985,1.327393,-15.014647,-133.605957,-86.242668
0.431030,-0.141724,1.562988,-18.310547,-111.633293,-93.566887
0.578247,-0.017700,1.766357,-27.160643,-85.937492,-97.351067
0.582764,-0.041138,1.839111,-42.968746,-66.101074,-101.623528
0.513184,0.043823,1.816162,-59.326168,-40.832516,-102.233879
0.420532,0.032593,1.697266,-80.932610,-24.658201,-102.111809
0.446167,-0.044312,1.531982,-96.923820,-18.920898,-103.149406
0.530273,-0.026978,1.448608,-106.994621,-23.864744,-104.187004
0.613892,-0.080078,1.447021,-120.178215,-30.029295,-106.201164
0.817627,-0.044678,1.415039,-133.300781,-22.521971,-102.844231
0.998535,-0.063599,1.322998,-143.859863,-19.287109,-100.585930
1.111694,-0.082275,1.295166,-152.343750,-8.239746,-98.205559
1.564331,-0.048218,1.146484,-162.902817,25.634764,-88.500969
1.699951,-0.109741,0.941650,-170.776352,64.697266,-62.683102
1.493774,-0.088989,0.872192,-170.959457,118.408195,-36.987305
1.308838,-0.115845,0.792725,-171.752914,166.015610,-21.911619
1.123779,-0.135986,0.731323,-175.292953,208.007797,-16.906738
0.957520,-0.156128,0.740723,-177.001938,237.976059,-9.216309
0.958496,-0.256226,0.780151,-181.640610,239.868149,-6.347656
0.942261,-0.280151,0.776367,-188.842758,217.407211,-8.117676
0.982422,-0.296997,0.808228,-197.936996,175.903305,-2.746582
1.046875,-0.259155,0.726807,-208.068832,136.474609,-0.244141
1.115479,-0.270386,0.681396,-219.299301,101.013176,11.047362
1.265137,-0.271240,0.617554,-233.398422,60.791012,23.925779
1.508423,-0.417969,0.483887,-244.262680,48.339840,40.588375
1.483398,-0.380615,0.405518,-249.755844,43.884274,72.204590
1.325928,-0.448486,0.289429,-249.023422,57.861324,100.708000
1.239380,-0.359863,0.148193,-246.459946,46.936031,128.234863
1.093506,-0.374878,-0.015259,-239.318832,29.357908,147.338867
0.990601,-0.466919,-0.140381,-229.614243,4.211426,167.053207
0.844604,-0.505859,-0.249878,-220.886215,-19.409180,188.537582
0.744995,-0.515015,-0.283813,-202.941879,-35.278320,206.420883
0.650391,-0.468140,-0.320679,-183.410629,-35.522461,220.214828
0.520020,-0.466553,-0.346436,-166.198715,-41.198727,229.858383
0.433228,-0.498413,-0.334839,-150.024414,-45.593258,237.548813
0.401733,-0.429321,-0.322998,-132.446289,-46.813961,242.980942
0.356812,-0.404907,-0.359619,-114.501945,-43.701168,251.525864
0.265381,-0.351929,-0.380981,-94.665520,-53.771969,260.986328
0.160767,-0.304321,-0.348999,-71.105957,-60.668941,264.587402
0.082031,-0.289063,-0.329590,-48.095699,-76.538086,264.770508
-0.019409,-0.232300,-0.339600,-24.230955,-98.144524,260.864258
-0.136963,-0.179199,-0.283569,2.563476,-122.009270,251.892075
-0.287842,-0.132568,-0.262939,27.526854,-153.503418,241.821274
-0.374268,-0.112915,-0.173828,53.344723,-185.791000,225.341782
-0.530884,-0.101440,-0.110352,79.162598,-215.881332,211.791977
-0.711426,-0.113770,0.097778,105.041496,-255.004868,191.711411
-0.697754,-0.080933,0.303101,134.582520,-274.658203,172.546371
-0.674927,-0.028687,0.396484,159.912109,-257.568359,156.433105
-0.820068,0.042236,0.502686,178.771957,-260.070801,135.498047
-0.859253,0.032104,0.591797,196.166977,-255.371078,108.459465
-0.856445,-0.009277,0.770020,204.956039,-234.619125,69.091797
-0.961548,-0.087646,1.021362,205.627426,-238.342270,21.362303
-0.961548,-0.061279,1.198120,208.129868,-228.820786,-11.779784
-0.984375,-0.084595,1.213989,204.589828,-224.182114,-39.611816
-0.911133,-0.161011,1.236694,188.781723,-225.463852,-64.453125
-0.766602,-0.148804,1.241211,169.616684,-198.181137,-82.336418
-0.584961,-0.076660,1.264526,148.010254,-159.118652,-93.200676
-0.507324,0.095581,1.367920,131.225586,-138.610840,-112.060539
-0.461304,0.049194,1.553223,116.210930,-114.624016,-141.418457
-0.319946,0.127808,1.495361,101.684563,-75.744629,-170.349106
-0.184937,0.087524,1.539917,60.974117,-107.055656,-200.439438
-0.003540,0.060791,1.380127,52.612301,-49.011227,-201.110825
0.133179,-0.048584,1.477173,32.897949,-0.976562,-197.875961
0.252563,-0.091553,1.386475,23.559568,60.852047,-203.552231
0.316528,-0.172241,1.323486,16.296387,105.163567,-216.125473
0.308105,-0.192383,1.250610,11.291503,137.695313,-222.839340
0.318970,-0.290771,1.227905,4.272461,151.489258,-226.867661
0.331421,-0.390259,1.151001,1.098633,154.113770,-227.783188
0.346313,-0.442383,1.156250,1.098633,133.056641,-226.867661
0.510986,-0.447510,1.155151,-5.554199,103.210442,-222.961411
0.745117,-0.446777,1.120728,-10.986327,97.045891,-213.012680
0.887695,-0.470093,1.297607,-12.268065,103.027336,-202.148422
0.919434,-0.461182,1.191650,-17.150879,107.910149,-195.861801
0.893921,-0.449463,1.263672,-24.353025,103.210442,-191.040024
0.836548,-0.460815,1.297852,-33.813477,81.787102,-177.612289
0.827637,-0.450317,1.262451,-44.738766,45.410152,-156.799316
0.745117,-0.489746,1.201660,-56.701656,-3.295898,-134.887695
0.724243,-0.556763,1.076050,-64.208984,-47.424313,-118.225090
0.836792,-0.639160,0.911987,-69.763184,-88.989250,-105.773918
0.938354,-0.708252,0.739624,-70.068359,-118.347160,-91.125481
0.973755,-0.790649,0.615601,-62.927242,-119.567863,-72.692871
0.923950,-0.830200,0.529541,-54.138180,-98.205559,-49.560543
0.810303,-0.827148,0.531372,-39.367676,-62.927242,-28.259275
0.665894,-0.784302,0.565308,-22.521971,-25.085447,-10.681151
0.510986,-0.744629,0.560303,-8.483887,7.995605,1.586914
0.360107,-0.712646,0.592041,3.723144,26.733397,8.605957
0.255127,-0.665649,0.653320,12.268065,31.188963,12.512206
0.242554,-0.609009,0.727417,18.371582,24.597166,10.009766
0.244019,-0.554565,0.760986,21.423338,15.197753,7.019042
0.277588,-0.536133,0.794312,23.925779,2.502441,5.554199
0.377075,-0.526367,0.848511,25.817869,-10.253905,6.042480
0.443359,-0.512207,0.843628,26.184080,-16.357422,8.178711
0.396362,-0.491943,0.822510,25.512693,-15.869140,11.169433
0.355103,-0.466675,0.805664,26.000975,-11.291503,11.535644
0.327515,-0.465332,0.794556,25.329588,-3.356933,11.474608
0.260986,-0.441650,0.810669,25.207518,3.112793,12.817382
0.242798,-0.430908,0.846558,24.414061,5.310058,12.145995
0.236938,-0.420288,0.883667,21.179197,4.394531,10.314940
0.280273,-0.436768,0.907837,18.127441,-0.061035,7.385253
0.359375,-0.445679,0.913696,15.136718,-6.469726,5.432128
0.405640,-0.456543,0.897949,13.427733,-9.399414,5.493164
0.369507,-0.458740,0.876221,12.695312,-5.249023,6.530761
0.315674,-0.449341,0.857910,13.305663,-0.427246,6.896972
0.301758,-0.444702,0.854248,14.404296,4.760742,6.774902
0.246582,-0.438599,0.851563,15.624999,8.056641,8.361816
0.249634,-0.430542,0.853271,16.296387,8.483887,9.582520
0.285522,-0.428711,0.865234,16.113281,4.638672,8.117676
0.290527,-0.421021,0.892822,16.174316,1.647949,7.629394
0.325928,-0.423340,0.899658,15.930175,-3.112793,5.798339
0.340576,-0.426758,0.894043,15.930175,-4.211426,5.187988
0.352295,-0.422119,0.909546,16.723633,-3.540039,6.225585
0.338379,-0.419922,0.922485,17.028809,-1.098633,7.019042
0.304443,-0.413330,0.914307,16.357422,1.220703,7.873535
0.296509,-0.416382,0.889893,15.563964,2.563476,7.629394
0.278809,-0.419189,0.868530,14.953612,2.197266,7.507324
0.277954,-0.413208,0.856079,14.526366,-0.122070,7.751464
0.297974,-0.422607,0.867188,15.502929,-1.892090,7.324218
0.310547,-0.411255,0.893188,15.075683,-3.967285,6.958007
0.304443,-0.405396,0.917480,14.343261,-5.126953,6.042480
0.292847,-0.404419,0.922852,13.061522,-4.943848,5.126953
0.295044,-0.413208,0.912354,11.413573,-5.859375,4.089355
0.316528,-0.415039,0.890137,10.070800,-6.286621,3.723144
0.312744,-0.422485,0.875854,9.399414,-5.432128,4.638672
0.306030,-0.419922,0.864136,9.826660,-4.516602,5.065917
0.308960,-0.409912,0.867310,10.681151,-3.845215,5.432128
0.289795,-0.399658,0.880615,10.986327,-3.540039,6.347656
0.290771,-0.406738,0.889282,11.413573,-3.906250,5.859375
0.308838,-0.409546,0.887329,10.803222,-4.882813,5.249023
0.302368,-0.404419,0.900513,10.314940,-5.737304,4.272461
0.302368,-0.416016,0.901978,9.948730,-6.713867,3.662109
0.314575,-0.409546,0.896851,9.277344,-7.690429,3.051758
0.317017,-0.403931,0.896240,8.666992,-9.216309,3.417969
0.326294,-0.396606,0.906982,8.422852,-8.850098,3.784179
0.329834,-0.390625,0.906616,8.239746,-7.873535,4.455566
0.333496,-0.388794,0.904297,7.629394,-7.141113,4.577637
0.320068,-0.392212,0.885620,7.202148,-6.286621,4.577637
0.307739,-0.398315,0.879395,6.835937,-6.469726,4.272461
0.311035,-0.397095,0.877197,6.347656,-7.507324,3.784179
0.305176,-0.397095,0.885254,6.530761,-8.972168,3.906250
0.303345,-0.399048,0.893433,6.591796,-10.437011,3.845215
0.306763,-0.393311,0.899048,6.591796,-11.779784,3.356933
0.316406,-0.377808,0.895020,6.103515,-12.329101,3.112793
0.303101,-0.374268,0.879639,5.615234,-12.573241,2.685547
0.308472,-0.377686,0.862915,5.004883,-14.404296,1.953125
0.331787,-0.390259,0.846069,5.249023,-15.258788,1.159668
0.320068,-0.390015,0.840820,6.042480,-15.502929,1.647949
0.306519,-0.384277,0.838379,6.835937,-16.052246,1.708984
0.301392,-0.382202,0.849854,7.812500,-16.967773,1.159668
0.288574,-0.376709,0.845947,8.605957,-18.127441,1.586914
0.273193,-0.376221,0.849243,9.033203,-21.362303,0.305176
0.269043,-0.370239,0.846436,9.277344,-26.672361,-1.953125
0.267822,-0.370483,0.841919,9.460449,-34.179688,-4.211426
0.263794,-0.368286,0.809082,10.192870,-43.151852,-7.019042
0.209106,-0.362671,0.822998,12.512206,-54.809566,-9.704590
0.151123,-0.346802,0.819458,15.197753,-69.580078,-13.732909
0.077759,-0.338989,0.793335,18.920898,-83.129875,-18.920898
-0.018799,-0.341797,0.833984,24.902342,-103.637688,-26.428221
-0.041870,-0.346558,0.872070,28.503416,-124.633781,-37.536621
-0.021240,-0.329224,0.941650,32.226563,-141.479492,-49.194332
0.022705,-0.308228,1.037720,33.691406,-153.869629,-59.753414
0.101929,-0.271118,1.089355,32.653809,-153.869629,-71.289063
0.184082,-0.249756,1.130249,30.456541,-146.484375,-82.458488
0.223755,-0.255981,1.160767,26.855467,-138.671875,-91.796867
0.287354,-0.237061,1.167725,21.606443,-130.310059,-100.830070
0.406494,-0.227417,1.219238,16.052246,-123.535149,-109.924309
0.568237,-0.193726,1.335693,6.225585,-110.046379,-116.943352
0.742188,-0.176270,1.415894,-8.911133,-104.675285,-120.666496
0.837891,-0.112061,1.530273,-24.719236,-90.148918,-119.750969
0.811279,-0.111328,1.602295,-43.334957,-65.185547,-120.971672
0.796631,-0.135376,1.591675,-66.467285,-44.128414,-119.323723
0.857910,-0.106689,1.463379,-88.378899,-34.667969,-116.455070
0.948853,-0.125977,1.279541,-104.919426,-25.451658,-114.379875
1.103516,-0.126831,1.089111,-119.201653,-12.451171,-98.937981
1.329956,-0.118774,0.796509,-127.014153,2.319336,-79.833984
1.459351,-0.083130,0.825684,-124.206535,17.944336,-57.128902
1.646362,-0.115234,0.764160,-126.892082,39.672852,-42.419430
1.758423,-0.144165,0.822998,-127.868645,67.443848,-28.381346
1.659302,-0.220459,0.921265,-138.488770,98.937981,-11.718749
1.475342,-0.244019,1.034180,-150.268555,129.516602,0.305176
1.359253,-0.211670,1.114380,-167.419418,154.296875,11.474608
1.382568,-0.176514,1.058594,-184.814438,177.185043,26.672361
1.396606,-0.174316,0.825439,-197.998032,184.570297,45.654293
1.336670,-0.212769,0.643188,-206.298813,170.043930,62.988277
1.373413,-0.253784,0.545532,-219.543442,135.131836,77.819824
1.424683,-0.325684,0.419922,-214.111313,147.277832,84.899895
1.290161,-0.413818,0.376221,-220.031723,105.224602,102.233879
1.236816,-0.409790,0.208740,-216.247543,93.078606,110.656731
1.143188,-0.397461,0.141724,-213.561996,83.496086,132.568359
1.180420,-0.436035,0.094116,-207.946762,74.218750,152.526855
1.200562,-0.432983,0.033447,-196.472153,88.195793,165.588364
1.031494,-0.337402,-0.024048,-181.762680,94.726555,177.001938
0.875366,-0.411499,-0.102051,-163.757309,95.336906,187.072739
0.784912,-0.418213,-0.120361,-152.465820,90.698235,196.655258
0.664185,-0.354248,-0.156982,-138.000488,85.266106,206.542953
0.532349,-0.331177,-0.162598,-124.877922,70.190430,217.590317
0.417725,-0.311646,-0.235229,-110.229485,56.640621,220.886215
0.345337,-0.307983,-0.319336,-95.092766,29.846189,228.881821
0.262451,-0.306396,-0.368164,-74.829102,3.112793,232.666000
0.191040,-0.278198,-0.403687,-53.771969,-28.747557,236.633286
0.079224,-0.237305,-0.415161,-28.625486,-62.255856,237.121567
0.068115,-0.210571,-0.396606,-1.464844,-90.270988,236.206039
-0.073120,-0.152588,-0.346313,28.259275,-117.248528,234.497055
-0.202271,-0.125977,-0.199097,60.607906,-138.427734,224.548325
-0.196899,-0.115479,0.002075,83.374016,-159.912109,213.378891
-0.218262,-0.051392,0.086060,107.666008,-161.499008,206.787094
-0.248901,-0.016968,0.131836,134.033203,-141.723633,199.523911
-0.274902,0.031616,0.151123,154.968262,-125.793449,193.420395
-0.358521,0.072632,0.161621,172.668442,-117.492668,183.044418
-0.394165,0.058960,0.241699,189.208969,-119.628899,167.602524
-0.483887,0.060547,0.363770,205.383286,-123.352043,150.573730
-0.629517,0.031006,0.526489,211.181625,-116.394035,127.502434
-0.752930,0.024048,0.609619,214.599594,-105.529778,98.754875
-0.796143,0.012939,0.852661,217.834457,-83.251945,73.852539
-0.895752,0.010254,0.950317,219.055161,-66.650391,50.781246
-0.835938,0.169434,0.926270,217.712387,-46.020504,25.878904
-0.823364,0.082153,0.937500,214.660629,-39.550781,12.329101
-0.686646,0.073608,1.186035,194.702133,-92.956535,-32.226563
-0.792236,0.121094,1.466675,191.040024,-87.341301,-41.870113
-0.869873,0.140015,1.731567,164.733871,-72.937012,-67.810059
-0.885742,0.127441,1.689575,144.470215,-59.387203,-98.388664
-0.788208,0.067139,1.594116,130.187988,-33.996582,-126.464836
-0.608276,0.027222,1.531982,106.872551,-30.456541,-144.836426
-0.408325,0.031006,1.574707,87.646477,-26.733397,-165.771469
-0.187012,-0.062744,1.504761,69.458008,-19.531250,-177.062973
-0.023804,-0.135620,1.549805,58.105465,-10.925292,-182.617172
0.095703,-0.196899,1.548462,46.936031,5.249023,-192.993149
0.087646,-0.243896,1.544189,37.841797,18.371582,-197.021469
0.259033,-0.274414,1.561157,25.268553,29.785154,-198.364243
0.398560,-0.276855,1.516724,12.329101,29.968260,-196.533188
0.452271,-0.296631,1.505493,2.380371,33.264160,-187.011703
0.583862,-0.329590,1.451904,-7.873535,42.419430,-175.598129
0.567993,-0.365845,1.371460,-15.197753,43.334957,-162.048325
0.494873,-0.407593,1.321045,-22.888182,30.151365,-152.343750
0.494019,-0.448975,1.256592,-31.188963,3.784179,-144.226074
0.621338,-0.468872,1.243774,-39.978027,-32.409668,-134.338379
0.779297,-0.488770,1.182495,-47.729488,-62.316891,-120.788567
0.797485,-0.525513,1.147095,-53.222652,-77.209473,-103.515617
0.752075,-0.579224,1.064941,-55.786129,-78.186035,-85.632317
0.700806,-0.613770,1.000854,-51.452633,-72.387695,-68.908691
0.666382,-0.631226,0.952515,-47.302242,-59.387203,-52.673336
0.601196,-0.615845,0.908325,-43.945309,-45.104977,-36.560059
0.482178,-0.577026,0.881226,-40.710445,-33.935547,-23.620604
0.383545,-0.526367,0.856445,-36.926270,-25.939939,-15.258788
0.314941,-0.502441,0.822510,-32.531738,-19.226074,-10.375976
0.282471,-0.488159,0.823120,-28.564451,-16.540527,-8.605957
0.266235,-0.469360,0.815430,-25.634764,-16.967773,-7.141113
0.241211,-0.439087,0.821045,-23.132322,-19.409180,-5.249023
0.276367,-0.432495,0.813232,-20.507811,-16.296387,-2.807617
0.283203,-0.406128,0.818604,-16.662598,-11.657714,-0.427246
0.254272,-0.387695,0.841187,-12.512206,-5.126953,1.281738
0.254883,-0.380981,0.839355,-9.399414,-1.098633,2.502441
0.260742,-0.379395,0.825684,-8.178711,-0.854492,4.333496
0.249390,-0.385132,0.816040,-5.554199,-3.234863,4.516602
0.245483,-0.391113,0.810303,-3.356933,-8.666992,5.065917
0.280518,-0.398560,0.798950,-0.854492,-14.587401,5.249023
0.287354,-0.401978,0.820801,1.159668,-17.028809,5.798339
0.266602,-0.379883,0.867188,3.784179,-14.831542,6.469726
0.272461,-0.368774,0.873291,5.126953,-9.704590,6.286621
0.264160,-0.369385,0.892212,6.103515,-5.737304,6.347656
0.246216,-0.368896,0.897217,6.042480,-2.258301,7.202148
0.246704,-0.388306,0.883301,5.432128,-1.464844,6.713867
0.242188,-0.399780,0.866333,5.615234,-2.197266,5.859375
0.233276,-0.398315,0.852905,6.103515,-3.784179,5.065917
0.219116,-0.397705,0.860840,7.263183,-5.859375,5.004883
0.235474,-0.391724,0.884155,8.666992,-7.324218,4.089355
0.245483,-0.389282,0.913208,8.972168,-7.263183,3.540039
0.232422,-0.378906,0.934448,8.117676,-7.202148,2.807617
0.243652,-0.382690,0.930298,7.019042,-6.225585,1.464844
0.241089,-0.385132,0.924072,6.103515,-5.310058,0.305176
0.246704,-0.386719,0.910767,4.943848,-5.798339,-0.244141
0.261963,-0.393188,0.895264,4.333496,-6.591796,-0.549316
0.270630,-0.392944,0.889771,5.249023,-7.568359,0.305176
0.261230,-0.392334,0.899292,5.554199,-6.958007,1.098633
0.269531,-0.392700,0.922485,6.103515,-5.249023,1.220703
0.257202,-0.389038,0.937134,6.469726,-2.502441,1.403808
0.251587,-0.398193,0.939575,4.882813,-0.610352,0.549316
0.248901,-0.392456,0.927734,4.638672,-0.793457,0.305176
0.252930,-0.385498,0.919800,4.333496,-1.281738,0.183105
0.269165,-0.389160,0.914429,3.601074,-2.380371,0.061035
0.266479,-0.396851,0.908447,3.356933,-3.540039,0.671387
0.264893,-0.390747,0.927490,3.723144,-3.906250,1.220703
0.265015,-0.396973,0.941528,3.723144,-3.540039,1.525879
0.261353,-0.398926,0.937256,3.540039,-2.746582,1.464844
0.261230,-0.403931,0.921631,3.051758,-1.892090,1.403808
0.254028,-0.390991,0.909424,2.868652,-0.732422,0.854492
0.258057,-0.387939,0.907227,2.685547,0.061035,0.732422
0.264404,-0.390015,0.909058,2.502441,-0.366211,0.854492
0.270020,-0.382813,0.919922,2.197266,-0.671387,1.220703
0.276367,-0.388916,0.926392,1.770019,-1.220703,1.708984
0.276855,-0.389282,0.927490,1.464844,-1.770019,1.708984
0.269409,-0.385376,0.928711,0.549316,-2.624511,1.586914
0.278198,-0.395752,0.914673,0.061035,-3.356933,1.708984
0.277710,-0.398926,0.900879,0.122070,-3.417969,1.892090
0.281128,-0.388672,0.904297,0.183105,-3.051758,1.892090
0.262817,-0.382690,0.896851,0.427246,-2.990722,1.708984
0.252441,-0.386475,0.902222,0.366211,-3.417969,1.770019
0.260254,-0.386597,0.904053,-0.061035,-5.126953,1.586914
0.270264,-0.400269,0.901001,-0.549316,-7.141113,0.976562
0.270386,-0.401001,0.897339,-1.098633,-8.483887,0.915527
0.277344,-0.394409,0.898560,-1.220703,-8.972168,0.854492
0.285400,-0.391724,0.901855,-0.732422,-9.094238,0.976562
0.273804,-0.380005,0.913696,-0.610352,-8.911133,1.708984
0.269165,-0.378052,0.915039,-0.854492,-9.155273,1.586914
0.262451,-0.380371,0.907349,-1.586914,-10.253905,0.854492
0.274170,-0.390991,0.904053,-1.831055,-11.718749,0.427246
0.296631,-0.392212,0.889526,-2.014160,-11.535644,0.244141
0.302612,-0.386841,0.875244,-1.770019,-10.559081,0.732422
0.296997,-0.387207,0.877441,-1.037598,-8.544922,1.281738
0.300537,-0.380005,0.881958,-0.061035,-6.408691,2.014160
0.281006,-0.375000,0.894165,0.366211,-4.577637,2.197266
0.260376,-0.367676,0.898438,0.610352,-4.272461,2.136230
0.265259,-0.369263,0.898071,0.244141,-5.798339,1.403808
0.275391,-0.376099,0.889526,-0.427246,-8.117676,0.915527
0.289429,-0.371948,0.881592,-1.037598,-10.620116,0.976562
0.290527,-0.376099,0.872925,-1.220703,-13.366698,0.732422
0.290771,-0.369873,0.866333,-1.281738,-15.991210,0.122070
0.286621,-0.366821,0.868896,-1.403808,-17.639160,0.183105
0.279053,-0.366943,0.869995,-1.159668,-19.165039,0.000000
0.276001,-0.370850,0.873657,-1.098633,-20.812986,-0.183105
0.268921,-0.374023,0.869507,-0.915527,-21.972654,-0.793457
0.255249,-0.372559,0.865112,-0.488281,-24.475096,-1.525879
0.251343,-0.371948,0.864868,-0.122070,-28.503416,-2.746582
0.237305,-0.370850,0.867188,0.305176,-34.484863,-4.333496
0.230469,-0.370850,0.880249,0.427246,-41.748043,-6.225585
0.207520,-0.365601,0.898682,0.671387,-51.757809,-9.033203
0.172852,-0.353516,0.911011,0.122070,-64.819336,-12.512206
0.168945,-0.344727,0.924072,-1.098633,-77.941895,-17.150879
0.186523,-0.348877,0.923340,-2.563476,-88.806145,-21.850584
0.205933,-0.348511,0.923950,-3.173828,-96.435539,-25.634764
0.186523,-0.352661,0.948730,-3.967285,-97.717278,-29.907225
0.174927,-0.353271,0.986206,-4.455566,-96.557610,-35.949707
0.139038,-0.362305,1.071411,-5.737304,-90.332024,-43.579098
0.098389,-0.369385,1.137817,-10.375976,-79.162598,-50.964352
0.073730,-0.376465,1.201416,-15.686034,-72.998047,-60.119625
0.115845,-0.405640,1.214966,-22.216795,-71.533203,-70.617676
0.168701,-0.414673,1.207397,-30.456541,-70.678711,-80.444328
0.189453,-0.447998,1.202148,-39.306641,-68.969727,-87.280266
0.251465,-0.479126,1.209717,-46.997066,-64.575195,-93.688957
0.379272,-0.472656,1.271973,-52.429195,-64.514160,-101.196281
0.661621,-0.473999,1.400513,-57.128902,-61.767574,-107.604973
0.872192,-0.425537,1.478027,-67.749023,-45.410152,-106.262199
0.928589,-0.406494,1.388184,-79.650879,-28.320311,-100.097649
0.953613,-0.452271,1.346436,-85.449211,-7.385253,-95.397942
1.059692,-0.495239,1.343018,-94.970695,14.953612,-93.078606
1.178467,-0.535156,1.281494,-106.750481,51.818844,-84.106438
1.293213,-0.555786,1.188477,-117.187492,96.008293,-66.589355
1.331909,-0.529785,1.143677,-122.192375,129.394531,-45.166012
1.443481,-0.451782,1.085815,-128.723145,161.743149,-25.817869
1.562378,-0.408081,1.011963,-133.972168,174.926743,-5.554199
1.628418,-0.349609,1.050171,-141.052246,164.001450,10.986327
1.656982,-0.324097,1.119263,-153.625488,146.362305,24.780272
1.605469,-0.351074,1.061523,-170.959457,131.835938,43.823238
1.521118,-0.389160,0.913574,-186.706528,112.731926,62.744137
1.432251,-0.452881,0.743408,-198.669418,90.148918,81.726067
1.414063,-0.461304,0.561157,-204.406723,72.692871,102.416985
1.467041,-0.465454,0.405640,-206.115707,77.880859,124.816887
1.349243,-0.368042,0.302246,-199.523911,89.172356,149.414063
1.208008,-0.271240,0.225830,-190.856918,104.797356,171.997055
1.076782,-0.187500,0.135498,-180.725082,125.671379,190.734848
0.921143,-0.107910,0.058716,-174.987778,129.699707,207.458481
0.751221,-0.062500,-0.023315,-165.710434,121.704094,219.177231
0.573242,-0.053345,-0.117920,-156.494141,109.069817,225.219711
0.437134,-0.038696,-0.249146,-146.728516,84.838860,232.482895
0.294678,-0.074585,-0.353638,-132.629395,60.791012,234.924301
0.178711,-0.066895,-0.426514,-118.774406,22.399900,240.722641
0.132202,-0.087769,-0.483276,-100.158684,-16.052246,245.910629
0.010620,-0.070068,-0.501343,-75.256348,-52.062984,253.173813
-0.138550,-0.064697,-0.454712,-40.649410,-84.838860,255.065903
-0.202271,-0.079956,-0.378174,-7.080078,-110.473625,252.319321
-0.287598,-0.028320,-0.239014,28.076170,-123.413078,244.262680
-0.485962,0.026123,-0.126953,62.683102,-136.413574,230.041489
-0.576416,0.052002,-0.116089,90.026848,-147.705078,211.669907
-0.671631,0.042480,0.005493,115.173332,-180.541977,192.871078
-0.646484,0.031128,0.056519,141.967773,-186.401352,176.086411
-0.706909,0.057983,0.190430,160.278320,-180.664047,161.071762
-0.780640,0.028320,0.338257,169.860825,-173.889145,135.620117
-0.818359,-0.008301,0.422241,178.039536,-175.720200,106.140129
-0.735229,0.003540,0.544434,190.368637,-161.315903,80.749504
-0.691040,-0.014404,0.596802,198.486313,-145.080566,62.133785
-0.709229,-0.026855,0.778076,204.711899,-128.906250,40.954586
-0.732300,-0.038086,0.808716,198.547348,-118.041985,19.714355
-0.810059,-0.007324,0.833862,200.439438,-96.252434,-5.676269
-0.822876,0.000732,0.981201,196.105942,-70.373535,-26.123045
-0.516357,-0.165527,1.199951,187.377914,-32.165527,-48.645016
-0.427246,0.047974,1.437134,183.959946,13.793944,-68.298340
-0.590942,0.160522,1.722900,149.658203,-41.015621,-103.088371
-0.777954,0.000244,1.833008,131.286621,-10.620116,-114.746086
-0.809082,-0.117310,1.887573,105.041496,-9.094238,-142.395020
-0.619629,-0.179810,1.952393,76.232910,-6.469726,-171.081528
-0.354004,-0.215454,1.765869,46.203609,4.760742,-189.086899
-0.281250,-0.246948,1.519043,24.169920,14.221190,-192.810043
-0.175781,-0.255371,1.306274,3.845215,17.456055,-202.148422
-0.046631,-0.241211,1.096069,-5.981445,24.719236,-213.928207
0.100952,-0.293335,0.999146,-9.765625,26.184080,-214.050278
0.294678,-0.366943,0.958740,-7.873535,19.104004,-211.059555
0.407593,-0.408203,1.031738,-2.136230,-1.953125,-208.190903
0.481812,-0.462280,1.190308,-4.882813,-27.160643,-202.331528
0.704102,-0.466675,1.327026,-14.404296,-49.682613,-193.359360
0.814819,-0.470337,1.353760,-23.925779,-72.448730,-182.067856
0.813477,-0.510742,1.332764,-34.851074,-86.914055,-167.114243
0.893799,-0.571533,1.277222,-45.043941,-92.163078,-152.404785
0.951538,-0.629395,1.190063,-52.368160,-91.674797,-130.004883
0.885010,-0.689819,1.088257,-56.457516,-88.806145,-102.478020
0.820435,-0.729614,0.971680,-55.969234,-83.984367,-78.308105
0.736328,-0.750366,0.842773,-51.696774,-77.148438,-59.448238
0.646484,-0.752319,0.752197,-43.334957,-67.871094,-44.494625
0.599243,-0.738159,0.690308,-32.836914,-59.448238,-32.775879
0.585693,-0.719482,0.676392,-20.629881,-50.781246,-22.644041
0.582153,-0.686401,0.722778,-10.498046,-40.710445,-14.465331
0.525024,-0.649536,0.777710,-2.685547,-30.822752,-6.896972
0.463867,-0.609863,0.827881,2.502441,-22.338865,0.000000
0.411987,-0.573853,0.832397,5.737304,-17.639160,5.676269
0.364258,-0.539063,0.830811,8.605957,-14.404296,10.253905
0.333008,-0.513550,0.804077,10.437011,-13.916015,12.878417
0.299805,-0.487427,0.796509,11.352538,-15.258788,13.610839
0.281494,-0.459595,0.805054,12.023925,-16.601563,13.427733
0.290649,-0.441895,0.807129,12.268065,-15.686034,11.840819
0.289063,-0.428467,0.833374,12.084960,-14.465331,10.498046
0.298462,-0.423584,0.822021,11.169433,-9.887695,9.643555
0.325073,-0.433228,0.813232,10.742187,-4.394531,9.399414
0.337280,-0.424072,0.813354,10.742187,-0.061035,9.277344
0.307373,-0.407837,0.814941,11.108397,1.953125,9.643555
0.283081,-0.394043,0.823730,11.474608,2.746582,9.826660
0.255615,-0.399658,0.835571,11.596679,1.098633,8.911133
0.253906,-0.398560,0.871338,11.352538,-3.112793,7.385253
0.257080,-0.407837,0.899170,10.314940,-7.080078,5.493164
0.283203,-0.413208,0.886475,9.216309,-7.995605,3.784179
0.318115,-0.419312,0.865601,8.972168,-7.019042,2.319336
0.339722,-0.416870,0.851074,9.399414,-2.441406,1.586914
0.326416,-0.407471,0.865723,9.521484,3.784179,1.708984
0.290161,-0.399780,0.897705,9.643555,7.934570,1.220703
0.279907,-0.411743,0.921509,8.789063,9.887695,0.061035
0.263794,-0.423096,0.920166,7.995605,9.704590,0.122070
0.265259,-0.429443,0.923218,6.530761,6.958007,-0.976562
0.270874,-0.429932,0.902100,5.432128,1.525879,-2.502441
0.310669,-0.421387,0.890625,4.699707,-1.770019,-2.624511
0.343872,-0.429688,0.870239,4.638672,-1.708984,-1.586914
0.339722,-0.428955,0.886597,5.493164,-0.488281,-0.793457
0.322144,-0.406860,0.909912,6.164550,1.281738,-0.488281
0.329346,-0.419800,0.921631,5.859375,3.234863,-0.366211
0.324951,-0.433838,0.916748,5.065917,3.234863,0.183105
0.321533,-0.443970,0.912964,4.150391,1.464844,0.000000
0.323486,-0.429321,0.886963,3.295898,-1.953125,0.061035
0.318115,-0.426270,0.866455,2.990722,-4.821777,0.122070
0.317261,-0.420654,0.855225,3.662109,-5.371093,1.220703
0.324585,-0.415283,0.867920,4.577637,-5.432128,2.136230
0.334473,-0.410889,0.883667,5.187988,-2.441406,2.136230
0.322510,-0.414063,0.893555,4.699707,0.427246,2.807617
0.312500,-0.413940,0.898804,4.150391,2.136230,1.892090
0.312866,-0.412720,0.895752,3.723144,3.234863,1.220703
0.303345,-0.414673,0.884155,3.479004,2.746582,1.220703
0.292358,-0.410156,0.880981,2.990722,0.488281,1.037598
0.282471,-0.406006,0.891968,2.807617,-2.014160,1.220703
0.294067,-0.399414,0.885986,2.441406,-2.502441,0.366211
0.294312,-0.401855,0.887451,1.525879,-2.563476,0.366211
0.297241,-0.410645,0.872925,0.976562,-2.380371,0.122070
0.309448,-0.411987,0.860107,0.915527,-1.464844,-0.488281
0.317261,-0.418213,0.847656,1.220703,-0.366211,-0.732422
0.313721,-0.420898,0.857910,1.647949,0.061035,-0.732422
0.306030,-0.412720,0.875000,2.075195,-0.183105,-0.854492
0.295410,-0.407959,0.871948,2.258301,-1.037598,-0.488281
0.304077,-0.406006,0.883789,2.136230,-3.173828,-0.976562
0.318359,-0.406738,0.879639,1.586914,-5.371093,-1.159668
0.319824,-0.407715,0.881958,1.159668,-6.286621,-1.464844
0.335938,-0.416504,0.880981,0.915527,-5.371093,-1.464844
0.346069,-0.408203,0.861938,0.732422,-4.333496,-1.159668
0.352905,-0.409790,0.846191,1.159668,-2.929687,-0.671387
0.332397,-0.416382,0.850464,1.953125,-2.136230,-0.366211
0.326782,-0.407349,0.856445,2.746582,-2.258301,-0.793457
0.314819,-0.414795,0.873413,2.868652,-2.624511,-0.732422
0.317627,-0.413208,0.885132,2.685547,-2.929687,-1.281738
0.310669,-0.408691,0.885498,1.770019,-3.356933,-1.281738
0.304077,-0.409912,0.883789,1.037598,-3.967285,-1.586914
0.311646,-0.406860,0.872803,0.671387,-4.943848,-2.014160
0.312866,-0.402344,0.876587,0.488281,-5.615234,-2.136230
0.309570,-0.405884,0.876343,0.671387,-5.493164,-2.319336
0.316162,-0.398193,0.884766,0.366211,-5.004883,-2.380371
0.315430,-0.401489,0.880981,0.183105,-5.065917,-2.502441
0.327026,-0.402832,0.884277,-0.122070,-5.432128,-2.746582
0.333130,-0.403198,0.873291,0.061035,-5.920410,-2.380371
0.331299,-0.403442,0.861816,0.549316,-7.080078,-2.319336
0.330322,-0.403931,0.864746,0.915527,-8.117676,-1.831055
0.333374,-0.403442,0.863525,1.525879,-9.338379,-1.281738
0.319336,-0.401123,0.877319,2.197266,-10.192870,-1.342773
0.305176,-0.402466,0.883545,2.441406,-11.779784,-1.220703
0.297363,-0.401245,0.880493,2.441406,-13.671874,-2.136230
0.283081,-0.400879,0.881592,2.746582,-16.784668,-3.417969
0.250610,-0.402954,0.894653,2.441406,-20.446775,-4.943848
0.222656,-0.399536,0.911377,2.380371,-24.475096,-7.507324
0.193970,-0.407349,0.910156,2.380371,-29.296873,-10.437011
0.154663,-0.405396,0.953125,2.868652,-33.752441,-13.732909
0.127075,-0.411011,1.014160,4.150391,-36.987305,-17.456055
0.102417,-0.431030,1.080811,4.638672,-40.405270,-22.888182
0.065918,-0.438965,1.172485,4.516602,-44.616695,-29.724119
-0.012817,-0.458862,1.326050,2.746582,-45.532223,-37.658691
-0.109863,-0.467041,1.471924,-2.807617,-46.386715,-49.255367
-0.106567,-0.493530,1.492920,-10.437011,-51.452633,-63.964840
-0.093506,-0.498901,1.464233,-20.996092,-62.622066,-77.636719
-0.017456,-0.491333,1.507813,-35.583496,-64.880371,-90.148918
0.157593,-0.438477,1.544312,-51.513668,-61.035152,-100.463860
0.379150,-0.377197,1.580933,-66.528320,-54.382320,-107.299797
0.638550,-0.328735,1.585693,-83.984367,-36.743164,-110.229485
0.826416,-0.286987,1.462891,-101.867668,-12.878417,-101.074211
0.914795,-0.318848,1.367188,-111.145012,21.057127,-93.505852
0.978394,-0.364990,1.286987,-121.154778,45.227047,-85.449211
1.088013,-0.380737,1.238525,-131.896973,64.697266,-74.707031
1.223389,-0.396606,1.162231,-143.920898,77.209473,-59.082027
1.356934,-0.415771,1.144897,-155.151367,83.618156,-38.818359
1.447144,-0.385498,1.109131,-166.015610,85.021965,-20.141600
1.622925,-0.392334,0.975952,-177.124008,84.899895,-1.342773
1.668213,-0.412476,0.844604,-183.166489,85.388176,21.362303
1.577271,-0.453857,0.672363,-185.668930,85.815422,43.640133
1.464966,-0.552979,0.460693,-185.729965,84.350578,65.185547
1.401123,-0.681885,0.342407,-182.067856,86.364738,86.364738
1.342529,-0.711914,0.226318,-178.100571,95.458977,107.055656
1.233032,-0.731567,0.250366,-173.034653,102.416985,126.647942
1.195923,-0.650146,0.215454,-165.039047,132.080078,135.742188
1.030029,-0.596069,0.126709,-154.724121,133.300781,147.888184
0.968506,-0.568726,0.151489,-149.047852,126.342766,162.597641
0.869263,-0.441895,0.095581,-139.770508,130.798340,170.288071
0.710693,-0.357422,-0.015137,-131.591797,125.915520,179.077133
0.588257,-0.342285,-0.070435,-125.854485,107.177727,186.767563
0.498779,-0.291382,-0.121338,-118.713371,88.684074,193.481430
0.398071,-0.263916,-0.146484,-111.999504,70.556641,198.913559
0.323486,-0.193359,-0.186035,-104.614250,53.466793,202.514633
0.268921,-0.138916,-0.284058,-93.139641,37.841797,203.735336
0.202026,-0.064575,-0.396606,-79.650879,15.563964,210.266098
0.140747,0.005615,-0.511353,-61.340328,-13.916015,212.951645
0.050171,-0.000488,-0.586548,-34.912109,-43.640133,219.787582
-0.006470,0.001831,-0.636597,-0.488281,-65.368652,228.332504
-0.081665,0.110352,-0.569702,32.104492,-84.228508,231.933578
-0.183228,0.158203,-0.479492,67.749023,-107.299797,229.553207
-0.237305,0.169434,-0.336060,101.806633,-120.056145,224.975571
-0.324463,0.200439,-0.186646,137.390137,-124.023430,217.224106
-0.486084,0.225830,-0.043457,168.640121,-127.075188,204.650864
-0.581177,0.223389,0.148438,195.800766,-130.310059,191.101059
-0.621582,0.230591,0.339600,217.407211,-137.207031,174.987778
-0.641235,0.251099,0.597290,235.290512,-142.700195,156.188965
-0.642578,0.268311,0.728882,234.741196,-169.799789,128.967285
-0.718506,0.235596,0.913086,232.727036,-174.560532,101.745598
-0.763916,0.206543,0.984619,236.206039,-161.621078,71.289063
-0.927246,0.229370,0.945190,228.576645,-167.358383,40.222164
-1.184326,0.101074,0.918701,217.224106,-184.692368,9.521484
-1.077271,0.011230,0.759888,207.031235,-176.452621,-32.470703
-0.885742,0.076050,1.069458,198.547348,-197.936996,-34.912109
-0.474365,0.123047,1.278320,183.105453,-151.916504,-47.607418
-0.374756,0.213745,1.599243,175.415024,-124.145500,-72.326660
-0.418091,0.176636,1.882202,159.118652,-77.209473,-99.060051
-0.561035,0.113770,2.045776,137.512207,-58.044430,-130.554199
-0.671631,0.037109,2.180298,109.497063,-55.603024,-157.226563
-0.472046,-0.061768,2.236084,72.204590,-57.617184,-171.020493
-0.302856,-0.142700,2.169312,38.513184,-71.350098,-176.391586
-0.120605,-0.242554,1.979248,9.704590,-84.350578,-184.020981
0.077026,-0.302490,1.719604,-10.131835,-88.989250,-192.749008
0.158569,-0.327393,1.508057,-22.521971,-83.251945,-194.519028
0.254395,-0.320801,1.387451,-30.700682,-66.589355,-194.641098
0.386475,-0.321167,1.303955,-36.926270,-46.874996,-188.842758
0.478760,-0.345703,1.276367,-38.696289,-37.597656,-184.204086
0.534180,-0.374878,1.316650,-41.564938,-22.094725,-174.072250
0.536865,-0.382690,1.336060,-47.180172,-13.854980,-164.001450
0.502197,-0.379395,1.326416,-52.185055,-16.174316,-155.456543
0.513428,-0.384155,1.294434,-58.410641,-22.705076,-149.658203
0.568481,-0.389160,1.258667,-65.917969,-33.081055,-142.822266
0.615967,-0.376831,1.189209,-75.134277,-49.560543,-133.789063
0.672974,-0.389404,1.050903,-82.336418,-65.734863,-122.375481
0.773193,-0.451660,0.925659,-85.449211,-79.040527,-109.497063
0.850220,-0.516724,0.824951,-85.266106,-80.932610,-92.529289
0.825684,-0.547729,0.746826,-80.932610,-73.364258,-72.631836
0.772095,-0.563110,0.711182,-74.645996,-61.340328,-56.274410
0.712158,-0.538574,0.692627,-66.040039,-46.447750,-42.419430
0.670410,-0.518311,0.696289,-57.556149,-34.179688,-31.311033
0.618652,-0.496094,0.722534,-50.537106,-26.428221,-22.338865
0.538574,-0.495605,0.742798,-44.494625,-26.062010,-16.601563
0.478882,-0.489746,0.750366,-40.222164,-30.944822,-12.573241
0.436646,-0.496460,0.741333,-36.315918,-39.306641,-7.690429
0.428345,-0.503784,0.708496,-33.508301,-49.011227,-2.380371
0.421509,-0.493408,0.675293,-29.052732,-59.692379,0.183105
0.476196,-0.495239,0.640259,-23.193357,-66.467285,1.770019
0.522827,-0.473755,0.605957,-17.639160,-59.936520,5.615234
0.520386,-0.451538,0.592407,-10.559081,-48.950191,9.216309
0.477539,-0.429321,0.624512,-3.845215,-33.813477,12.634276
0.437744,-0.416016,0.662842,1.770019,-16.296387,15.136718
0.393555,-0.407104,0.721680,7.202148,0.122070,17.028809
0.339111,-0.403198,0.764160,9.399414,10.070800,18.127441
0.339966,-0.405151,0.774780,10.803222,10.986327,17.395020
0.377808,-0.408813,0.792725,12.268065,5.187988,15.686034
0.348511,-0.395264,0.795898,13.671874,0.915527,14.892577
0.325317,-0.375610,0.795776,13.732909,-1.281738,14.587401
0.336182,-0.374756,0.797241,14.221190,-1.342773,12.695312
0.321777,-0.373047,0.806030,15.441894,0.732422,11.413573
0.322632,-0.396851,0.822510,15.380858,1.770019,10.681151
0.338013,-0.406128,0.823730,14.892577,2.563476,9.216309
0.344971,-0.404297,0.851440,14.770507,3.417969,7.751464
0.320068,-0.384521,0.882080,14.953612,4.699707,5.981445
0.301147,-0.373535,0.889160,14.526366,5.676269,3.601074
0.312500,-0.371460,0.890137,13.122558,4.516602,1.770019
0.336304,-0.374512,0.899658,11.840819,0.000000,0.427246
0.347656,-0.381714,0.912109,10.314940,-4.089355,0.305176
0.343506,-0.387939,0.912109,8.178711,-7.202148,-0.122070
0.353516,-0.398804,0.910278,6.591796,-8.911133,-1.159668
0.356812,-0.397705,0.921631,5.310058,-8.911133,-1.464844
0.373413,-0.394653,0.903076,4.089355,-7.934570,-1.953125
0.385010,-0.389160,0.903687,3.173828,-7.568359,-2.563476
0.382568,-0.396484,0.894287,2.319336,-7.507324,-2.624511
0.370728,-0.397095,0.888306,1.647949,-7.202148,-2.380371
0.376953,-0.396851,0.866089,2.075195,-7.812500,-2.502441
0.384521,-0.411377,0.872070,1.708984,-9.460449,-2.563476
0.398926,-0.416504,0.878906,1.892090,-11.047362,-2.807617
0.408081,-0.419067,0.878540,1.831055,-10.559081,-3.051758
0.404541,-0.418945,0.870483,1.281738,-9.155273,-3.234863
0.404419,-0.414063,0.855591,0.915527,-6.835937,-3.417969
0.412964,-0.404053,0.836426,0.854492,-3.662109,-3.234863
0.422729,-0.409424,0.814697,1.831055,-1.831055,-2.807617
0.411499,-0.412109,0.827515,2.929687,-1.342773,-1.525879
0.410156,-0.406128,0.841187,3.967285,-0.488281,0.061035
0.415161,-0.398071,0.849243,4.943848,0.122070,0.549316
0.404907,-0.393066,0.873779,5.126953,1.342773,0.610352
0.407471,-0.390259,0.864868,4.577637,2.075195,-0.183105
0.395874,-0.392334,0.854736,3.234863,2.380371,-0.427246
0.376343,-0.393433,0.842773,2.319336,0.183105,-0.488281
0.376099,-0.399170,0.853638,1.159668,-1.770019,-0.366211
0.386841,-0.414429,0.853638,0.732422,-4.028320,-0.244141
0.400513,-0.409546,0.857056,0.610352,-5.004883,0.244141
0.401855,-0.406982,0.858276,0.915527,-4.211426,0.732422
0.404785,-0.400757,0.860352,1.220703,-2.319336,0.915527
0.392212,-0.395630,0.853638,1.892090,-0.915527,0.793457
0.390015,-0.390381,0.847534,1.892090,0.061035,0.671387
0.383789,-0.381226,0.844360,1.342773,-0.793457,0.366211
0.389404,-0.379517,0.838623,1.037598,-2.502441,0.000000
0.403564,-0.387451,0.840454,0.671387,-4.882813,0.366211
0.408569,-0.399780,0.841919,1.037598,-6.042480,-0.244141
0.413330,-0.401855,0.826782,1.403808,-5.798339,-0.122070
0.403198,-0.399780,0.843018,2.380371,-4.699707,0.061035
0.390747,-0.394775,0.862427,3.173828,-2.563476,0.427246
0.385742,-0.382324,0.864014,3.784179,-1.098633,0.671387
0.384399,-0.386841,0.854736,3.051758,-1.342773,0.305176
0.377563,-0.389893,0.850708,2.624511,-2.319336,-0.122070
0.384644,-0.386719,0.843506,2.380371,-3.356933,-0.122070
0.401733,-0.389648,0.838867,2.319336,-3.906250,-0.671387
0.407104,-0.395996,0.836426,2.136230,-4.455566,-0.488281
0.407471,-0.397217,0.846069,2.685547,-4.150391,-0.122070
0.407715,-0.394531,0.856689,2.746582,-3.417969,0.000000
0.413330,-0.387451,0.851440,3.234863,-2.014160,0.061035
0.397949,-0.385620,0.857422,3.356933,-1.403808,0.366211
0.397827,-0.383911,0.855469,3.234863,-1.586914,0.366211
0.388672,-0.380005,0.850586,3.356933,-1.892090,0.549316
0.401611,-0.386108,0.841064,3.295898,-2.624511,0.000000
0.387573,-0.387939,0.843994,3.601074,-3.784179,-0.244141
0.383423,-0.383423,0.840576,4.150391,-4.882813,-0.061035
0.372192,-0.381226,0.863647,4.333496,-5.798339,-0.244141
0.351196,-0.378052,0.877808,4.516602,-5.859375,-0.732422
0.349854,-0.371826,0.883545,4.028320,-6.164550,-2.319336
0.335083,-0.368408,0.888794,3.479004,-7.019042,-3.906250
0.304810,-0.360474,0.914063,2.624511,-9.582520,-5.981445
0.277344,-0.340942,0.912720,1.464844,-15.930175,-9.033203
0.266602,-0.348145,0.932007,-0.488281,-25.634764,-12.756347
0.265381,-0.357300,0.946533,-2.563476,-35.766602,-16.357422
0.262207,-0.353638,0.963501,-4.333496,-44.616695,-19.592285
0.228882,-0.348877,1.028198,-6.103515,-50.598141,-23.498533
0.218750,-0.342773,1.057617,-8.178711,-51.330563,-30.151365
0.174316,-0.356201,1.073364,-11.474608,-50.964352,-37.353516
0.141479,-0.345825,1.078735,-16.113281,-54.016109,-45.227047
0.125854,-0.346069,1.088135,-20.263670,-57.617184,-53.161617
0.112061,-0.340210,1.097412,-24.963377,-69.946289,-61.035152
0.180420,-0.325317,1.116211,-30.151365,-82.153313,-70.434570
0.278442,-0.327148,1.151611,-35.156250,-91.369621,-78.430176
0.411499,-0.319580,1.174805,-40.649410,-97.900383,-83.007805
0.529175,-0.314453,1.185181,-44.677731,-101.867668,-88.012688
0.650757,-0.320190,1.231079,-48.461910,-104.858391,-92.102043
0.767700,-0.354004,1.297974,-56.152340,-107.727043,-94.787590
0.881958,-0.404297,1.357788,-64.208984,-95.947258,-95.336906
1.005371,-0.418579,1.292114,-74.768066,-63.415524,-90.881340
0.984619,-0.444824,1.176636,-85.388176,-35.400391,-81.848137
1.062866,-0.472534,1.065430,-95.825188,-19.714355,-73.425293
1.146484,-0.477539,0.933472,-105.163567,2.624511,-65.917969
1.174927,-0.461182,0.940186,-111.511223,13.427733,-55.664059
1.323608,-0.478882,0.946533,-116.943352,41.198727,-43.945309
1.369507,-0.497192,0.959229,-128.662109,64.880371,-25.024412
1.465698,-0.491821,0.918457,-138.366699,79.650879,-5.798339
1.607666,-0.517822,0.869507,-148.498535,97.106926,12.207030
1.725830,-0.542114,0.763062,-155.151367,115.966789,30.639647
1.693726,-0.549072,0.588867,-158.935547,129.699707,48.767086
1.674194,-0.603760,0.594238,-162.048325,121.276848,66.040039
1.546387,-0.643799,0.476196,-155.578613,148.559570,79.528809
1.490356,-0.676880,0.425781,-161.743149,138.610840,108.459465
1.388550,-0.679932,0.371460,-158.142090,151.611328,126.586906
1.285156,-0.647095,0.295532,-155.029297,154.724121,143.798828
1.208496,-0.597168,0.215454,-153.137207,155.700684,154.235840
1.111572,-0.504639,0.151978,-148.620605,157.958984,162.109360
1.024536,-0.407715,0.087524,-143.188477,153.808594,173.095688
0.904297,-0.307007,0.022827,-135.131836,151.123047,183.166489
0.768066,-0.307373,0.013916,-124.145500,136.901855,192.749008
0.693115,-0.240601,-0.055176,-116.882317,119.018547,202.270493
0.621094,-0.173218,-0.157715,-108.154289,96.862785,212.646469
0.493896,-0.118286,-0.266602,-98.083488,73.608398,222.534164
0.362671,-0.090820,-0.347534,-83.129875,47.607418,228.027328
0.251465,-0.081543,-0.391968,-65.734863,19.714355,232.299789
0.199829,-0.077393,-0.438477,-45.776363,-10.803222,236.694321
0.156372,-0.060303,-0.473633,-23.376463,-38.879395,238.830551
0.066284,0.040771,-0.458374,2.014160,-65.856934,238.769516
-0.092407,0.067261,-0.385864,30.334471,-86.608879,237.365707
-0.168945,0.098389,-0.202515,54.016109,-127.075188,231.445297
-0.213257,0.181396,-0.050293,81.603996,-131.958008,225.158676
-0.254150,0.239258,0.007690,104.431145,-130.981445,216.308578
-0.367432,0.218750,0.023682,126.831047,-130.432129,207.153305
-0.519653,0.191406,0.031006,144.531250,-132.690430,192.138657
-0.608643,0.154907,0.164307,162.170395,-139.587402,172.302231
-0.583008,0.116821,0.242676,175.781235,-142.883301,148.620605
-0.684692,0.162354,0.418457,190.124496,-120.666496,128.723145
-0.905884,0.209717,0.613647,199.096664,-96.191399,110.351555
-1.050049,0.251587,0.801880,199.829086,-89.355461,81.603996
-1.141235,0.255127,0.957153,198.059067,-90.881340,51.208492
-1.165283,0.230103,0.970459,191.772446,-95.214836,20.324705
-1.144165,0.169800,0.920166,184.387192,-99.853508,-10.314940
-0.992798,-0.021362,0.785400,177.490219,-109.130852,-41.992184
-0.891846,0.277588,0.871948,171.447739,-117.248528,-71.044922
-0.581177,0.139160,0.973267,168.823227,-105.895988,-104.553215
-0.508423,0.182495,1.220703,155.517578,-191.650375,-124.938957
-0.442261,0.120972,1.521240,147.155762,-162.536606,-133.483887
-0.307007,0.083862,1.781982,130.249023,-143.676758,-150.390625
-0.225342,0.061157,1.933838,116.149895,-96.557610,-171.569809
-0.148560,-0.024780,1.977783,94.543449,-78.552246,-192.871078
0.035034,-0.124390,1.944458,70.251465,-71.472168,-210.571274
0.188843,-0.204590,1.849976,43.640133,-70.739746,-218.383774
0.264282,-0.276001,1.734741,21.179197,-80.688469,-223.144516
0.405518,-0.292236,1.672485,2.258301,-83.984367,-229.492172
0.550049,-0.255005,1.546875,-16.113281,-80.627434,-228.149399
0.700562,-0.205688,1.439941,-32.897949,-74.951172,-222.961411
0.903687,-0.185913,1.369019,-48.645016,-69.091797,-211.914047
1.047974,-0.220215,1.283447,-62.316891,-66.467285,-194.091782
1.140503,-0.316406,1.225464,-71.594238,-67.321777,-175.659164
1.187622,-0.387207,1.195190,-76.782227,-71.472168,-159.362793
1.124634,-0.446289,1.192017,-82.275383,-84.777824,-143.981934
1.099976,-0.480713,1.162720,-87.036125,-97.717278,-127.990715
1.079346,-0.503418,1.129883,-89.904778,-103.088371,-112.060539
1.049194,-0.490356,1.090698,-92.468254,-103.698723,-94.787590
1.068970,-0.496582,0.951660,-93.811028,-91.491692,-79.040527
1.055786,-0.528687,0.768555,-90.393059,-71.166992,-59.814449
1.021484,-0.560547,0.617188,-82.763664,-52.246090,-40.100098
0.958008,-0.586182,0.541626,-69.824219,-32.714844,-22.827147
0.870972,-0.572266,0.504761,-55.664059,-16.479492,-10.009766
0.803955,-0.543213,0.542480,-42.053219,-4.638672,-0.793457
0.729980,-0.514648,0.576172,-30.151365,2.746582,5.126953
0.683594,-0.484253,0.586670,-20.751951,7.263183,9.582520
0.630737,-0.458008,0.590454,-12.390136,9.826660,13.366698
0.577759,-0.422241,0.618408,-5.310058,10.803222,16.479492
0.540283,-0.396484,0.624146,0.305176,12.634276,19.226074
0.517090,-0.385132,0.608154,4.882813,13.610839,21.789549
0.487183,-0.379517,0.626221,8.178711,12.329101,23.925779
0.479614,-0.367798,0.685425,10.742187,10.559081,24.658201
0.466675,-0.353149,0.695923,11.108397,11.840819,23.742674
0.439331,-0.353882,0.670898,10.681151,12.023925,22.155760
0.411621,-0.355103,0.653687,10.253905,11.657714,21.118162
0.396973,-0.352905,0.682861,10.925292,9.277344,20.446775
0.406860,-0.349609,0.716675,11.413573,6.103515,19.042969
0.406372,-0.343750,0.742188,11.657714,3.845215,17.089844
0.424072,-0.347778,0.777222,11.596679,1.342773,15.319823
0.437744,-0.353027,0.766235,11.474608,0.732422,14.465331
0.428955,-0.351563,0.753296,12.390136,-1.281738,13.427733
0.402344,-0.341064,0.780884,12.878417,-3.417969,12.207030
0.399658,-0.341919,0.797485,12.512206,-3.784179,9.887695
0.401123,-0.335571,0.807495,12.268065,-3.051758,7.934570
0.379517,-0.343384,0.835083,12.084960,-2.441406,6.347656
0.390137,-0.367310,0.836670,11.901855,-1.159668,5.065917
0.407227,-0.378296,0.840210,11.657714,-0.732422,3.540039
0.416016,-0.377197,0.857910,11.230468,-0.915527,2.380371
0.431885,-0.372925,0.873291,11.108397,-1.098633,1.220703
0.456299,-0.356079,0.879395,10.253905,-0.549316,0.244141
0.446411,-0.338745,0.887329,9.765625,-0.549316,-0.366211
0.448486,-0.335205,0.880859,8.911133,-0.244141,-1.281738
0.450073,-0.344849,0.880127,8.117676,-0.183105,-1.586914
0.448975,-0.363281,0.875122,7.263183,-0.305176,-1.037598
0.452759,-0.373169,0.862915,6.408691,-1.892090,-0.793457
0.465942,-0.371704,0.869019,5.676269,-3.784179,-0.854492
0.472046,-0.365112,0.856079,4.943848,-5.310058,-1.220703
0.477905,-0.360596,0.871460,4.638672,-6.286621,-2.014160
0.475830,-0.355957,0.872437,4.089355,-5.981445,-2.563476
0.476563,-0.369873,0.875488,3.906250,-4.882813,-2.014160
0.469604,-0.375366,0.869385,3.723144,-4.760742,-0.854492
0.482788,-0.371582,0.860107,3.845215,-4.821777,0.366211
0.474243,-0.376953,0.853394,3.601074,-5.371093,1.464844
0.480103,-0.370483,0.844482,3.601074,-5.126953,1.403808
0.487793,-0.365356,0.838379,4.089355,-3.601074,1.342773
0.489624,-0.349487,0.844482,3.967285,-2.441406,0.976562
0.470459,-0.345825,0.868652,4.211426,-0.549316,1.281738
0.458618,-0.345581,0.875488,3.967285,2.136230,1.464844
0.463623,-0.358154,0.867432,2.868652,2.380371,1.525879
0.462769,-0.356445,0.850464,1.831055,1.708984,1.525879
0.457642,-0.346924,0.834473,1.098633,-0.244141,1.647949
0.458740,-0.349731,0.817139,1.159668,-1.525879,1.159668
0.449585,-0.348145,0.815796,1.586914,-2.258301,0.488281
0.458984,-0.346558,0.831299,1.770019,-1.647949,-0.305176
0.473511,-0.355103,0.840332,2.075195,-0.671387,-0.549316
0.474121,-0.368408,0.829224,2.075195,0.183105,-0.183105
0.471802,-0.355103,0.816406,2.136230,0.061035,-0.488281
0.466431,-0.354004,0.808716,2.441406,-1.586914,-1.037598
0.468872,-0.348022,0.805908,2.868652,-2.380371,-0.854492
0.463623,-0.337280,0.828979,3.051758,-2.624511,-0.427246
0.461670,-0.335815,0.832153,3.051758,-2.624511,-0.488281
0.466064,-0.349243,0.843018,2.929687,-2.502441,-0.183105
0.460938,-0.353394,0.842407,2.441406,-2.868652,-0.427246
0.462769,-0.351807,0.834961,1.464844,-2.929687,-1.220703
0.472534,-0.364746,0.813232,0.854492,-2.441406,-1.953125
0.477539,-0.353516,0.820313,0.854492,-2.258301,-2.197266
0.468750,-0.340210,0.824097,0.427246,-2.380371,-2.136230
0.472778,-0.339844,0.843506,0.122070,-2.685547,-2.136230
0.473877,-0.341919,0.842163,0.122070,-2.868652,-1.892090
0.481079,-0.348022,0.833008,0.183105,-2.868652,-1.403808
0.485229,-0.353516,0.821655,0.488281,-3.479004,-1.159668
0.489380,-0.356812,0.810181,1.037598,-3.540039,-1.098633
0.485474,-0.356323,0.819336,1.708984,-3.417969,-1.281738
0.478271,-0.349731,0.826294,2.075195,-4.211426,-1.098633
0.462891,-0.342407,0.835205,2.380371,-6.347656,-1.525879
0.458252,-0.341919,0.833618,2.136230,-9.582520,-1.525879
0.450806,-0.329468,0.842041,1.464844,-13.916015,-1.831055
0.448853,-0.332031,0.847412,0.610352,-18.066406,-2.868652
0.449097,-0.346436,0.842163,0.000000,-20.568846,-3.295898
0.447876,-0.343262,0.838745,0.061035,-22.277830,-3.723144
0.446289,-0.334595,0.852783,-0.305176,-22.644041,-4.882813
0.458252,-0.335693,0.858276,-0.122070,-20.996092,-5.920410
0.437256,-0.327759,0.858276,0.427246,-18.859863,-6.958007
0.403687,-0.324707,0.882568,0.915527,-18.554688,-9.338379
0.359253,-0.322021,0.890869,0.793457,-21.667479,-12.939452
0.339478,-0.316162,0.897827,-0.183105,-28.320311,-17.089844
0.309570,-0.320068,0.893921,-1.403808,-38.208008,-21.423338
0.298584,-0.318970,0.883545,-2.624511,-49.194332,-26.916502
0.296021,-0.320435,0.880127,-3.295898,-59.570309,-33.081055
0.307007,-0.317505,0.898682,-3.540039,-66.406250,-38.818359
0.316772,-0.324585,0.917358,-2.380371,-70.495605,-44.921871
0.338501,-0.316406,0.936646,-1.403808,-72.143555,-51.391598
0.343628,-0.301880,0.987061,-1.159668,-73.059082,-57.556149
0.346436,-0.290649,1.025024,-2.929687,-71.716309,-63.781734
0.412109,-0.305664,1.055908,-5.981445,-69.213867,-69.885254
0.482056,-0.274048,1.104370,-10.253905,-64.392090,-74.218750
0.581177,-0.273438,1.206421,-15.380858,-63.476559,-76.477051
0.661621,-0.270020,1.246094,-22.460936,-54.565426,-79.895020
0.691772,-0.322876,1.297607,-28.808592,-58.532711,-82.702629
0.712280,-0.279907,1.317139,-40.161129,-57.067867,-84.960930
0.715332,-0.343628,1.292480,-54.748531,-57.434078,-87.158195
0.707397,-0.250122,1.279297,-72.875977,-57.067867,-86.791985
0.826660,-0.253418,1.187744,-88.195793,-56.884762,-87.402336
0.940674,-0.274292,1.070801,-100.524895,-62.072750,-83.557121
1.051880,-0.269287,0.979614,-109.008781,-69.213867,-77.697754
1.211548,-0.276733,0.844971,-116.577141,-70.495605,-69.702148
1.283691,-0.282471,0.724976,-118.652336,-72.570801,-59.936520
1.336304,-0.286133,0.682007,-121.643059,-73.181152,-46.203609
1.475830,-0.280273,0.686279,-125.915520,-57.678219,-28.808592
1.632568,-0.299561,0.698853,-131.896973,-25.634764,-5.187988
1.686157,-0.199219,0.714478,-138.061523,6.774902,17.456055
1.692871,-0.308960,0.667114,-144.104004,23.010252,36.987305
1.746582,-0.239746,0.610107,-140.319824,71.472168,46.936031
1.544922,-0.382080,0.550781,-146.057129,57.617184,69.763184
1.506104,-0.429932,0.508789,-148.193359,54.260250,79.650879
1.498901,-0.463623,0.375977,-155.151367,57.434078,107.299797
1.542847,-0.459717,0.300659,-157.287598,62.805172,114.624016
1.533569,-0.422852,0.222168,-158.569336,78.674316,128.662109
1.476685,-0.374268,0.115845,-149.719238,89.965813,146.667480
1.445068,-0.376709,0.078857,-149.658203,99.609367,166.137680
1.330200,-0.364380,0.024048,-145.935059,109.069817,186.706528
1.220337,-0.368042,-0.024780,-141.784668,119.079582,202.758774
1.122192,-0.388428,-0.083008,-135.559082,123.657219,216.064438
0.983887,-0.374878,-0.116577,-126.281731,123.229973,223.571762
0.830933,-0.329346,-0.126953,-116.149895,114.379875,230.041489
0.716675,-0.284790,-0.135620,-106.872551,103.210442,233.520493
0.554077,-0.249390,-0.185913,-94.909660,88.073723,237.731918
0.406616,-0.223022,-0.229492,-81.359856,67.871094,239.013657
0.338623,-0.172729,-0.353760,-68.298340,52.551266,239.440903
0.213257,-0.166626,-0.348267,-53.588863,42.358395,239.379868
0.087524,-0.058350,-0.562988,-34.423828,33.508301,237.426743
-0.083130,-0.050293,-0.655762,-15.319823,-7.202148,230.041489
-0.137939,-0.037476,-0.731323,14.831542,-15.075683,225.952133
-0.122559,-0.037598,-0.710327,47.180172,-23.864744,221.313461
-0.183105,0.010620,-0.595703,82.458488,-38.330078,214.416489
-0.272827,0.058228,-0.460449,116.577141,-51.513668,200.500473
-0.335938,0.091675,-0.184448,145.568848,-69.030762,182.434067
-0.347534,0.164795,-0.005249,163.635239,-86.364738,165.893539
-0.311157,0.201538,0.136108,181.335434,-88.684074,152.648926
-0.246582,0.201050,0.173706,196.044907,-90.332024,142.639160
-0.359497,0.216431,0.253418,213.989243,-91.796867,137.023926
-0.517822,0.201782,0.385498,230.590805,-91.796867,127.136223
-0.604126,0.197510,0.586304,231.689438,-93.505852,107.666008
-0.720093,0.192017,0.899292,228.454575,-92.590324,83.984367
-0.825928,0.188354,1.091675,221.374496,-79.589844,58.166500
-0.865479,0.168335,1.135498,209.899887,-66.589355,24.902342
-0.691040,0.061401,1.180664,199.035629,-66.955566,-7.263183
-0.552124,0.195313,1.250977,186.035141,-59.875484,-33.874512
-0.656982,0.086670,1.152588,174.255356,-64.025879,-57.556149
-0.745483,0.020630,1.311523,131.164551,-145.629883,-103.942863
-0.792969,0.019287,1.415894,123.107903,-153.808594,-118.041985
-0.705078,-0.030029,1.388062,102.172844,-147.705078,-141.723633
-0.532593,-0.075684,1.420898,93.627922,-131.713867,-154.907227
-0.252319,-0.137085,1.346069,81.054680,-116.516106,-167.724594
0.111328,-0.149170,1.386719,72.814941,-124.145500,-179.992661
0.384277,-0.126099,1.474731,60.607906,-115.173332,-186.706528
0.528320,-0.153809,1.556396,45.959469,-96.679680,-195.190414
0.680786,-0.229858,1.568237,31.188963,-62.988277,-201.232895
0.736694,-0.346802,1.578491,20.202635,-21.362303,-202.148422
0.784790,-0.432617,1.552490,10.681151,20.568846,-196.411118
0.745850,-0.471313,1.503174,3.479004,42.297359,-186.767563
0.735352,-0.486694,1.477661,-5.249023,46.997066,-176.147446
0.773438,-0.449829,1.437256,-14.038085,38.269043,-164.794907
0.807739,-0.395264,1.373413,-24.047850,15.808105,-152.526855
0.858887,-0.396362,1.303345,-33.996582,-15.441894,-140.625000
0.959595,-0.468018,1.225586,-41.809078,-45.166012,-127.868645
1.015259,-0.502686,1.172852,-45.959469,-70.556641,-113.220207
1.043823,-0.511230,1.121094,-47.302242,-83.435051,-97.900383
1.081055,-0.508789,1.055054,-47.729488,-86.791985,-81.298820
1.088501,-0.502197,0.968262,-46.386715,-84.228508,-63.964840
1.048340,-0.511230,0.886230,-42.968746,-77.575684,-46.142574
0.977295,-0.524536,0.820313,-37.475586,-63.903805,-30.456541
0.890381,-0.556274,0.760986,-30.822752,-50.292965,-18.798828
0.838867,-0.551147,0.711060,-23.559568,-37.109375,-10.375976
0.762939,-0.555542,0.689453,-18.615723,-26.977537,-2.929687
0.707031,-0.528198,0.680542,-13.977050,-16.113281,4.211426
0.620117,-0.476685,0.687744,-9.765625,-7.141113,9.948730
0.554810,-0.441040,0.706543,-5.859375,-1.464844,13.244628
0.513306,-0.422485,0.754883,-2.868652,1.525879,15.686034
0.489258,-0.397095,0.774536,-1.708984,2.868652,16.967773
0.476685,-0.385864,0.770386,-0.549316,1.403808,16.662598
0.477661,-0.371948,0.783325,-0.122070,-0.976562,15.380858
0.493408,-0.352661,0.773560,1.037598,-2.868652,13.977050
0.501709,-0.348755,0.745117,2.685547,-1.770019,13.427733
0.477539,-0.336670,0.744629,3.479004,-3.173828,13.183593
0.483643,-0.332886,0.765381,4.272461,-1.525879,13.122558
0.459595,-0.314941,0.763306,4.943848,1.159668,13.610839
0.430908,-0.324585,0.751709,5.554199,2.624511,13.549804
0.430908,-0.323853,0.773438,5.432128,2.807617,13.000487
0.442505,-0.318359,0.770386,5.676269,2.380371,11.352538
0.454956,-0.317871,0.788208,5.432128,0.976562,9.826660
0.464844,-0.323120,0.809448,5.065917,-0.610352,8.117676
0.469604,-0.312256,0.812622,4.638672,-2.502441,6.958007
0.451294,-0.318604,0.827393,5.004883,-3.845215,6.042480
0.441650,-0.328491,0.845703,5.187988,-4.943848,5.432128
0.453613,-0.327759,0.858032,4.760742,-5.737304,4.394531
0.444702,-0.335938,0.849854,4.455566,-6.774902,3.723144
0.468384,-0.334595,0.842285,3.967285,-6.286621,2.868652
0.478027,-0.331665,0.842285,3.173828,-4.760742,1.831055
0.482422,-0.330811,0.828979,2.380371,-2.319336,0.671387
0.484619,-0.326782,0.821777,1.770019,-0.793457,-0.061035
0.479736,-0.340576,0.826172,1.708984,0.488281,-0.915527
0.479492,-0.340454,0.839844,1.708984,1.159668,-0.915527
0.476563,-0.346436,0.841919,1.708984,1.037598,-1.098633
0.474365,-0.355713,0.847534,1.770019,0.061035,-1.220703
0.473755,-0.351685,0.846191,1.403808,-0.793457,-1.647949
0.481323,-0.357300,0.826538,1.953125,-2.014160,-1.708984
0.496704,-0.345337,0.823853,1.892090,-3.173828,-1.586914
0.502686,-0.337891,0.828003,2.319336,-5.004883,-1.770019
0.504150,-0.342896,0.855103,2.868652,-6.225585,-1.342773
0.510620,-0.348633,0.861816,2.746582,-4.699707,-1.281738
0.502441,-0.353271,0.851196,2.807617,-2.441406,-0.915527
0.494263,-0.363037,0.834839,2.624511,-0.305176,-0.976562
0.492798,-0.360840,0.820313,1.953125,0.061035,-0.793457
0.499023,-0.339355,0.813354,1.708984,0.244141,-0.732422
0.484985,-0.326172,0.825928,1.098633,-0.305176,-0.427246
0.489136,-0.324585,0.830200,0.732422,-0.305176,-0.244141
0.493286,-0.321167,0.835327,0.305176,-0.854492,-0.061035
