0.544189,-0.164551,0.887695,0.000000,0.000000,0.000000
0.560913,-0.163940,0.882568,0.000000,0.000000,0.000000
0.551514,-0.167969,0.885742,0.000000,0.000000,0.000000
0.527588,-0.178955,0.855347,0.000000,0.000000,0.000000
0.512451,-0.193359,0.834839,-31.066893,-13.122558,31.555174
0.501221,-0.196655,0.812134,-29.602049,-12.695312,31.249998
0.487915,-0.196289,0.828613,-29.968260,-13.793944,31.311033
0.528687,-0.188965,0.797607,-31.433104,-16.784668,31.127928
0.530884,-0.220459,0.783203,-30.334471,-13.427733,29.907225
0.529541,-0.221558,0.796631,-31.249998,-9.765625,27.160643
0.539673,-0.212402,0.756470,-31.677244,-6.835937,25.695799
0.552612,-0.220703,0.769409,-31.188963,-1.098633,23.742674
0.524902,-0.220459,0.743042,-30.761717,5.676269,22.155760
0.496460,-0.237061,0.735718,-30.639647,8.911133,20.751951
0.480225,-0.243408,0.726074,-30.212400,8.483887,19.226074
0.468262,-0.262939,0.714722,-29.541014,6.164550,17.761230
0.481934,-0.273560,0.699097,-28.564451,3.356933,16.540527
0.494629,-0.270142,0.693481,-26.611326,1.525879,15.441894
0.493042,-0.267456,0.682007,-25.207518,1.098633,14.404296
0.491821,-0.275146,0.679199,-23.620604,0.915527,13.427733
0.503784,-0.278198,0.676636,-22.399900,0.122070,12.390136
0.529297,-0.279541,0.693359,-21.240232,-1.098633,11.657714
0.534180,-0.273071,0.710327,-19.775391,-0.244141,10.498046
0.540405,-0.281372,0.738403,-18.981934,1.220703,9.460449
0.507080,-0.290161,0.733398,-18.432617,2.746582,8.789063
0.444092,-0.307495,0.718262,-16.906738,4.821777,7.873535
0.401123,-0.296631,0.722412,-15.808105,3.112793,8.239746
0.452881,-0.304810,0.723389,-15.808105,1.525879,9.155273
0.428589,-0.306885,0.769409,-16.357422,-4.699707,8.666992
0.472412,-0.294434,0.792969,-18.493652,-16.052246,8.850098
0.514038,-0.315186,0.812378,-20.874022,-25.756834,9.521484
0.526245,-0.312256,0.839233,-22.583006,-36.499023,10.925292
0.535400,-0.317993,0.802002,-25.085447,-42.175289,11.474608
0.543945,-0.343750,0.820068,-25.024412,-42.114254,11.230468
0.576782,-0.330200,0.860596,-26.672361,-35.217285,14.282226
0.605713,-0.314209,0.878174,-27.526854,-26.245115,17.456055
0.569702,-0.290039,0.925537,-31.372068,-22.521971,17.761230
0.537476,-0.335938,0.908936,-38.085938,-27.709959,19.104004
0.463623,-0.370117,0.885742,-42.663570,-41.015621,22.521971
0.408569,-0.378418,0.786255,-44.006344,-53.039547,21.850584
0.388306,-0.377930,0.746948,-44.555660,-61.889645,19.775391
0.396484,-0.360962,0.712158,-46.264645,-68.725586,19.836426
0.416138,-0.378296,0.713867,-47.851559,-72.998047,19.592285
0.411743,-0.343628,0.799683,-49.255367,-78.369141,17.822266
0.357544,-0.379761,0.796631,-55.297848,-83.679192,15.563964
0.350830,-0.387207,0.824219,-57.800289,-87.097160,10.742187
0.306519,-0.390137,0.803345,-64.575195,-102.600090,5.493164
0.241699,-0.432129,0.634521,-71.044922,-123.840324,2.807617
0.289917,-0.444214,0.560547,-75.744629,-133.789063,2.746582
0.369141,-0.386963,0.576782,-81.603996,-143.127441,-3.601074
0.404907,-0.383301,0.622437,-93.872063,-149.963379,-8.300781
0.399536,-0.411987,0.651489,-107.238762,-155.944824,-13.122558
0.313965,-0.362915,0.683350,-118.896477,-163.513168,-17.333984
0.024902,-0.389404,0.610229,-133.178711,-203.430161,-17.944336
-0.206421,-0.373047,0.464111,-146.179199,-269.592285,-16.784668
-0.020996,-0.455322,0.060425,-157.592773,-346.984833,1.770019
0.660034,-0.444580,-0.294678,-163.696274,-424.499481,16.784668
1.631348,-0.420898,-0.331787,-175.048813,-442.565887,51.452633
1.675659,-0.488525,-0.164063,-182.617172,-392.822235,64.514160
1.243896,-0.489746,-0.037476,-186.218246,-285.888672,46.447750
0.915649,-0.382935,-0.125732,-187.499985,-223.449692,28.198240
0.992920,-0.570068,-0.740601,-182.800278,-197.265610,38.696289
1.167603,-0.627197,-0.885864,-163.085922,-215.515121,74.279785
1.101440,-0.631348,-1.043701,-144.531250,-217.773422,76.110840
3.999878,0.177490,-4.000000,-104.675285,11.413573,72.387695
-2.563477,0.608154,3.999878,-258.300781,-214.172348,63.293453
-1.791870,-0.825562,1.147827,-137.207031,-538.330078,-61.340328
2.567993,-0.528564,-1.301147,-110.839836,-458.007782,16.418457
1.474121,-0.651367,-1.794434,-24.414061,-136.901855,114.196770
1.854858,-0.571289,-1.198730,52.001949,194.152817,-12.451171
1.235596,-0.566162,-1.432129,110.351555,420.532196,-106.323235
0.435913,-0.561890,-1.376099,158.569336,447.143524,-120.300285
0.267090,-0.435669,-1.107910,197.143539,367.187469,-120.849602
0.284790,-0.391479,-0.793579,226.013168,261.535645,-84.472649
0.401489,-0.353271,-0.504395,247.802719,181.274399,-53.955074
0.507935,-0.330933,-0.209961,263.977051,142.822266,-40.771481
0.600098,-0.368652,-0.039917,270.324707,134.704590,-42.785641
0.639160,-0.362549,0.118286,269.775391,119.873039,-46.203609
0.790649,-0.338135,0.080933,274.841309,166.564926,-56.518551
0.868652,-0.192139,0.253540,272.705078,192.016586,-59.326168
0.943970,-0.281006,0.591797,269.592285,213.012680,-52.429195
0.851685,-0.249390,0.657593,258.239746,240.966782,-47.119137
0.872803,-0.313232,0.594116,238.098129,283.447266,-41.503902
0.922485,-0.194946,0.772827,214.477524,311.401367,-32.470703
0.932251,-0.142212,0.841553,181.274399,324.279755,-14.770507
0.935913,-0.146851,0.865356,155.334473,341.796844,-1.525879
0.896240,-0.193237,0.874390,137.939453,356.750458,7.690429
0.564331,-0.182617,0.837646,120.666496,347.534149,12.390136
0.253052,-0.356812,0.820801,101.928703,305.541992,35.339355
0.111694,-0.334351,0.917847,94.787590,230.224594,35.278320
0.201416,-0.267578,0.891479,86.669914,160.156250,30.029295
0.231323,-0.281250,0.752808,78.796387,124.877922,32.592773
0.312622,-0.190430,0.668701,79.467773,112.670891,33.020020
0.412842,-0.171387,0.657715,78.186035,112.792961,35.461426
0.306030,-0.140869,0.729736,73.913574,126.281731,32.775879
0.255249,-0.140991,0.858643,68.481445,121.582024,23.803709
0.237427,-0.124512,1.010620,61.401363,110.046379,17.761230
0.203247,-0.120605,1.135132,52.978512,93.139641,14.709472
0.229736,-0.112671,1.201294,45.776363,70.983887,12.939452
0.205078,-0.124268,1.215210,38.024902,51.818844,14.343261
0.223755,-0.116455,1.191895,31.066893,29.296873,16.479492
0.287842,-0.093018,1.197754,22.399900,16.479492,14.160155
0.304565,-0.124146,1.137817,14.648437,14.221190,12.817382
0.326782,-0.150757,1.057129,10.498046,11.657714,10.925292
0.410400,-0.147827,0.993530,8.728027,13.122558,12.268065
0.446655,-0.162109,0.976685,5.249023,19.042969,17.089844
0.438843,-0.207764,0.970093,2.014160,20.446775,19.836426
0.400269,-0.181641,0.996338,0.793457,13.061522,20.507811
0.405273,-0.195435,0.981323,-3.417969,7.995605,20.080564
0.366577,-0.203735,0.958740,-4.638672,6.774902,20.080564
0.288330,-0.224487,0.939697,-4.943848,9.033203,19.165039
0.255127,-0.171387,1.025635,-6.042480,9.399414,18.554688
0.265625,-0.170166,0.923096,-9.704590,15.747069,17.333984
0.359009,-0.154907,0.980957,-8.789063,21.057127,16.723633
0.360352,-0.157349,1.068848,-16.357422,15.075683,19.470215
0.334961,-0.174683,1.142334,-24.658201,-0.976562,21.179197
0.276978,-0.204224,1.141479,-34.057617,-20.690916,21.850584
0.281982,-0.203857,1.109375,-42.358395,-37.963867,20.080564
0.298340,-0.196411,1.049194,-50.354000,-44.799801,16.723633
0.278931,-0.203125,1.020752,-54.931637,-33.447266,11.535644
0.342651,-0.191284,1.001709,-61.462399,-14.892577,5.493164
0.341064,-0.200439,0.978027,-68.969727,-4.577637,3.723144
0.172974,-0.233398,0.941772,-76.538086,-7.141113,0.122070
0.101807,-0.224854,0.873413,-83.801262,-26.611326,-5.249023
0.011108,-0.253296,0.794922,-90.087883,-57.312008,-7.202148
0.001831,-0.252319,0.762451,-95.336906,-94.848625,-9.521484
0.113892,-0.239136,0.742310,-103.027336,-125.061028,-10.070800
0.240845,-0.265015,0.712524,-110.778801,-140.319824,-9.582520
0.369629,-0.252075,0.730103,-118.164055,-138.122559,-12.878417
0.382446,-0.284302,0.757202,-129.211426,-126.892082,-17.395020
0.299438,-0.290405,0.752197,-139.038086,-123.168938,-23.986814
0.233154,-0.337891,0.612915,-147.033691,-132.751465,-29.418943
0.169678,-0.333740,0.579224,-153.625488,-152.770996,-30.700682
0.189819,-0.358032,0.435059,-161.865219,-172.973618,-28.991697
0.360474,-0.409912,0.190430,-161.499008,-175.598129,-23.925779
0.441772,-0.504395,-0.053101,-158.813477,-169.677719,-21.484373
0.609985,-0.451782,0.199585,-160.766586,-181.457504,-17.211914
0.540649,-0.414917,0.639648,-173.034653,-223.327621,-8.178711
0.489014,-0.467285,0.671875,-183.532700,-256.530762,-0.793457
0.734619,-0.458618,0.490479,-182.678207,-249.267563,4.394531
0.740234,-0.521362,0.097168,-180.908188,-217.529282,7.507324
0.608276,-0.549316,-0.268433,-170.227036,-193.725571,7.873535
0.637451,-0.594360,-0.410889,-169.006332,-200.683578,5.249023
0.904175,-0.549683,-0.269653,-170.532211,-236.999496,15.686034
1.063477,-0.502930,-0.016968,-176.086411,-268.737793,33.630371
1.146729,-0.505127,0.026001,-181.396469,-258.850098,50.781246
1.188110,-0.694092,-0.332886,-179.016098,-235.656723,60.180660
1.191895,-0.689209,-0.521240,-167.236313,-225.952133,68.847656
1.257568,-1.693970,-3.861938,-138.183594,-168.212875,67.565918
1.307495,-2.013550,3.999878,-239.501938,126.953117,52.856441
-4.000000,-1.924194,0.801880,-178.039536,-635.498047,-91.918938
2.363647,-0.145874,-1.725830,-162.048325,-659.667908,33.630371
2.076050,-0.803711,-1.301270,-72.448730,-276.184082,187.622055
2.308838,-0.847534,-1.168335,-2.685547,180.969223,41.564938
-0.381836,-1.046875,-0.377808,38.818359,160.034180,-117.431633
0.572388,-0.791260,-1.139648,75.866699,44.433590,-85.510246
1.144897,-0.737671,-1.010498,108.947746,56.823727,-46.813961
1.014404,-0.799438,-0.653564,142.028809,119.567863,-38.452148
0.841431,-0.700562,-0.388306,167.480453,156.921387,-26.550291
0.541260,-0.647095,-0.267578,192.321762,164.733871,-25.756834
0.444824,-0.606445,-0.126709,207.519516,158.081055,-35.522461
0.368286,-0.594604,-0.035889,217.956528,154.907227,-40.222164
0.330322,-0.572388,0.114868,220.397934,155.578613,-42.663570
0.462036,-0.544678,0.172974,213.439926,186.523422,-52.001949
0.630249,-0.575806,0.304321,204.956039,218.261703,-59.143063
0.747314,-0.544556,0.278564,203.369125,257.446289,-68.847656
0.721191,-0.439209,0.304077,195.922836,276.916504,-64.270020
0.633057,-0.563965,0.291870,186.096176,294.067383,-63.110348
0.551636,-0.561890,0.293945,175.476059,290.527344,-54.565426
0.461670,-0.496826,0.332886,171.508774,262.329102,-41.809078
0.359985,-0.439697,0.290894,170.898422,249.511703,-31.188963
0.401855,-0.367920,0.453979,164.855942,223.510727,-22.949217
0.502319,-0.324463,0.606201,154.296875,202.148422,-17.028809
0.620728,-0.323242,0.708252,142.333984,187.927231,-11.657714
0.707520,-0.371948,0.714355,137.084961,176.452621,-9.399414
0.620361,-0.282593,0.750854,128.845215,170.349106,-10.009766
0.540894,-0.385864,0.840698,122.619621,157.958984,0.366211
0.501953,-0.363647,0.892456,114.746086,132.324219,7.568359
0.542480,-0.335571,0.918213,109.802238,110.473625,3.662109
0.581909,-0.333496,0.849854,101.745598,110.107414,3.601074
0.500122,-0.380981,0.698730,96.069328,112.976067,4.150391
0.459839,-0.368164,0.697998,98.876945,122.558586,-0.854492
0.480225,-0.306030,0.702393,99.609367,130.432129,0.000000
0.511597,-0.259155,0.802734,95.947258,132.751465,3.845215
0.498169,-0.243652,0.872803,94.177238,139.221191,8.300781
0.373047,-0.227905,0.933350,89.599602,135.009766,9.765625
0.315552,-0.202881,1.005493,85.632317,130.615234,8.666992
0.266357,-0.178223,1.055664,80.017090,116.882317,8.605957
0.257568,-0.202393,1.067139,69.335938,91.491692,5.065917
0.231323,-0.179932,1.116089,60.485836,70.007324,5.493164
0.263428,-0.208496,1.087402,50.170895,47.851559,7.080078
0.306641,-0.217285,1.102905,42.785641,31.799314,8.300781
0.274902,-0.222778,1.092163,36.621094,21.606443,9.033203
0.314453,-0.195923,1.042358,31.860350,15.502929,8.422852
0.373047,-0.195923,1.014038,27.160643,14.648437,8.117676
0.473877,-0.244507,1.087036,25.024412,22.399900,8.422852
0.378174,-0.154663,0.964111,22.583006,34.179688,8.789063
0.323242,-0.181030,0.964478,17.028809,39.123535,7.202148
0.265381,-0.188843,1.010742,12.756347,38.269043,6.042480
0.248779,-0.183105,1.060791,8.056641,28.991697,5.004883
0.267212,-0.169800,1.086182,2.075195,17.333984,4.821777
0.276978,-0.156128,1.076538,-2.990722,9.765625,4.394531
0.268921,-0.164307,1.006592,-7.507324,3.601074,3.479004
0.227295,-0.143433,0.945190,-9.094238,3.540039,2.136230
0.231567,-0.120117,0.915649,-9.765625,11.535644,1.831055
0.007080,-0.206543,0.936157,-13.610839,17.272949,3.540039
0.265259,-0.132202,1.014648,-18.798828,-7.629394,2.014160
0.286499,-0.149414,1.067139,-26.611326,-28.381346,2.136230
0.286255,-0.190552,1.101318,-34.729004,-47.485348,5.676269
0.240479,-0.148804,1.204102,-43.212887,-68.725586,7.751464
0.258057,-0.163940,1.070068,-55.603024,-86.181633,8.056641
0.298828,-0.172607,1.026489,-59.509274,-86.059563,6.896972
0.360107,-0.158691,0.939331,-66.040039,-71.289063,3.356933
0.441040,-0.169434,0.918091,-72.692871,-45.532223,0.793457
0.498657,-0.185913,0.937012,-78.674316,-27.648924,-2.624511
0.451660,-0.267700,0.931030,-88.684074,-15.502929,-3.967285
0.326294,-0.331299,0.940063,-99.182121,-21.362303,-7.141113
0.253296,-0.324707,0.926147,-108.215324,-39.672852,-10.925292
0.235352,-0.335083,0.865234,-117.004387,-59.875484,-13.183593
0.241577,-0.356079,0.734863,-122.131340,-70.129395,-15.441894
0.287964,-0.313110,0.686157,-123.413078,-63.903805,-18.554688
0.310913,-0.360107,0.679199,-125.488274,-46.264645,-21.118162
0.281128,-0.354492,0.716309,-127.319328,-39.550781,-21.972654
0.195313,-0.364746,0.736328,-133.666992,-48.217770,-25.634764
0.031250,-0.370483,0.738525,-140.563965,-72.692871,-28.747557
-0.110962,-0.367065,0.751343,-148.620605,-121.276848,-29.663084
-0.148926,-0.348511,0.713257,-157.531738,-188.659653,-28.259275
0.031128,-0.307129,0.735596,-164.916977,-230.957016,-26.428221
0.248291,-0.333984,0.604126,-174.804672,-250.854477,-22.399900
0.554321,-0.273193,0.595703,-183.776840,-225.952133,-24.353025
0.420044,-0.324097,0.526855,-199.645981,-172.912582,-29.663084
0.115356,-0.456299,0.467529,-222.106918,-167.907700,-36.865234
-0.122437,-0.445557,0.332886,-235.961899,-205.261215,-47.485348
-0.138428,-0.445923,0.243042,-246.826157,-257.324219,-55.908199
0.150269,-0.632568,-0.519409,-260.253906,-331.603973,-45.104977
0.699829,-0.526245,-0.205811,-252.624496,-349.914520,-34.667969
0.993896,-0.476074,-0.182373,-256.164551,-348.205536,-18.127441
1.179810,-0.467407,-0.207764,-273.437500,-309.631348,-10.375976
1.329834,-0.619141,-0.616455,-287.353516,-279.663086,1.342773
1.033325,-0.623657,-0.783569,-286.376953,-285.278320,13.183593
1.203003,-1.112305,-2.660034,-275.268555,-317.993164,33.386230
3.657471,-1.326782,-0.881836,-220.458969,-132.690430,27.648924
-2.998291,-1.360352,1.806274,-289.916992,-337.463348,-35.156250
1.386475,-0.478027,0.039307,-157.104492,-617.492676,-62.133785
2.058105,-0.652344,-2.792725,-165.039047,-410.827606,26.184080
2.689941,-0.525757,-2.227417,-29.663084,-33.325195,38.879395
1.401001,-0.515015,-1.672241,55.969234,312.500000,-29.113768
0.532349,-0.582275,-1.332275,126.953117,417.358368,-92.468254
0.550171,-0.481201,-1.034180,164.733871,338.195770,-90.637199
0.613159,-0.428955,-0.736450,193.054184,234.313950,-59.509274
0.616943,-0.422363,-0.494995,215.515121,160.095215,-24.658201
0.632568,-0.444824,-0.279297,230.529770,133.361816,-5.493164
0.597900,-0.516968,-0.236450,235.595688,140.563965,-3.356933
0.632202,-0.516602,-0.041748,233.398422,140.930176,-4.821777
0.656616,-0.521240,0.010376,232.543930,153.320313,-17.211914
0.774902,-0.422485,0.187378,226.379379,153.869629,-18.981934
0.667480,-0.414307,0.305298,217.651352,144.958496,-10.375976
0.741211,-0.464355,0.370239,205.993637,154.541016,-7.080078
0.695923,-0.541992,0.160889,190.490707,175.353989,-11.352538
0.671875,-0.532715,0.093994,181.091293,197.570786,-9.765625
0.657715,-0.451660,0.117798,176.513657,211.669907,-4.882813
0.563721,-0.445435,0.196045,170.410141,211.303696,-0.122070
0.462036,-0.416382,0.383179,168.334946,206.237778,4.089355
0.479370,-0.373535,0.556763,163.635239,187.377914,4.394531
0.576904,-0.332397,0.711792,158.203125,170.959457,3.479004
0.670166,-0.305176,0.827271,143.981934,149.902344,7.202148
0.706421,-0.306763,0.837524,131.896973,149.291992,5.798339
0.666382,-0.318726,0.822632,121.704094,149.047852,5.676269
0.675049,-0.356445,0.729004,110.595695,151.489258,5.126953
0.641968,-0.411011,0.671021,102.294914,155.334473,7.446289
0.625000,-0.428101,0.648071,98.937981,160.705551,7.568359
0.441284,-0.312866,0.698730,97.290031,159.545898,4.028320
0.464111,-0.415771,0.739624,93.688957,150.756836,19.165039
0.398804,-0.365112,0.765625,89.721672,131.408691,23.376463
0.468262,-0.342163,0.792358,89.477531,120.117180,21.118162
0.456421,-0.345581,0.782227,86.364738,115.234367,24.841307
0.355591,-0.335449,0.755493,80.139160,114.196770,27.709959
0.331177,-0.350586,0.740723,78.063965,99.731438,23.498533
0.294067,-0.341064,0.765503,77.819824,83.496086,22.949217
0.305542,-0.316162,0.808472,74.768066,70.983887,22.521971
0.227173,-0.266235,0.850586,72.570801,59.204098,22.583006
0.327026,-0.270386,0.925293,67.016602,44.860836,20.996092
0.359863,-0.249512,0.983154,58.349606,40.649410,19.897461
0.340088,-0.293823,1.000977,46.691891,39.001465,18.127441
0.337158,-0.309082,0.998901,36.193848,30.090330,15.319823
0.339966,-0.287842,0.992798,28.625486,19.226074,13.610839
0.375977,-0.282715,0.992676,23.681639,11.047362,11.718749
0.351196,-0.299438,0.956909,19.775391,4.882813,10.864257
0.336548,-0.305908,0.937988,19.042969,2.075195,10.803222
0.327393,-0.272217,0.941406,17.333984,1.464844,12.145995
0.307251,-0.242310,1.001587,14.526366,3.479004,12.268065
0.320313,-0.226929,1.072021,9.399414,-1.892090,10.986327
0.369751,-0.216064,1.130005,2.563476,-6.042480,10.192870
0.416626,-0.227295,1.146851,-5.065917,-9.826660,9.460449
0.434570,-0.246582,1.136108,-12.939452,-10.986327,8.850098
0.420532,-0.258423,1.135376,-19.836426,-8.544922,7.568359
0.398560,-0.281128,0.983276,-25.756834,-3.479004,5.493164
0.359985,-0.274048,0.954712,-26.123045,15.563964,-0.183105
0.403931,-0.246704,0.961182,-31.677244,28.198240,-3.967285
0.445190,-0.260742,0.974121,-36.987305,40.466305,-7.202148
0.382690,-0.257813,1.012939,-42.907711,42.785641,-9.826660
0.305786,-0.246582,1.057983,-51.147457,35.156250,-12.390136
0.170898,-0.257446,1.062622,-59.448238,20.202635,-15.258788
0.101440,-0.281860,1.012939,-66.223145,4.272461,-20.019531
0.138428,-0.276001,0.958374,-72.692871,-13.366698,-23.193357
0.210571,-0.277832,0.903931,-79.162598,-26.000975,-24.719236
0.263062,-0.270996,0.848022,-83.496086,-27.526854,-28.320311
0.358765,-0.267212,0.839355,-86.181633,-16.845703,-35.339355
0.459106,-0.260132,0.863770,-91.125481,-1.464844,-40.893551
0.443726,-0.277466,0.872070,-97.900383,6.958007,-44.006344
0.322021,-0.333618,0.888184,-104.125969,7.202148,-48.950191
0.193970,-0.314819,0.914551,-111.022942,-5.798339,-55.053707
0.067383,-0.309692,0.844360,-120.178215,-25.939939,-60.058590
-0.042358,-0.300415,0.748169,-123.962395,-45.410152,-62.438961
-0.028809,-0.291016,0.595215,-130.187988,-65.185547,-63.903805
0.080933,-0.350342,0.492065,-139.038086,-97.290031,-63.781734
0.181274,-0.404297,0.460083,-149.719238,-136.596680,-64.270020
0.100830,-0.415405,0.717773,-164.489731,-178.100571,-65.734863
-0.049927,-0.398193,0.862549,-188.964828,-224.243149,-69.885254
-0.002930,-0.504028,0.535889,-208.984360,-282.287598,-71.105957
0.077271,-0.523804,0.074585,-223.754868,-313.049316,-62.194820
0.528320,-0.394897,-0.223022,-223.754868,-313.049316,-62.194820
0.823608,-0.359985,-0.098633,-243.652328,-301.086426,-47.607418
0.686768,-0.137451,0.594604,-282.287598,-328.857391,-34.423828
0.751831,-0.263184,0.016113,-331.237762,-340.698212,-28.076170
1.088013,-0.483154,-0.542358,-338.134735,-362.915009,-15.380858
1.092896,-1.867188,-4.000000,-326.171844,-375.427216,4.455566
0.563232,-0.429688,3.999878,-336.791962,-169.921860,-14.770507
-1.630371,-1.854614,0.672363,-313.049316,-729.919373,-89.965813
1.705811,-0.626465,-0.647827,-287.414551,-704.101501,0.183105
2.369751,-0.809814,-2.979370,-173.095688,-320.678711,82.824699
2.713623,-0.376099,-2.396606,-70.007324,15.197753,41.625973
1.175049,-0.644409,-1.549805,23.071287,293.212891,-35.034180
0.596924,-0.586670,-1.468872,97.717278,339.965790,-68.969727
0.571045,-0.583984,-1.204712,143.615723,270.080566,-64.514160
0.597046,-0.519897,-0.822266,177.429184,200.805649,-38.146973
0.631714,-0.469360,-0.496338,204.101547,157.043457,-15.258788
0.509155,-0.453491,-0.400635,223.571762,141.418457,-4.150391
0.527344,-0.452148,-0.039917,231.140121,127.441399,-1.403808
0.476929,-0.430420,0.105469,233.825668,108.764641,-9.216309
0.434692,-0.479004,0.258423,225.830063,95.214836,-13.977050
0.573853,-0.394531,0.322144,214.660629,75.378418,-16.601563
0.708252,-0.442261,0.335938,201.660141,64.208984,-13.916015
0.797363,-0.479126,0.354736,187.438950,65.063477,-12.023925
0.836914,-0.483521,0.254639,173.461899,77.209473,-10.986327
0.870972,-0.532227,0.166992,160.156250,110.900871,-15.197753
0.830566,-0.552246,0.063354,150.268555,132.019043,-12.512206
0.774780,-0.477051,0.221436,148.254395,147.155762,-8.178711
0.752441,-0.413086,0.345703,141.967773,158.691406,-2.990722
0.793823,-0.391724,0.486328,131.408691,169.982895,0.610352
0.824951,-0.390015,0.563843,118.164055,173.522934,3.845215
0.784546,-0.395752,0.617798,105.041496,175.964340,6.835937
0.693604,-0.418579,0.588257,92.956535,175.170883,10.559081
0.643311,-0.422119,0.576050,85.815422,168.029770,8.544922
0.562744,-0.439209,0.560547,79.589844,160.400391,10.375976
0.510620,-0.474487,0.605957,76.354980,145.202637,10.559081
0.486572,-0.394287,0.720459,76.232910,118.530266,5.859375
0.447266,-0.442993,0.698242,67.565918,104.370110,8.300781
0.526123,-0.435791,0.736450,61.523434,81.848137,17.883301
0.629883,-0.428223,0.736816,59.143063,68.115234,19.042969
0.659790,-0.423462,0.689575,57.617184,65.124512,19.104004
0.601318,-0.411133,0.655762,54.138180,67.810059,20.080564
0.589722,-0.428589,0.697021,54.931637,69.091797,16.906738
0.592651,-0.425171,0.702515,53.161617,67.565918,16.174316
0.668213,-0.418457,0.746582,52.001949,65.429688,17.211914
0.727295,-0.413330,0.756958,50.537106,63.110348,19.287109
0.721558,-0.416016,0.754272,48.950191,74.035645,21.362303
0.677856,-0.435059,0.705200,47.790524,86.547844,23.254393
0.592407,-0.435303,0.750122,48.400875,90.637199,23.132322
0.434570,-0.371216,0.778809,46.386715,104.309074,24.536131
0.416626,-0.387695,0.840088,44.372555,95.703117,23.864744
0.405396,-0.390991,0.880981,40.527340,86.914055,24.902342
0.398804,-0.367188,0.886475,35.705566,82.946770,26.306150
0.358521,-0.376953,0.871338,31.127928,76.110840,28.320311
0.370361,-0.401489,0.848145,26.672361,73.242188,28.625486
0.332520,-0.406372,0.843018,23.376463,63.476559,27.954100
0.292358,-0.413818,0.831299,20.324705,54.016109,26.794432
0.249146,-0.418213,0.855469,18.127441,40.222164,25.451658
0.257813,-0.409424,0.873413,15.380858,28.137205,23.864744
0.276367,-0.382813,0.885254,13.122558,16.723633,23.315428
0.307861,-0.362793,0.881470,11.596679,11.962890,24.353025
0.258545,-0.351440,0.875977,9.094238,13.244628,25.390623
0.211792,-0.362427,0.914673,5.432128,13.671874,23.681639
0.143555,-0.414063,0.941528,-1.403808,8.728027,20.202635
0.256714,-0.392334,0.972534,-8.422852,-11.108397,14.160155
0.262085,-0.395142,0.996704,-15.258788,-24.230955,11.047362
0.298462,-0.358643,1.151123,-23.071287,-37.780762,8.728027
0.300537,-0.322266,1.045288,-35.522461,-47.119137,7.019042
0.337158,-0.376587,0.942261,-36.376953,-25.817869,1.953125
0.385010,-0.340210,0.899902,-38.696289,-1.403808,-4.882813
0.474731,-0.291748,0.903931,-45.043941,27.526854,-8.972168
0.447998,-0.308716,0.936279,-55.236813,41.015621,-12.084960
0.347656,-0.345093,0.982178,-65.063477,39.489746,-16.235352
0.225708,-0.365112,0.996094,-74.340820,25.268553,-21.179197
0.166138,-0.373291,1.019409,-83.740227,6.469726,-25.634764
0.050171,-0.378418,0.981201,-92.163078,-14.770507,-29.602049
0.052490,-0.342407,0.936401,-100.769035,-31.494139,-32.409668
0.088867,-0.344360,0.866943,-111.389153,-47.363277,-33.264160
0.147095,-0.334351,0.818970,-119.079582,-56.457516,-35.034180
0.173828,-0.369507,0.765259,-129.272461,-66.528320,-39.550781
0.148682,-0.406494,0.724609,-141.906738,-81.298820,-44.982906
0.159302,-0.465698,0.663574,-151.428223,-93.322746,-52.246090
0.110962,-0.493164,0.620850,-158.752441,-103.332512,-59.570309
0.065186,-0.486694,0.592896,-168.090805,-116.577141,-67.199707
0.014038,-0.477173,0.526489,-175.415024,-133.422852,-74.401855
0.065918,-0.446411,0.450073,-179.199203,-156.860352,-82.641594
0.001343,-0.448730,0.380859,-192.993149,-208.190903,-86.425774
0.184937,-0.524658,0.021484,-207.336411,-241.638168,-88.867180
0.372070,-0.664307,-0.242554,-212.280258,-252.685532,-87.463371
0.312988,-0.742798,-0.065796,-215.148911,-251.464828,-87.097160
0.116821,-0.603271,0.485107,-223.571762,-276.000977,-86.730949
0.180542,-0.437500,0.198853,-261.901855,-343.872040,-75.622559
1.015625,-0.422852,-0.614014,-274.658203,-413.269012,-43.579098
1.633301,-0.392822,-0.782593,-268.493652,-424.804657,-5.554199
2.175293,-1.249756,-4.000000,-252.441391,-328.491180,6.469726
0.261841,-0.990845,3.999878,-332.275360,-343.566864,-13.427733
-2.591797,-0.657593,-0.483765,-248.962387,-756.225525,-35.400391
1.877075,-0.262329,-1.214722,-242.126450,-722.289978,-30.639647
2.252563,-0.768677,-2.151611,-134.643555,-330.322235,74.096680
2.661621,-0.447144,-1.932007,-50.415035,52.368160,13.061522
1.142090,-0.493530,-1.805664,42.236324,258.789063,-90.881340
0.746216,-0.405151,-1.687012,100.952141,248.535141,-100.280754
0.828003,-0.416016,-1.327637,137.695313,161.743149,-71.899414
0.823975,-0.410889,-0.888550,165.771469,108.276360,-37.963867
0.808472,-0.343140,-0.604248,187.744125,91.247551,-5.554199
0.704102,-0.407959,-0.424805,203.979477,106.262199,15.808105
0.666626,-0.413818,-0.287354,209.472641,120.300285,13.793944
0.648804,-0.436157,-0.053711,208.129868,129.150391,10.375976
0.649170,-0.472046,0.041382,201.477036,141.479492,6.591796
0.635986,-0.542969,0.109985,187.927231,140.197754,6.164550
0.608276,-0.572144,0.197632,178.894028,137.573242,6.225585
0.583374,-0.569458,0.219116,166.076645,137.207031,8.056641
0.525024,-0.630005,0.274170,155.578613,140.869141,4.577637
0.544556,-0.625977,0.194336,143.127441,152.343750,-3.845215
0.617676,-0.594727,0.213501,134.521484,159.973145,-6.408691
0.705933,-0.568848,0.239014,131.286621,160.461426,-6.286621
0.741943,-0.560547,0.231567,124.511711,158.508301,-2.502441
0.738281,-0.597656,0.208008,115.051262,147.949219,1.525879
0.723877,-0.604004,0.194824,108.886711,138.793945,3.906250
0.682129,-0.596191,0.199951,104.431145,125.122063,5.615234
0.702881,-0.590210,0.231567,104.553215,116.638176,2.563476
0.697998,-0.620972,0.235718,106.689445,122.131340,-0.244141
0.832397,-0.582153,0.272949,108.764641,131.774902,-2.685547
0.799194,-0.559204,0.367188,108.520500,132.019043,-1.098633
0.820679,-0.555054,0.413574,108.886711,144.592285,2.929687
0.806396,-0.506592,0.505859,107.604973,154.541016,6.225585
0.871826,-0.500854,0.572510,107.360832,164.978012,11.047362
0.734375,-0.463379,0.559082,107.238762,183.715805,3.906250
0.568726,-0.508545,0.573975,99.914543,198.547348,20.202635
0.499146,-0.486816,0.670288,99.975578,191.101059,26.489256
0.594360,-0.539673,0.781494,99.731438,189.392075,27.526854
0.440186,-0.408203,0.754639,96.008293,196.105942,30.517576
0.436646,-0.421753,0.751343,92.529289,191.406235,34.545898
0.363525,-0.400757,0.781738,91.308586,195.190414,38.879395
0.322144,-0.384888,0.780273,85.510246,188.964828,45.471188
0.207397,-0.397583,0.805542,76.293945,168.151840,49.438473
0.128906,-0.430420,0.768433,70.129395,143.371582,49.255367
0.072998,-0.443115,0.785767,66.406250,108.337395,47.851559
0.139160,-0.428711,0.838135,61.767574,73.791504,45.288082
0.233521,-0.343872,0.888428,59.204098,45.837399,44.067379
0.283081,-0.298340,0.896729,53.955074,36.499023,43.640133
0.117310,-0.355469,0.913208,47.912594,39.428711,41.992184
0.226440,-0.300537,0.971313,40.100098,32.287598,38.757324
0.255249,-0.294189,1.024170,29.174803,32.653809,37.414551
0.244995,-0.323975,1.052856,17.150879,22.583006,30.700682
0.249390,-0.326050,1.110840,9.338379,11.291503,26.367186
0.286621,-0.297607,1.239258,0.244141,2.380371,23.132322
0.160522,-0.175415,1.156006,-13.061522,-10.620116,20.751951
0.286621,-0.267944,1.081299,-17.639160,0.732422,16.723633
0.174316,-0.266602,0.981689,-23.864744,13.671874,11.779784
0.126221,-0.227417,0.884155,-29.968260,25.268553,2.319336
0.167969,-0.154663,0.887939,-33.630371,32.348633,-6.652832
0.149414,-0.162354,0.894897,-44.616695,26.306150,-12.939452
0.113159,-0.226685,0.931152,-56.030270,7.019042,-21.118162
0.154785,-0.262207,0.987183,-66.589355,-15.686034,-27.709959
0.217529,-0.305176,1.075439,-77.819824,-38.330078,-30.517576
0.281372,-0.325195,1.075562,-88.928215,-49.499508,-32.714844
0.275635,-0.356689,1.003418,-97.717278,-45.898434,-36.071777
0.291138,-0.411987,0.870605,-103.332512,-29.541014,-41.687008
0.297119,-0.450195,0.825073,-105.041496,-13.671874,-45.776363
0.181519,-0.510986,0.744629,-104.614250,-8.972168,-49.133297
0.137451,-0.559692,0.703735,-106.323235,-26.062010,-51.940914
0.151367,-0.561279,0.712646,-106.201164,-53.527828,-51.513668
0.286499,-0.566284,0.703003,-107.055656,-85.388176,-47.973629
0.400391,-0.591064,0.685547,-110.473625,-115.234367,-43.762203
0.523438,-0.589355,0.727295,-112.548820,-119.445793,-42.175289
0.593262,-0.551636,0.808472,-116.943352,-94.055168,-44.006344
0.569214,-0.580811,0.785767,-124.023430,-63.110348,-47.607418
0.394409,-0.606812,0.773682,-129.150391,-32.714844,-50.659176
0.113037,-0.628906,0.646973,-134.765625,-21.423338,-54.321285
-0.246826,-0.641846,0.516602,-135.314941,-46.874996,-57.189938
-0.254761,-0.633667,0.348999,-133.666992,-94.116203,-60.974117
-0.129272,-0.656250,0.300659,-134.826660,-150.329590,-63.476559
0.490845,-0.720581,0.132690,-141.052246,-181.091293,-65.795898
0.752319,-0.608276,0.734985,-141.174316,-156.311035,-66.406250
0.256104,-0.628052,0.561646,-153.869629,-115.234367,-74.218750
-0.116943,-0.467041,0.666504,-158.386230,-79.650879,-98.754875
-0.279907,-0.508789,0.088867,-176.269516,-117.187492,-105.773918
0.218872,-0.440796,-0.430786,-194.519028,-208.923325,-91.125481
1.051392,-0.376953,-0.222656,-208.557114,-289.184570,-64.392090
1.128662,-0.424561,0.196167,-226.867661,-296.569824,-39.794922
1.178467,-0.453735,-0.373291,-247.436508,-270.080566,-30.761717
0.921997,-1.219238,-2.522217,-246.093735,-241.027817,-28.259275
3.787354,-1.244873,-1.669189,-211.669907,-76.599121,-32.348633
-2.812012,-1.249634,1.768799,-357.849091,-373.962372,-93.383781
1.384766,-0.070801,0.045654,-179.504379,-721.191345,-65.673828
2.214355,-0.692017,-2.598511,-237.487778,-554.016113,-12.329101
2.510742,-0.385498,-2.482910,-112.792961,-189.208969,8.789063
1.722168,-0.427979,-1.716797,-48.400875,122.314445,-53.100582
0.627808,-0.473877,-1.642700,17.211914,228.149399,-97.839348
0.751221,-0.341553,-1.507080,68.054199,200.317368,-109.497063
0.841675,-0.370972,-1.201172,105.285637,137.512207,-79.711914
0.905151,-0.414795,-0.896606,133.239746,98.022453,-44.494625
0.817627,-0.488037,-0.654663,154.418945,98.144524,-21.850584
0.722778,-0.497803,-0.504150,168.579086,113.586418,-7.812500
0.658203,-0.527832,-0.400513,177.429184,123.046867,-4.089355
0.565063,-0.554565,-0.276489,179.687485,129.089355,-6.286621
0.530273,-0.562744,-0.170044,182.434067,123.596184,-9.216309
0.519653,-0.563965,0.006104,180.664047,111.633293,-10.742187
0.569580,-0.610474,0.166504,179.504379,97.228996,-12.084960
0.614746,-0.621948,0.219116,175.231918,87.463371,-11.291503
0.687012,-0.614258,0.235840,168.334946,89.355461,-13.427733
0.728882,-0.644775,0.208252,164.672836,92.773430,-12.573241
0.769165,-0.640991,0.141968,161.193832,103.027336,-14.221190
0.779541,-0.659546,0.116333,159.729004,109.008781,-16.296387
0.795410,-0.594360,0.227661,160.766586,112.304680,-15.075683
0.834473,-0.494995,0.436768,160.827621,114.074699,-13.427733
0.904541,-0.406738,0.588745,154.968262,117.492668,-12.390136
0.969116,-0.431885,0.647705,142.700195,127.624504,-9.216309
0.973022,-0.453003,0.618042,130.126953,134.582520,-6.225585
0.998169,-0.470459,0.540771,120.971672,153.930664,-1.647949
0.918945,-0.476929,0.486328,113.220207,160.461426,5.065917
0.823242,-0.477539,0.430298,110.900871,165.527328,8.789063
0.758789,-0.501709,0.408936,107.177727,174.011215,14.831542
0.694824,-0.491577,0.509277,107.543938,168.457016,20.446775
0.713623,-0.486938,0.576050,107.604973,174.865707,24.475096
0.701782,-0.481323,0.672974,107.421867,171.203598,28.747557
0.669922,-0.415283,0.759521,102.600090,166.931137,34.667969
0.625732,-0.354248,0.752808,93.383781,172.180161,41.137691
0.578735,-0.367554,0.739380,91.186516,168.334946,43.945309
0.461426,-0.359253,0.710327,85.510246,169.555649,45.959469
0.415894,-0.375000,0.700928,80.078125,163.269028,46.691891
0.378784,-0.388550,0.693970,78.186035,147.155762,48.461910
0.331299,-0.383911,0.674194,76.049805,135.803223,51.147457
0.316772,-0.369629,0.669067,79.162598,121.520988,52.246090
0.235596,-0.351807,0.702759,79.956055,107.482903,52.124020
0.093506,-0.353760,0.751831,78.186035,91.308586,47.241207
0.180054,-0.329712,0.794312,74.584961,62.133785,40.283199
0.138672,-0.308716,0.860229,72.021484,43.029781,39.428711
0.134277,-0.299683,0.949097,69.946289,28.076170,35.827637
0.118042,-0.305664,0.996948,67.077637,18.188477,32.592773
0.111938,-0.291016,0.995850,66.040039,5.065917,28.015135
0.203369,-0.270264,0.980957,63.903805,2.624511,24.353025
0.240723,-0.265137,0.944946,61.035152,5.310058,20.935057
0.304077,-0.264038,0.947388,59.020992,8.789063,15.930175
0.311768,-0.249756,0.985962,55.419918,12.451171,13.305663
0.401733,-0.242920,1.024536,50.415035,12.756347,8.789063
0.391846,-0.181519,1.157104,43.701168,9.338379,6.408691
0.415039,-0.221924,1.043335,36.315918,15.502929,3.356933
0.411377,-0.263306,1.024780,33.325195,27.648924,-0.488281
0.353760,-0.257568,0.989380,28.015135,37.292480,-5.371093
0.363647,-0.208374,1.005859,22.277830,46.874996,-8.605957
0.327148,-0.215210,0.976196,14.160155,54.870602,-10.192870
0.286621,-0.222412,0.944824,8.422852,57.617184,-14.160155
0.233154,-0.211914,0.972290,2.929687,51.330563,-15.441894
0.140503,-0.234253,1.004761,-6.958007,29.663084,-17.456055
0.133301,-0.227783,1.030396,-15.808105,1.708984,-19.897461
0.161499,-0.232300,1.037842,-26.550291,-26.611326,-20.324705
0.160645,-0.255249,0.969849,-37.658691,-46.447750,-21.118162
0.218140,-0.248779,0.897461,-45.043941,-51.147457,-24.780272
0.309692,-0.241577,0.861450,-51.452633,-46.936031,-28.991697
0.334473,-0.258789,0.789673,-57.556149,-41.198727,-35.583496
0.195679,-0.267822,0.757690,-60.852047,-40.649410,-42.602535
0.020630,-0.285767,0.716919,-62.866207,-52.062984,-50.659176
-0.085938,-0.277222,0.732300,-67.749023,-86.608879,-56.823727
-0.039063,-0.246338,0.802612,-76.416016,-131.286621,-59.020992
0.076660,-0.254639,0.851074,-87.524406,-174.255356,-56.396481
0.196167,-0.249023,0.901978,-98.266594,-197.387680,-54.443356
0.298462,-0.217773,0.970459,-108.886711,-201.293930,-55.969234
0.374268,-0.160400,0.979858,-121.459953,-189.941391,-59.265133
0.348145,-0.157837,0.988281,-137.329102,-164.855942,-66.040039
0.352051,-0.154785,0.842285,-149.902344,-143.676758,-74.951172
0.266968,-0.191284,0.571533,-162.780746,-153.808594,-78.369141
0.181519,-0.400757,0.104248,-180.786118,-216.918930,-81.420891
0.372559,-0.340332,0.145752,-193.481430,-293.395996,-71.350098
0.474121,-0.330811,0.324707,-218.933090,-361.267059,-47.790524
0.735229,-0.107910,0.645752,-247.131332,-410.400360,-28.747557
1.184814,-0.129639,0.623901,-287.536621,-377.380341,-14.404296
1.171875,-0.307373,-0.019043,-320.617676,-316.223145,-9.948730
1.102173,-0.155396,-0.221436,-344.238251,-296.020508,1.037598
1.126953,-0.281250,-0.602051,-347.778290,-291.687012,11.596679
1.514771,-1.243896,-4.000000,-312.866211,-270.507813,14.709472
-0.675659,0.575073,3.999878,-388.122528,-110.107414,-34.118652
-1.626221,-1.130859,-0.587524,-250.793442,-754.821716,-87.158195
1.738159,-0.491699,-2.219727,-290.161133,-655.334412,-5.493164
2.222412,-0.388672,-2.415405,-150.207520,-265.502930,71.594238
2.092285,-0.422729,-1.503296,-71.655273,50.598141,1.037598
0.770142,-0.382568,-1.377197,12.512206,208.312973,-76.965332
1.003540,-0.328247,-1.359741,60.424801,174.682602,-85.571281
1.125488,-0.299683,-1.081299,96.069328,107.238762,-64.392090
1.013794,-0.351196,-0.711548,126.464836,87.402336,-39.306641
0.992432,-0.341431,-0.551392,149.353027,100.830070,-18.310547
0.934082,-0.347778,-0.420044,162.597641,118.225090,0.183105
0.823608,-0.367920,-0.297607,171.386703,124.999992,6.530761
0.823120,-0.368164,-0.215210,175.476059,129.699707,7.690429
0.815063,-0.385742,-0.092041,177.062973,136.840820,10.253905
0.816406,-0.416138,0.028564,177.124008,149.414063,8.300781
0.760132,-0.435059,0.158569,171.936020,152.099609,6.713867
0.786865,-0.430054,0.245483,165.283188,158.508301,7.568359
0.763428,-0.460327,0.286865,155.334473,157.409668,11.108397
0.730835,-0.453613,0.314575,140.319824,153.686523,17.944336
0.743042,-0.508057,0.296265,131.958008,157.714844,13.854980
0.809814,-0.508911,0.263184,122.619621,162.414536,10.986327
0.891113,-0.502197,0.196899,115.112297,168.212875,10.620116
0.937988,-0.476440,0.193237,113.281242,176.879868,13.183593
0.883545,-0.450928,0.173340,110.656731,184.020981,14.221190
0.822144,-0.486328,0.149292,111.816399,190.612778,13.061522
0.715820,-0.460449,0.270508,114.440910,187.744125,11.108397
0.724487,-0.448120,0.413330,116.577141,182.495102,13.671874
0.744873,-0.414185,0.535400,115.417473,186.950668,11.718749
0.723755,-0.392334,0.620605,110.534660,173.400864,14.892577
0.757690,-0.369629,0.672852,105.651848,175.476059,13.305663
0.756592,-0.345947,0.675537,100.585930,178.466782,16.174316
0.722412,-0.345825,0.645508,96.984856,179.321274,20.507811
0.602783,-0.360596,0.566895,92.712395,174.560532,25.695799
0.544678,-0.429810,0.599365,91.491692,165.527328,25.207518
0.512329,-0.432007,0.580566,92.590324,155.822754,28.198240
0.584839,-0.387939,0.630981,94.909660,155.761719,31.066893
0.688477,-0.372437,0.742676,95.764153,157.043457,37.719727
0.571167,-0.259644,0.757446,92.468254,173.156723,46.203609
0.533936,-0.300293,0.820801,88.684074,169.433578,46.630856
0.378296,-0.256470,0.887207,83.007805,163.269028,46.386715
0.294312,-0.312012,0.802490,75.256348,149.475098,44.128414
0.295044,-0.325684,0.814941,73.303223,125.854485,43.884274
0.234131,-0.328247,0.718018,70.312500,109.924309,44.067379
0.313110,-0.298584,0.690796,72.204590,97.351067,45.776363
0.234131,-0.221313,0.740356,72.326660,102.111809,49.621578
0.098755,-0.249146,0.857056,65.490723,101.074211,46.997066
0.123291,-0.252197,0.959717,57.189938,70.312500,41.625973
0.158813,-0.239502,1.047607,49.316402,39.428711,40.466305
0.211182,-0.245483,1.099121,39.062500,12.939452,38.696289
0.316406,-0.263306,1.114502,27.587889,-0.915527,38.269043
0.368408,-0.271973,1.095703,19.958496,-11.596679,38.269043
0.316284,-0.294312,1.001099,15.747069,-4.028320,36.804199
0.316406,-0.263184,0.948730,15.686034,11.657714,32.531738
0.294312,-0.259155,0.965820,12.573241,29.663084,29.663084
0.285767,-0.263672,0.983521,8.300781,40.588375,26.428221
0.269409,-0.269165,1.002808,4.272461,43.884274,24.047850
0.196899,-0.171875,1.153809,-4.150391,29.663084,22.705076
0.257690,-0.285034,0.961182,-11.779784,24.658201,19.287109
0.169678,-0.318359,1.003418,-13.000487,15.075683,16.540527
0.114624,-0.348145,0.985840,-19.836426,2.807617,10.314940
0.156006,-0.324341,0.938354,-22.094725,-11.108397,7.324218
0.154907,-0.292236,0.920898,-24.414061,-10.070800,4.028320
0.223999,-0.291382,0.942871,-29.235838,-7.934570,-1.586914
0.217651,-0.303101,0.906616,-32.714844,-7.019042,-5.859375
0.143311,-0.276245,0.939087,-33.935547,-1.098633,-9.887695
0.134399,-0.250977,0.938110,-38.085938,0.122070,-16.235352
0.168701,-0.241577,0.969849,-45.104977,-7.446289,-20.812986
0.143311,-0.269897,0.990723,-55.175777,-22.766111,-22.521971
0.117310,-0.310913,0.974365,-64.697266,-42.480465,-26.062010
0.165649,-0.276733,0.940186,-72.082520,-60.424801,-27.648924
0.215576,-0.326294,0.845093,-80.444328,-69.946289,-29.357908
0.234131,-0.365479,0.723145,-84.106438,-71.411133,-33.386230
0.259644,-0.372070,0.654541,-83.740227,-63.720699,-38.024902
0.201538,-0.373535,0.606934,-83.068840,-62.438961,-41.992184
0.049561,-0.393433,0.623047,-84.106438,-79.345703,-47.241207
0.006104,-0.350952,0.747192,-91.308586,-112.121574,-50.720211
0.034546,-0.343384,0.856812,-106.628410,-150.634766,-50.415035
0.111938,-0.393555,0.871094,-120.849602,-185.607895,-48.400875
0.271362,-0.421997,0.782593,-129.333496,-197.692856,-48.095699
0.434692,-0.399170,0.710083,-133.789063,-179.992661,-52.062984
0.519775,-0.388184,0.635620,-136.291504,-149.597168,-61.218258
0.478394,-0.432983,0.438599,-132.263184,-103.576653,-72.631836
0.363647,-0.442383,0.336548,-122.680656,-79.162598,-83.435051
0.327393,-0.428467,0.258179,-120.910637,-97.595207,-88.256828
0.336426,-0.459595,0.295898,-127.441399,-170.471176,-83.923332
0.282837,-0.600708,0.003784,-143.676758,-277.832031,-66.223145
0.017578,-0.377930,0.749390,-160.888657,-409.545868,-47.302242
0.530518,-0.206299,0.605957,-185.852036,-446.105927,-27.770994
1.423950,-0.378052,0.098999,-207.458481,-390.319794,-15.624999
1.300171,-0.455200,-0.034912,-230.468735,-315.917969,-9.521484
1.262817,-0.426758,-0.114258,-251.892075,-277.587891,-11.230468
1.289917,-0.385620,-0.291382,-246.520981,-270.080566,-10.314940
1.859375,-1.245850,-4.000000,-191.223129,-181.518539,-11.779784
-0.953003,1.441650,3.999878,-352.661102,-161.376938,-86.181633
-1.422485,-1.178589,-0.309326,-112.060539,-835.815369,-93.566887
1.397217,-0.540527,-2.622803,-214.904770,-595.520020,32.226563
2.662476,-0.360718,-1.637329,-94.665520,-279.174805,91.796867
1.975708,-0.544678,-0.848999,-35.034180,69.946289,-0.488281
1.097168,-0.410522,-1.491577,33.691406,138.977051,-54.443356
1.142212,-0.402222,-1.226929,62.866207,89.477531,-36.560059
1.051147,-0.478882,-0.794312,89.782707,76.660156,-19.470215
1.042847,-0.526978,-0.485718,111.083977,89.233391,-0.488281
0.829712,-0.514526,-0.311646,124.755852,97.045891,23.071287
0.687256,-0.495483,-0.203735,132.507324,100.280754,33.020020
0.684937,-0.481079,-0.094360,139.709473,94.726555,30.029295
0.697754,-0.460571,0.003052,140.075684,97.534172,31.066893
0.713745,-0.472778,0.040527,141.662598,110.595695,24.536131
0.704712,-0.534424,0.106689,134.216309,132.568359,23.132322
0.732910,-0.562134,0.111816,128.295898,150.695801,9.826660
0.777466,-0.589233,0.058716,120.971672,168.273911,5.004883
0.749023,-0.551514,0.112305,117.797844,183.593735,3.479004
0.709473,-0.595703,0.090210,112.243645,189.758286,1.159668
0.655518,-0.604370,0.124268,107.360832,193.237289,-2.258301
0.661865,-0.569824,0.133667,104.553215,191.345200,-4.760742
0.668335,-0.538940,0.164551,101.684563,184.204086,-4.028320
0.649292,-0.514771,0.178467,100.158684,178.283676,-4.455566
0.658691,-0.525635,0.181885,99.548332,175.720200,-5.920410
0.677612,-0.515747,0.156250,99.914543,174.987778,-6.835937
0.719116,-0.546021,0.170776,101.257317,174.072250,-8.544922
0.733521,-0.508057,0.246338,103.088371,170.227036,-7.141113
0.744141,-0.475464,0.352417,106.872551,166.015610,-6.896972
0.750610,-0.445557,0.439819,108.398430,167.419418,-6.286621
0.716797,-0.447144,0.513428,108.642570,176.818832,-7.507324
0.571655,-0.447388,0.523560,105.346672,171.997055,-2.746582
0.595581,-0.432007,0.488647,102.966301,168.151840,-3.112793
0.581787,-0.477051,0.445801,104.431145,162.780746,0.366211
0.499878,-0.450684,0.537720,105.590813,148.559570,7.751464
0.510010,-0.402832,0.650635,105.712883,134.460449,10.375976
0.545898,-0.345947,0.800537,103.088371,120.666496,10.620116
0.574097,-0.359253,0.872925,96.618645,116.943352,12.451171
0.526733,-0.347778,0.897827,89.416496,116.699211,14.038085
0.585571,-0.344116,0.825317,81.848137,119.506828,14.953612
0.553589,-0.384766,0.803833,75.317383,124.572746,17.272949
0.512207,-0.383789,0.711914,72.692871,128.906250,19.836426
0.525269,-0.385376,0.680420,72.143555,130.981445,20.812986
0.468994,-0.339111,0.658325,69.519043,132.385254,25.024412
0.330933,-0.378540,0.691772,70.190430,126.159660,30.395506
0.252563,-0.391602,0.739258,67.443848,112.792961,31.433104
0.250122,-0.392944,0.778809,66.040039,81.542961,31.066893
0.279785,-0.362549,0.801880,63.781734,49.621578,31.616209
0.316284,-0.348389,0.847900,62.255856,22.766111,33.508301
0.334717,-0.324951,0.863037,59.326168,10.070800,34.973145
0.322998,-0.304199,0.899170,55.664059,3.662109,33.935547
0.381958,-0.281372,0.920898,50.354000,-1.403808,32.653809
0.376587,-0.277954,0.940674,45.593258,3.723144,32.836914
0.423584,-0.273682,0.971558,39.855957,9.277344,29.479979
0.466675,-0.288696,0.989136,33.203125,10.070800,27.893064
0.453125,-0.286743,0.997803,27.099607,11.413573,25.878904
0.395264,-0.251831,1.118530,21.484373,10.253905,25.146482
0.359131,-0.291382,0.987915,14.038085,2.746582,24.414061
0.311401,-0.323486,1.028931,14.526366,9.765625,21.667479
0.302979,-0.307373,1.033813,9.277344,4.821777,18.310547
0.280518,-0.300781,0.981812,4.699707,3.234863,15.808105
0.250488,-0.306885,0.919312,2.807617,3.417969,14.709472
0.161011,-0.307495,0.819458,1.159668,5.615234,11.047362
0.148315,-0.291382,0.820435,1.525879,6.774902,6.225585
0.260864,-0.242554,0.907349,0.549316,0.183105,2.563476
0.298706,-0.243164,0.987549,-6.530761,-16.113281,3.234863
0.306152,-0.264160,1.034180,-16.235352,-40.954586,4.455566
0.396484,-0.256226,1.100342,-25.024412,-63.293453,5.981445
0.493530,-0.267456,1.079346,-34.729004,-74.157715,7.812500
0.533081,-0.284790,1.018188,-43.029781,-68.603516,6.103515
0.508789,-0.278931,0.940186,-47.241207,-44.311520,1.708984
0.492798,-0.268433,0.912109,-50.048824,-17.456055,-4.028320
0.480591,-0.278931,0.885254,-55.480953,5.676269,-7.812500
0.425537,-0.283691,0.914673,-58.898922,17.395020,-9.643555
0.321533,-0.292236,0.974121,-66.223145,14.953612,-11.718749
0.237549,-0.285278,1.005737,-76.416016,0.427246,-14.404296
0.204834,-0.289185,1.028687,-86.364738,-15.869140,-15.136718
0.214966,-0.322510,0.886230,-95.153801,-29.602049,-16.662598
0.281006,-0.325684,0.804077,-101.013176,-33.020020,-20.019531
0.282227,-0.346680,0.749146,-106.079094,-26.306150,-24.902342
0.244995,-0.338745,0.757935,-109.924309,-23.559568,-30.273436
0.203735,-0.359863,0.760132,-116.882317,-38.452148,-36.315918
-0.040771,-0.328003,0.955811,-126.037590,-69.641113,-42.846676
-0.241821,-0.261963,1.077759,-143.432617,-105.407707,-50.109859
-0.385864,-0.350586,0.930908,-167.785629,-149.047852,-56.823727
-0.058716,-0.368774,0.507690,-184.692368,-202.331528,-61.035152
0.208496,-0.376099,0.100830,-191.223129,-245.056137,-54.443356
0.384888,-0.422241,-0.306030,-196.105942,-272.277832,-49.011227
0.437012,-0.521362,-0.447144,-195.251450,-313.049316,-44.006344
0.417725,-0.320190,0.632324,-195.983871,-364.318817,-30.822752
0.952881,-0.196045,0.674072,-219.970688,-420.165985,-6.225585
1.474121,-0.493286,0.026123,-254.516586,-396.057098,14.587401
1.341553,-0.541382,-0.287720,-268.127441,-332.519501,26.184080
1.147217,-0.547729,-0.625610,-270.324707,-293.701172,34.606934
0.833374,-1.225464,-3.003052,-260.864258,-301.086426,45.410152
3.999878,-2.139038,-0.981812,-238.708481,-38.024902,37.597656
-3.599243,-1.789551,1.296631,-347.473114,-605.102539,2.624511
2.088745,-0.481445,-1.437988,-187.133774,-744.079529,19.348145
1.692993,-0.852051,-1.255127,-204.345688,-498.962372,91.674797
2.618286,-0.651123,-1.467407,-101.257317,-144.775391,120.056145
1.131836,-0.607544,-1.441772,-34.729004,181.823715,-2.685547
0.445679,-0.601074,-1.319580,43.029781,276.000977,-64.636230
0.651367,-0.637817,-1.119141,80.688469,216.613754,-68.237305
0.645752,-0.571289,-0.684326,113.342278,153.808594,-45.593258
0.607300,-0.549194,-0.362671,141.845703,132.995605,-27.648924
0.565674,-0.511841,-0.187744,162.414536,135.253906,-17.822266
0.485596,-0.515503,-0.028931,173.400864,133.178711,-19.592285
0.476685,-0.494141,0.081299,176.086411,116.210930,-25.451658
0.521851,-0.474609,0.137207,171.936020,107.421867,-30.517576
0.580444,-0.537354,0.072754,161.132797,118.469231,-32.897949
0.678711,-0.582031,0.215332,151.123047,133.544922,-35.156250
0.788452,-0.538330,0.167114,148.071289,153.686523,-41.442867
0.811401,-0.464233,0.169922,138.244629,176.635727,-44.494625
0.756470,-0.565308,0.152344,131.835938,184.753403,-40.283199
0.647339,-0.588013,0.117310,126.586906,190.124496,-40.100098
0.561523,-0.587769,0.068359,121.154778,186.706528,-42.114254
0.520142,-0.573730,0.052734,121.948235,171.020493,-39.245605
0.489868,-0.544189,0.091919,124.206535,150.451660,-36.499023
0.522705,-0.488525,0.164551,125.488274,125.671379,-34.912109
0.647339,-0.444824,0.238647,125.488274,112.121574,-34.240723
0.821899,-0.429199,0.333374,125.732414,107.116692,-32.958984
0.910767,-0.388916,0.445068,123.291008,105.651848,-30.700682
0.969360,-0.408203,0.492188,119.201653,117.370598,-28.259275
0.882935,-0.435547,0.545654,117.065422,133.056641,-29.418943
0.903687,-0.450073,0.530884,117.492668,164.550766,-32.409668
0.689575,-0.433838,0.613403,111.938469,152.954102,-22.094725
0.683105,-0.370239,0.706421,109.374992,156.616211,-17.578125
0.716187,-0.393555,0.723145,102.661125,153.015137,-12.573241
0.706543,-0.391724,0.755615,98.449699,152.038574,-7.324218
0.728149,-0.390137,0.761353,92.468254,157.165527,-3.234863
0.686157,-0.395386,0.721802,90.026848,155.822754,2.685547
0.633423,-0.342896,0.659180,90.270988,171.264633,7.263183
0.576172,-0.341309,0.686157,91.003410,171.020493,14.465331
0.489136,-0.321533,0.671631,90.209953,172.729477,17.456055
0.421631,-0.329956,0.725708,88.623039,169.555649,20.263670
0.412109,-0.321167,0.847656,84.716789,148.742676,25.146482
0.387573,-0.303345,0.952881,80.566399,126.892082,28.381346
0.356323,-0.319092,0.987915,74.707031,98.815910,30.822752
0.380127,-0.316650,0.944580,67.260742,73.730469,32.592773
0.340942,-0.316162,0.875854,63.232418,54.870602,34.606934
0.454346,-0.299683,0.843872,59.387203,46.508785,35.034180
0.429443,-0.289429,0.824341,56.213375,47.180172,37.475586
0.439575,-0.267944,0.903687,51.757809,49.316402,36.804199
0.456787,-0.260986,1.002075,45.104977,44.738766,36.315918
0.451660,-0.237671,1.075806,38.940430,36.376953,36.987305
0.420898,-0.254883,1.146484,33.020020,33.691406,36.987305
0.315308,-0.183350,1.118896,24.841307,19.226074,37.048340
0.323120,-0.251465,0.998047,21.423338,25.024412,35.583496
0.241333,-0.273438,0.921021,18.676758,28.564451,32.287598
0.269165,-0.237549,0.926025,15.441894,33.264160,28.320311
0.348389,-0.233887,0.969238,8.911133,36.132813,27.343748
0.418457,-0.216309,1.043945,2.563476,37.414551,25.817869
0.398804,-0.225464,1.099609,-5.493164,33.996582,25.390623
0.326294,-0.222778,1.160278,-14.160155,26.672361,23.559568
0.268188,-0.247192,1.136719,-23.803709,18.737793,20.812986
0.207764,-0.250366,1.117798,-31.005857,14.282226,17.211914
0.182495,-0.261963,1.072632,-39.306641,10.864257,12.695312
0.242065,-0.255859,1.004761,-45.837399,13.793944,7.995605
0.299316,-0.247437,0.977539,-51.452633,23.071287,4.699707
0.249146,-0.275024,0.927490,-55.175777,33.691406,1.098633
0.185669,-0.278076,0.930054,-56.762691,40.039063,-3.967285
0.177246,-0.266235,0.939819,-60.607906,38.146973,-8.911133
0.133667,-0.273071,1.020508,-66.650391,22.583006,-12.634276
0.070435,-0.290161,1.037842,-76.477051,-3.540039,-14.526366
0.047363,-0.313477,0.964478,-85.876457,-31.860350,-15.014647
0.062622,-0.350830,0.872559,-91.186516,-50.476070,-17.639160
0.158813,-0.350342,0.822998,-93.200676,-58.227535,-20.629881
0.246338,-0.351196,0.745728,-95.336906,-52.551266,-23.803709
0.260986,-0.397461,0.633545,-95.764153,-41.992184,-28.076170
0.267334,-0.380371,0.688110,-93.627922,-41.442867,-31.555174
0.217651,-0.395752,0.753662,-97.534172,-57.922359,-33.691406
0.148926,-0.365967,0.836914,-103.881828,-87.646477,-34.606934
0.143066,-0.352783,0.925659,-112.182610,-111.328117,-35.888672
0.229858,-0.344971,0.992432,-122.619621,-128.906250,-35.888672
0.356201,-0.405640,0.827515,-132.568359,-130.554199,-35.278320
0.436279,-0.468750,0.582764,-133.789063,-112.853996,-37.902832
0.353027,-0.448486,0.431641,-130.310059,-86.791985,-44.250484
0.301880,-0.445557,0.362671,-130.310059,-74.462891,-50.537106
0.217163,-0.476685,0.398682,-129.760742,-87.524406,-54.138180
0.000732,-0.494995,0.462158,-134.277344,-129.760742,-56.640621
-0.198364,-0.465698,0.634399,-145.141602,-189.941391,-57.250973
-0.307007,-0.438965,0.784790,-167.602524,-268.859863,-52.429195
0.121460,-0.489502,0.259155,-188.537582,-360.107391,-47.668453
0.627686,-0.572998,-0.340942,-194.702133,-412.719696,-31.738279
0.836792,-0.614258,-0.457397,-193.054184,-372.497528,-21.301268
1.015015,-0.452759,0.268555,-189.392075,-295.349121,-19.958496
0.966064,-0.424438,0.156616,-218.200668,-264.099121,-24.291990
0.998901,-0.352661,0.006470,-241.760239,-243.530258,-17.456055
1.057495,-0.487061,-0.422729,-250.183090,-259.338379,-1.037598
2.013428,-0.682495,-4.000000,-231.994614,-188.537582,10.009766
-2.494507,0.460571,3.999878,-343.872040,-174.072250,-39.062500
-2.132690,0.106445,0.358276,-229.675278,-791.870056,-27.282713
1.819702,-0.722534,-1.631836,-277.282715,-639.770508,16.601563
2.363892,-0.581421,-1.850220,-148.132324,-264.709473,114.318840
2.229126,-0.571655,-1.237305,-86.364738,120.727531,24.047850
0.833374,-0.567871,-1.544434,6.408691,295.837402,-75.744629
0.766602,-0.590332,-1.465454,50.598141,239.562973,-82.702629
0.939819,-0.500000,-1.145996,86.059563,142.333984,-54.382320
1.057739,-0.604736,-0.741455,119.445793,110.656731,-17.700195
0.930542,-0.559692,-0.485107,146.789551,119.689934,5.249023
0.806519,-0.594238,-0.328125,166.137680,138.610840,11.657714
0.723022,-0.558594,-0.217041,177.062973,134.643555,7.507324
0.648071,-0.562988,-0.115723,181.091293,130.310059,4.455566
0.696655,-0.500854,-0.066284,179.138168,130.737305,2.929687
0.665771,-0.574707,0.036255,179.870590,137.451172,2.258301
0.693115,-0.582642,0.096680,178.161606,145.324707,-0.976562
0.742798,-0.595093,0.204468,175.659164,162.963852,-4.394531
0.735474,-0.493652,0.345703,172.851547,178.955063,-4.699707
0.758667,-0.554321,0.380859,166.748032,195.617661,-2.807617
0.674683,-0.578369,0.416748,160.949692,205.871567,-2.746582
0.676758,-0.580811,0.393066,152.221680,214.660629,-4.699707
0.661621,-0.555786,0.342529,142.333984,212.951645,-2.807617
0.590454,-0.531616,0.308105,136.291504,205.566391,1.892090
0.534668,-0.493896,0.281006,131.469727,183.715805,7.812500
0.447632,-0.525024,0.392944,131.713867,178.955063,9.155273
0.465576,-0.502441,0.451660,127.868645,161.376938,8.422852
0.593140,-0.459473,0.529907,127.563469,157.348633,6.164550
0.667725,-0.466064,0.592041,126.525871,161.315903,8.666992
0.624390,-0.481934,0.611816,121.765129,165.588364,11.657714
0.464844,-0.465576,0.621948,115.722649,157.470703,15.380858
0.337524,-0.426636,0.709473,113.403313,131.835938,18.188477
0.362061,-0.443604,0.760620,107.666008,117.126457,16.845703
0.414795,-0.383301,0.829834,102.600090,104.003899,19.165039
0.479736,-0.403442,0.810181,94.909660,98.388664,20.019531
0.519775,-0.428467,0.738281,89.782707,98.937981,21.850584
0.489014,-0.409546,0.651611,90.026848,104.858391,25.695799
0.507568,-0.388306,0.661255,90.270988,118.957512,27.832029
0.397583,-0.369385,0.620728,85.083000,126.953117,27.343748
0.290527,-0.386475,0.699097,81.542961,114.379875,25.573729
0.221924,-0.366455,0.868164,77.270508,92.041008,23.681639
0.216675,-0.331177,1.015381,67.626953,62.438961,21.057127
0.267822,-0.307739,1.122192,56.884762,32.958984,19.958496
0.320557,-0.304443,1.138794,45.593258,19.348145,19.958496
0.321655,-0.335571,1.060791,36.682129,9.094238,19.531250
0.452148,-0.307251,0.982178,29.052732,-0.366211,18.676758
0.494019,-0.291748,0.922607,21.179197,7.751464,20.812986
0.468140,-0.320801,0.876099,14.770507,16.784668,19.287109
0.503662,-0.354614,0.881592,11.108397,19.165039,17.639160
0.499634,-0.370117,0.894531,7.873535,21.972654,17.578125
0.469604,-0.370728,0.940186,5.493164,27.465818,16.601563
0.411743,-0.379517,1.012573,1.342773,30.578611,16.113281
0.380005,-0.341431,0.944214,-5.065917,22.521971,15.014647
0.326782,-0.416992,0.848389,-3.540039,27.099607,16.113281
0.255981,-0.405396,0.879150,-4.089355,30.883787,13.549804
0.219238,-0.377075,0.881592,-7.019042,27.160643,10.925292
0.255981,-0.358276,0.914673,-9.521484,14.892577,8.605957
0.240723,-0.355103,0.978638,-13.427733,3.723144,7.141113
0.248901,-0.373901,1.036621,-18.615723,2.563476,5.615234
0.248291,-0.385498,1.030640,-23.681639,-9.887695,3.845215
0.290527,-0.352539,1.079468,-27.832029,-8.972168,3.417969
0.394165,-0.324829,1.073486,-37.170410,-6.408691,3.784179
0.467896,-0.330566,1.060791,-41.931149,5.554199,2.746582
0.404175,-0.363525,1.022583,-46.447750,20.629881,0.427246
0.359741,-0.354126,0.960205,-49.011227,33.020020,-5.004883
0.335571,-0.357422,0.924927,-55.725094,36.926270,-10.375976
0.246338,-0.354980,0.923706,-64.025879,38.879395,-15.869140
0.139404,-0.385132,0.966309,-74.584961,36.315918,-21.728514
0.063232,-0.398438,1.006958,-87.951653,25.878904,-28.259275
-0.025269,-0.408081,1.091919,-101.379387,7.324218,-34.667969
-0.015747,-0.406860,1.019897,-114.562981,-14.099120,-38.208008
-0.014038,-0.443115,0.837524,-120.361320,-25.512693,-41.381832
0.067871,-0.420166,0.733032,-124.023430,-26.062010,-47.485348
0.081177,-0.410522,0.646362,-128.479004,-34.667969,-52.490231
-0.014282,-0.467896,0.577026,-129.882813,-56.884762,-57.556149
-0.123535,-0.470093,0.559082,-134.948730,-93.322746,-65.185547
-0.178345,-0.431885,0.664551,-144.592285,-132.690430,-70.312500
-0.256226,-0.375610,0.901001,-160.095215,-179.870590,-73.547363
-0.219116,-0.398926,0.703613,-175.537094,-241.882309,-73.791504
-0.021362,-0.398071,0.419556,-186.950668,-282.104492,-70.190430
0.469604,-0.414185,0.208740,-185.424789,-276.855469,-66.772461
0.674805,-0.522339,-0.253418,-187.866196,-278.930664,-63.842770
0.656006,-0.555786,-0.100708,-181.152328,-252.502426,-62.255856
0.418701,-0.517944,0.224487,-175.781235,-243.408188,-63.842770
0.362183,-0.513062,0.162231,-187.988266,-246.276840,-64.636230
0.626099,-0.328735,0.708374,-206.359848,-283.874512,-56.823727
0.886108,-0.595825,-0.296753,-228.027328,-277.648926,-36.315918
1.251343,-0.504150,-0.475708,-217.224106,-258.239746,-24.169920
1.135620,-0.482788,-0.286743,-217.956528,-249.267563,-11.962890
1.038452,-0.424561,-0.630493,-215.148911,-255.004868,-6.225585
1.247803,-1.389038,-4.000000,-189.270004,-201.416000,-3.662109
1.102905,-1.504517,3.999878,-270.080566,-106.689445,-64.270020
-2.870972,-0.959961,-0.380615,-203.857407,-774.047791,-29.602049
1.542358,-0.401489,-0.123901,-212.402328,-648.559509,-16.845703
1.811768,-0.615234,-2.330688,-98.754875,-291.442871,41.015621
3.020874,-0.468384,-1.853271,-42.602535,53.100582,3.112793
1.480347,-0.437866,-1.171875,26.367186,236.389145,-45.043941
0.676636,-0.520508,-1.216553,78.552246,263.793945,-84.838860
0.913940,-0.406738,-1.218262,108.093254,191.345200,-72.082520
0.950439,-0.432373,-0.984131,129.638672,131.652832,-27.587889
0.925537,-0.525146,-0.711182,145.935059,132.019043,-2.624511
0.873047,-0.550781,-0.516235,153.625488,151.062012,5.920410
0.754272,-0.610474,-0.320068,159.179688,164.733871,1.464844
0.639771,-0.589844,-0.211060,161.437973,167.175278,-1.342773
0.588501,-0.567749,-0.151855,161.010727,166.686996,-6.225585
0.562134,-0.573608,-0.081665,158.264160,162.536606,-6.225585
0.549927,-0.606567,0.020630,157.104492,157.287598,-4.943848
0.559082,-0.627808,0.127441,157.958984,156.982422,-6.164550
0.560547,-0.596802,0.250488,158.264160,156.860352,-9.033203
0.579468,-0.559692,0.345581,155.456543,156.066895,-10.070800
0.590454,-0.549316,0.411255,150.573730,149.597168,-8.911133
0.616211,-0.560059,0.429565,142.761230,140.075684,-7.385253
0.684692,-0.541504,0.327515,133.911133,132.873535,-6.713867
0.729248,-0.570313,0.234375,129.028320,136.047363,-5.981445
0.709717,-0.579712,0.199585,127.258293,134.887695,-3.723144
0.697266,-0.557861,0.281982,130.004883,135.314941,-3.173828
0.745972,-0.520630,0.392456,132.141113,140.441895,-4.882813
0.735718,-0.486084,0.550781,130.676270,141.723633,-5.004883
0.665771,-0.504639,0.569214,122.802727,148.559570,-4.272461
0.638916,-0.467651,0.637451,117.309563,144.714355,0.793457
0.603638,-0.458008,0.631104,111.938469,139.343262,5.126953
0.577759,-0.472656,0.577637,105.468742,130.676270,8.300781
0.574829,-0.519409,0.545288,102.355949,124.206535,11.535644
0.548950,-0.546143,0.514282,99.914543,120.117180,13.671874
0.498535,-0.522095,0.535889,104.614250,110.046379,16.723633
0.514526,-0.447144,0.638672,107.910149,103.515617,19.531250