0.342163,-0.02746748693308318,0.8995210671721818,0.0,0.0,0.0
0.353516,-0.019559684339864648,0.9144266926252343,0.0,0.0,0.0
0.359131,-0.006711397124972389,0.9118577462179235,0.0,0.0,0.0
0.38855,0.015450554612132445,0.9091956860754331,10.253905,5.628944227540151,1.1164878667313902
0.381836,0.026743101201832133,0.9119311744266168,8.850098,7.9094137751813625,0.8368529654170412
0.362549,0.042914971492225826,0.90808901926178,8.544922,11.27182480777806,0.7479925240215142
0.357666,0.04273126971333228,0.908428273821707,7.751464,11.455632162979844,0.40854232503096277
0.380493,0.043234450478770864,0.9189291826451038,6.16455,8.697784643636139,0.23214323039960125
0.372192,0.04631903029788698,0.9260428874702636,4.150391,4.946414461015867,0.06648897405658948
0.363525,0.03677190522470512,0.9169214717996004,1.953125,1.0077518067995759,0.6115307916182064
0.375977,0.03745725859580045,0.9144397796839808,0.244141,-2.7471025074071793,0.8171225838374496
0.397583,0.028249573441198782,0.9118241445615434,-0.488281,-5.398818277258823,1.0932743383730674
0.404419,0.03769491803760196,0.8997315984915382,-0.671387,-4.288564263158543,1.4749727816947746
0.366455,0.035309488050531565,0.8802219779473864,0.244141,-1.6368484933068985,1.1988210271591568
0.388306,0.053793396186964194,0.8780273333283379,1.831055,0.5411178622258558,1.1490183004931296
0.384521,0.05568536264765778,0.9031515633645323,2.746582,1.4074559687596764,1.8595671678255563
0.371338,0.051071428891181894,0.9265082019987805,3.112793,1.1175148944503235,1.746466170352773
0.359619,0.04470113223348619,0.9359210133478382,3.356933,-0.371098841990053,1.0501464465433579
0.35437,0.030742033293342637,0.9328402373450616,3.112793,-2.534983434220175,0.6685952097938526
0.353638,0.029142327649852952,0.921526571367396,3.112793,-3.2209981434905175,-0.01015879277462407
0.361206,0.03262749659805366,0.9179260648193535,3.540039,-2.7048552478837764,-0.4769389591127929
0.366699,0.026307877830477184,0.9326777863335529,3.784179,-1.7007337944351335,-0.5477925234139959
0.373047,0.02970326989453905,0.9387313573235807,3.90625,0.0034841315864841084,-0.3712460485622548
0.359863,0.020157620015360027,0.944361304160286,3.723144,1.7360139492414985,-0.0037777335713123305
0.363281,0.026932255639245777,0.9474151013316086,3.784179,3.015993555240931,0.4698244741753759
0.368896,0.03454071382613211,0.9471451957584862,4.089355,4.023745362040507,1.0813552657935823
0.365845,0.027370405977655488,0.9435250872852392,4.394531,4.501124144902577,1.5373904201952235
0.365845,0.030013031642022323,0.9334560023914651,4.821777,5.1058330687604405,2.3257601301940687
0.361206,0.02198222742668792,0.9487731700687796,5.065917,5.180170764648128,2.9586355350804565
0.363159,0.02584268297090397,0.9395372162473743,5.249023,5.388806691056401,3.1813543832472924
0.372192,0.020674902269345697,0.9533770994701692,5.432128,4.660543737454904,3.7966617499808804
0.377686,0.02079645831950647,0.9639345996064075,5.249023,4.936401890005692,4.341117522028771
0.361328,0.006845786783075004,0.9685400581810338,5.737304,5.183948498219441,4.694649484321955
0.362427,-0.01951033235275703,0.9626529273775076,7.141113,5.721435022286611,5.161283255247498
0.344604,-0.037441791337925155,0.9701510759265318,8.728027,5.049796489463304,6.158436445523172
0.358887,-0.030840954895218094,0.9959817247425532,10.437011,4.487628600761848,6.183264205570085
0.406006,-0.015908626016260696,1.027992004517192,11.108397,5.2762919127455215,7.685815279515974
0.449341,-0.003989944817143746,1.0559991533094881,10.253905,6.408037746686186,10.054558411879412
0.482178,-0.032578021143347624,1.1126871032897718,9.338379,7.355974603105914,12.76274942632154
0.583008,-0.022005172196488756,1.2776745898884436,11.901855,11.08644115466321,15.155879162878504
0.683472,-0.07968576582763723,1.4276519530615517,4.577637,15.365728242161191,23.22368567654144
0.755249,-0.09944018982756704,1.55233687750084,-0.549316,22.434510507194624,30.23393730944241
0.770874,-0.10640546152848347,1.6058960550162984,-7.751464,31.228711870528485,37.30052062937764
0.688477,-0.10169251232458136,1.5805727318773137,-16.235352,34.8218324083602,43.63594580698056
0.557861,-0.1686696221088795,1.5983879317342355,-24.414061,31.499069943478634,49.123767502761055
0.548462,-0.029182917620580683,1.5292735408811433,-35.095215,21.150645690794526,52.62905873979536
0.603271,0.022990972988365926,1.534259185044707,-47.790524,3.242858274410846,55.42119795751342
0.483643,0.02341395342919382,1.478430471217979,-61.828609,-19.126555922044815,61.02128281919337
0.595215,0.017071812214972407,1.3801328075691472,-75.195313,-35.330124948543656,63.989971639834614
0.740356,0.01069618901331451,1.2489812046746704,-85.876457,-45.50431042332637,74.59132525542623
0.702026,0.008278704699190507,1.1066287594213804,-89.721672,-44.7604976964981,84.08096391429588
0.710571,0.058490457235105514,0.9378569152047813,-88.74511,-38.8371004241836,92.31471828628665
0.562134,0.09238274044787478,1.0345674995046676,-81.787102,-37.7579090075691,98.14489133812057
0.471558,-0.007024205752971424,1.047903264687891,-83.374016,-33.404579622135586,104.73831192676204
0.444092,-0.09454553665705451,1.1013889122372849,-80.749504,-33.77465161005489,113.16386975600606
0.436768,-0.15874979798522582,1.1315928245551268,-80.505363,-40.85590436112562,118.17490195907654
0.406616,-0.08998245468339292,1.222428140964593,-80.688469,-47.53092271484524,120.53058937104852
0.432495,-0.028922704684816142,1.313393016131392,-89.904778,-53.85982014761717,120.22033134870131
0.459961,0.020069167364444803,1.430615234324484,-104.431145,-60.24490078582836,122.68912728931174
0.477173,0.06498091333385658,1.6447929174289078,-128.173828,-67.61260671403913,127.21581412574761
0.551758,0.19247089629293065,1.7505693015942545,-158.630371,-71.26407801499069,133.51335356308164
0.669067,0.3611568661000842,1.7436227795709616,-192.443832,-65.53131407851752,143.88267994107645
0.570435,0.45957217520502197,1.5109617752088649,-229.309067,-55.53755565756772,157.85424738229142
0.460571,0.41383200535189574,1.3380389924420844,-258.300781,-38.7310012687776,168.68874021588033
0.42395,0.41048116016454717,0.9401767020996464,-278.930664,-9.517831930431532,179.1078322550065
0.349365,0.3684783759338285,0.44377453076891216,-283.02002,35.7496494002185,181.07796767961574
0.230469,0.24620080415430778,-0.014226816325945354,-280.090332,93.89674707294539,177.1382165549494
0.045654,0.1299229049460022,-0.35019131730440156,-282.470703,130.22730058875408,162.65811772882637
0.095093,-0.07252999465303447,-0.30147681158031175,-292.541504,158.62780770680624,151.67589133890124
0.084839,-0.38056506137563306,0.2539354202315239,-308.410645,138.2718414461927,143.74821467111988
0.102661,-0.537199354287713,0.7879500427475489,-336.975067,78.86463816608776,137.61149248204893
-0.036011,-0.4394180487544796,1.0312823528179884,-385.925262,-5.644707668129788,139.5678906665379
0.129517,-0.09792733169476002,0.5827910021544125,-458.007782,-79.23532355680696,145.68071079730055
0.245972,0.1588003342186399,0.3492878560285889,-477.172821,-91.61318714068082,149.44790854112708
0.231934,0.3558768410241477,0.08431835011830756,-478.393524,-37.8728438812942,136.05438652074477
-0.184814,0.235080934357518,-0.09105495348742051,-454.406708,12.346843215559764,128.91947025801633
-0.52063,-0.005890472430393284,-0.4052505360385681,-417.663544,38.86135194985484,107.19260954727362
-0.537598,-0.1096591357135084,-0.688437014237008,-358.215302,55.719398865466786,81.53190084876371
-0.520752,-0.25086159142207226,-1.0545780686844313,-292.114258,64.2684712254411,54.839920527177156
-0.505371,-0.395856213041485,-1.2389288226873465,-224.548325,71.80674822485688,31.068553105770683
-0.541748,-0.40897251764943215,-1.2250038941262533,-159.118652,69.87324542476557,9.345656253754765
-0.557495,-0.5146284437957004,-1.195911880098787,-98.144524,61.77055740163173,-8.320967466667122
-0.529053,-0.6011804503346806,-1.087467971666472,-41.137691,42.290651808512024,-21.919981148683764
-0.399536,-0.6732875288073668,-0.8887177723228389,11.291503,18.515209459614756,-33.30153475935302
-0.232056,-0.6712376577668694,-0.6943692248167735,57.678219,2.620577652111177,-46.14441278237264
-0.138184,-0.6815015300948865,-0.5117359172252114,99.670403,-2.6882445207479075,-58.91805541201066
-0.149414,-0.6808069087829737,-0.3012647678145783,137.573242,-5.054824267795487,-67.64023112001587
-0.128296,-0.6793246928589846,-0.1128418156936791,168.395981,-9.94897692866227,-73.27540983769852
-0.043945,-0.7255968039558736,0.05749186792948793,190.124496,-12.870316013625844,-79.55435635242448
0.067505,-0.7251520912173859,0.20470356799296874,201.721176,-6.164088260225917,-86.30487974266865
0.137329,-0.7378562820239003,0.38008799189643766,205.20018,8.787372533564902,-92.71713539397177
0.261963,-0.7535565739676818,0.4150020883888292,198.120102,26.804631578878187,-96.48159986827042
0.387451,-0.7842851275341868,0.3875196104672437,190.856918,38.80108701729131,-97.03129941419827
0.392334,-0.8333631737556291,0.31788133530131224,182.983383,47.414228950500686,-95.2646638496762
0.369263,-0.8746335786404985,0.2011534457734066,173.95018,44.63228611203642,-90.73508060656802
0.305542,-0.858701653900967,0.04753315811876806,165.771469,25.751588031069826,-92.26693168128295
0.163452,-0.8156246240653237,-0.011186680441458735,166.01561,-8.632289118404676,-88.47543899608691
-0.162964,-0.8806898785922168,0.13005158326689545,179.74852,-39.52657044781024,-85.49410752520961
-0.195557,-0.7939239991070135,0.3880519250382954,193.969711,-72.46048777306592,-104.68820979455849
0.021484,-0.698185702451464,0.48339518412615123,190.307602,-76.62073146918115,-121.16386068870779
0.1604,-0.7094102078012811,0.41559706343204994,180.969223,-67.93673597167056,-118.39310367073708
0.353516,-0.7309194526379651,0.32528497876695334,180.847153,-43.92827532161756,-109.38755673698952
0.48938,-0.7479404828360221,0.3233986503234329,184.997543,-21.817997934403,-96.9981067771567
0.634766,-0.7277867631334712,0.4769358825772123,193.35936,-4.131166943117606,-86.93804892318805
0.642212,-0.7084122053744234,0.7733788743743558,201.599106,8.414698435550852,-77.59855841640851
0.655518,-0.6578196314079617,1.0579717884893214,201.354965,19.08617827220426,-71.688401831185
0.741943,-0.6062744257016016,1.2260926532286183,190.185532,29.028956142666477,-68.32382712305741
0.77478,-0.6274979489447263,1.1608693383853161,169.250473,34.952204238793264,-61.143703676492834
0.646851,-0.6614479690350392,0.8500814123314435,149.353027,40.12206912066143,-56.01769547836476
0.515503,-0.6443230177065029,0.5329298845801252,146.30127,42.93335365925311,-52.980944977688516
0.451294,-0.5856267700019557,0.4095337159588652,152.099609,44.72643202667025,-49.44198747024008
0.348022,-0.5482720681595599,0.5414372022026552,157.165527,43.69807001714436,-45.718781799032826
0.34375,-0.5001596571354809,0.8379881093256145,158.203125,36.538113647837214,-47.29115911934594
0.376465,-0.4467789269902774,1.0884902664803282,150.268555,26.061775178259094,-48.33272289737957
0.42334,-0.449560550390989,1.2181510817764563,133.239746,12.378958993786442,-46.654908218158354
0.474976,-0.45494855529377903,1.2233981797522437,111.328117,-2.566121551960642,-45.19966581804317
0.524902,-0.47208410548648827,1.1075790701692687,91.125481,-17.592653467373257,-44.6884359717156
0.53186,-0.47466008125917586,0.9415240071395059,78.857422,-25.724641143979802,-44.263026892770064
0.508667,-0.4715476603242968,0.7488290032708946,74.279785,-25.63288446956016,-45.48637796511212
0.455078,-0.46932211338851115,0.7833082831768993,78.796387,-13.880487221246934,-46.76085679691819
0.486816,-0.42401186974030775,0.9122766436012314,84.533684,8.956146791647992,-48.68390737589823
0.530273,-0.3644920856790096,0.9641715458103738,86.547844,32.730118697142395,-47.838657229615535
0.52063,-0.3290761522357632,0.9840514789677951,84.350578,52.38235500376057,-40.84076449304332
0.496094,-0.2970034217047948,0.9666515054825311,75.98877,53.019594187732004,-34.96456743292243
0.463257,-0.2695196539478596,0.9443522356540625,67.993164,43.9369260161558,-31.607952689038108
0.433228,-0.2617215444916956,0.8874691817459811,60.913082,29.236198073653014,-27.320669846785012
0.412964,-0.2746643188783988,0.8188715402473488,56.03027,11.808979969733056,-26.551001521031317
0.398315,-0.3164381324006361,0.8434855355510238,55.358883,-5.307246048594195,-26.842078084696706
0.389893,-0.3374955990657942,1.0022753184391107,55.419918,-18.88770410426691,-26.447726795765053
0.517578,-0.3220559265982278,1.0721804047640289,52.429195,-22.39152883712936,-26.259848278655305
0.590698,-0.33154249554076204,1.1484751682455323,46.44775,-17.22907117394255,-23.552243309726904
0.596191,-0.33692056177817525,1.1248432549809235,40.161129,-7.33551044849586,-18.151117278436416
0.575317,-0.33456489356348346,1.079148100399039,35.095215,2.289160504139873,-14.036934018631387
0.566895,-0.3251560353217565,1.0068069061969314,30.334471,10.036110726228056,-11.927217901767834
0.527222,-0.3132235395055995,0.9243746308637987,27.465818,16.65857663223702,-10.821475046972973
0.477905,-0.30386107666187784,0.8761954555439582,27.770994,25.0240257354682,-10.462001849225754
0.438599,-0.2825526213037842,0.840411998873981,29.663084,32.208514293221924,-10.43471698531129
0.41748,-0.2754982611103429,0.8200882116712673,31.188963,39.9800006429877,-9.870092630253682
0.408569,-0.2637678035201207,0.8147196233350287,33.02002,43.43082818035146,-9.757432151122885
0.383789,-0.23842884971935202,0.8305908054045064,33.569336,44.89476252177305,-8.569650549044658
0.365967,-0.2182733729716351,0.8449285903823975,32.592773,41.37671159981085,-9.004047140896935
0.359619,-0.21834950051997137,0.8594174899126029,30.029295,34.817983614709746,-9.416806038440734
0.353149,-0.2534418461327365,0.8798796339936675,27.526854,27.325838911569843,-9.808222813276393
0.351074,-0.2643880249513332,0.9342244701629974,25.512693,19.16191223461727,-10.256115296565751
0.375488,-0.2523652229426253,0.996090085530982,23.864744,11.461280781256805,-9.816619994142046
0.384888,-0.23286143221991412,1.0520855806394698,21.179197,5.2916577040804995,-8.92123691753708
0.400757,-0.23240062160982622,1.0628267825546014,17.578125,0.7449482161843073,-7.7396883569303885
0.401978,-0.22645443949170269,1.0516038242895938,13.305663,-3.211280332921101,-6.392046527390984
0.419678,-0.23414435821650176,1.0326464792485288,9.277344,-6.474525735935021,-5.108143777215365
0.440552,-0.2550704073217898,1.0128428472876214,5.981445,-7.977076983529089,-4.319479480423939
0.459106,-0.2652445978329078,0.9763415813993885,3.173828,-7.036401181107581,-2.9760552082051244
0.471313,-0.2725166744476877,0.9578305747625583,2.502441,-4.578945161217173,-1.7990186180634262
0.470215,-0.27984943330767303,0.9586446217521768,2.868652,-2.665944739726479,-0.34612486017869154
0.465942,-0.2909143787898915,0.9679729321284204,4.455566,-0.17654647485174105,1.7042179260216175
0.489014,-0.28235090099667465,0.9686157299855119,6.469726,2.2173176722470824,3.2419019482016695
0.49585,-0.2731499404243705,0.9761874921018824,7.8125,5.534143535498342,5.871979502800304
0.490479,-0.2605787324186249,1.0180697449934866,8.605957,6.641208004804721,8.732184166136197
0.461792,-0.2376858430719948,0.9887628153971786,7.568359,8.692430612151758,12.564565721024541
0.470459,-0.26028482275924053,1.0466306867516308,8.605957,7.553864706418081,11.991945437563633
0.444458,-0.2428185586336456,1.045991968116428,5.310058,8.413234549778934,13.444986402020568
0.450073,-0.2605958743420735,1.04347675794571,1.464844,3.76387663281759,13.802736906442094
0.434326,-0.2833273810862296,1.0149257187852805,-1.403808,-2.8690416679508246,13.810732197333996
0.419678,-0.3380398305291862,1.055975642219459,-1.89209,-17.217407595924193,9.421426180327789
0.477539,-0.3530783602020695,1.0716686408582727,-4.455566,-25.218577928958336,9.807929384939742
0.527344,-0.333052986577169,1.0656556598019962,-4.02832,-28.76146037655029,8.811363224985545
0.575195,-0.3040014003012343,1.0386745105334436,-4.272461,-34.67686351642881,7.210527964922761
0.583984,-0.3455813636633618,0.9827526469038744,-5.065917,-33.62975958175534,11.113764589864594
0.623169,-0.3284964488474956,0.9350679738973978,-0.183105,-38.43780528785405,14.480391847677774
0.60791,-0.3236085663636706,0.9446066598563923,2.380371,-39.51145886474056,23.02979551268294
0.557983,-0.2869365660863469,0.9932171890415387,5.126953,-37.48462158656425,29.460902071715285
0.543701,-0.13179151870419087,1.1973307880024813,1.281738,-36.21755078459911,38.794894932372905
0.484375,0.04228783008333464,1.4304418302177977,-15.441894,-34.745475104169344,47.66922622450897
0.424561,0.21043646021195708,1.5790867842723089,-47.241207,-35.12992326853568,54.41887686090885
0.406738,0.22617725204259392,1.5741765465444022,-85.754387,-34.719179681494644,58.76769607184469
0.522949,0.1870126543326106,1.4532343010583226,-118.591301,-29.736608082382073,64.60439918542146
0.76416,0.29883284471530347,1.2014931597488847,-140.869141,-8.466663448562358,85.27450161148042
0.794067,0.4391878177957198,0.9221831991431169,-155.883789,26.247569547677998,117.92159461065971
0.578491,0.28790654179823033,0.6378092012379437,-168.273911,69.43903120375897,141.15554817912428
0.132935,-0.17062824083067712,0.3293787197847311,-177.73436,116.3635369682431,134.43123872296803
-0.21814,-0.4309300163230414,0.0306148970408741,-169.006332,138.60572960190697,103.89408698968487
-0.420654,-0.5012744592204373,0.09493893946246791,-163.269028,134.24524704368224,71.33115401936877
-0.226074,-0.5197528014750206,0.24191206096610365,-168.884262,98.66250108519553,47.827429641409275
0.096802,-0.5678914035879695,0.8699248051549546,-168.518051,59.304155220896575,27.81040502414277
0.668823,-0.6294330938658456,1.3265016306900905,-209.2285,23.25423641666407,26.288013774876077
0.952026,-0.4124551740788899,1.5883728635029473,-246.948227,-13.811500417499154,67.7842857323928
0.563965,-0.13609201301140172,1.3412261082485324,-315.490723,0.6829365918098373,80.13236842749711
0.33374,-0.09100105890027976,1.016610428679063,-350.707977,31.909369767539374,50.31169561681877
0.244995,0.006438266946967195,0.7381623378767841,-346.496552,32.98665711606329,42.44467995674898
0.031006,-0.2540840325093641,0.5355479474722878,-321.960419,34.33356158063758,41.13275741117251
-0.041504,-0.42606660011495084,0.42973495083770713,-281.799316,44.73395043955128,29.951513768500163
-0.032959,-0.5364576503708934,0.2213651405066758,-247.985825,47.56466880331446,20.22448746783957
-0.01416,-0.5596988525024286,-0.013782066335083488,-207.336411,57.997440368473164,13.077442566774936
-0.014526,-0.6504275845094344,-0.1937703721063222,-158.508301,69.3416991513447,0.7611198141636101
-0.041626,-0.6885396763388978,-0.32840994504601384,-112.42675,68.64028089061202,-8.968949809526436
-0.015259,-0.7079997891593364,-0.3270078573113117,-70.3125,64.92752367493321,-11.11105065933181
0.019409,-0.7143715313889872,-0.27681475269564876,-35.888672,54.94975925164945,-11.816795112670345
0.029663,-0.7551040082873358,-0.13438504579527813,-6.530761,46.71149389400144,-12.897563174494271
0.050415,-0.7350308839838883,-0.0021819218280346784,16.784668,39.13775652347034,-15.286622039358317
0.058594,-0.7289771340808218,0.10759302897637754,34.484863,28.084869875864534,-17.979264959974135
0.084229,-0.7394287448963449,0.15843046062236887,50.170895,17.608384199714216,-20.0744593161376
0.136475,-0.7698410039373365,0.22124268610454415,64.39209,7.389895209625241,-22.929858233375494
0.175659,-0.7768223491526668,0.35363268986609847,76.599121,-1.3190742696967033,-27.316413544529322
0.208008,-0.7718980163818273,0.4747366322823635,88.256828,-4.809549506534698,-32.828040202083855
0.183594,-0.752974554848306,0.5860365527746503,97.106926,-4.619360744833247,-38.12450446342193
0.085938,-0.7399244572794083,0.6582467130254227,101.501457,-6.4056187502423345,-43.4595807068937
0.010132,-0.7044804044603493,0.6217327795101225,99.121086,-11.762629591727032,-46.8212583137563
0.053711,-0.6560279420372264,0.5718943028667112,91.979973,-18.374643102976542,-49.040739314237925
0.072021,-0.6970495968046011,0.5184266738455333,90.332024,-21.252560867773756,-48.184705411083605
0.167725,-0.7205558208179266,0.5062244821720934,87.646477,-27.11830848755845,-48.661204893743474
0.236694,-0.7000484515052628,0.5108325564850812,80.566399,-32.672911891139485,-49.144817819451696
0.294922,-0.6732156517596718,0.5428331847103678,73.974609,-41.99267920020875,-47.25547405178821
0.335815,-0.7326704171044165,0.49900614179390645,71.960449,-48.9644614808058,-43.21676629413877
0.353271,-0.7656860439801318,0.5484684824482218,73.791504,-49.36721029789947,-40.93266424988294
0.342651,-0.7722638907663776,0.488058487781307,75.378418,-49.1906633021032,-42.63688513032782
0.379883,-0.7335170809426621,0.4567125860159276,76.782227,-50.98330184577107,-43.014952235490846
0.412964,-0.6803292304702738,0.4411765317508685,80.871574,-43.89420101038063,-42.44669671592272
0.457642,-0.6713009825140239,0.4244237582837535,83.312981,-34.092836029024596,-38.98310277362497
0.487427,-0.6681354482889736,0.4591926653570286,87.524406,-22.438727890867032,-35.13084264577708
0.470703,-0.6701070678542937,0.5708993731067857,93.01757,-9.423041223175954,-28.807339147880555
0.460938,-0.6448148388363135,0.6601431358709253,97.045891,0.0779293043035203,-24.343108231017002
0.447021,-0.6102369925366093,0.7030544349222713,95.336906,4.045197452138038,-22.589968210635664
0.406616,-0.605487502998797,0.7358717437871097,90.698235,-0.18688942316633758,-21.7867811683364
0.39563,-0.5922024092600787,0.7230915157236725,84.045403,-9.9631312465233,-22.58094589202483
0.387085,-0.5821199408914192,0.7116068399513672,77.636719,-22.613953736015013,-23.943954324058787
0.366211,-0.5710097161983674,0.6696862421470668,72.509766,-33.967086472469234,-24.582330503138536
0.376587,-0.6003820416741492,0.732929600068233,70.617676,-39.74440773940934,-24.857307328790306
0.465088,-0.6023619985962853,0.7835254487871398,69.580078,-35.908252216532524,-25.17251766629631
0.553345,-0.6000908017323602,0.7980565988037521,68.054199,-27.394272958482663,-24.600923889609806
0.587402,-0.5902284918752227,0.782194185233245,66.650391,-13.487860421608302,-20.16559305315706
0.559082,-0.568234270159969,0.7481421142809482,66.52832,-0.6029860568839946,-13.803177714999125
0.540039,-0.5605300285203078,0.7206198162526638,67.382813,6.118938733396218,-9.395130584004912
0.501709,-0.5524652932638101,0.6910530573291259,69.274902,10.319670741334098,-6.857104811563035
0.431396,-0.5622924722913307,0.7545197878448934,72.998047,11.33816640161427,-5.252051530316443
0.40271,-0.5554938029591354,0.834057724361448,77.148438,13.838017061248461,-4.315446889802898
0.349731,-0.5358201186289564,0.8933051249362959,77.026367,14.534336958706051,-5.804061611051028
0.290527,-0.5008184267496149,0.878280852488565,74.707031,14.612011579608023,-6.596062832856736
0.329102,-0.45878447887255097,0.8472678131846162,73.425293,14.20185502288847,-6.730361063377322
0.380249,-0.43964625106117916,0.8181660097827644,70.373535,7.883998984812972,-3.9398359036996746
0.41687,-0.4128280611019572,0.7876919704654851,65.673828,3.7724211939036243,-1.0081916305488527
0.452393,-0.4018208770989861,0.7716597829564538,65.124512,-1.6971034410842005,0.13459183250541368
0.44397,-0.42307024507482066,0.7712597921720872,64.331055,-3.768790840552691,1.6905759864682621
0.429321,-0.46465619399499414,0.8229284306427178,67.077637,-5.851222093501779,2.253037650802724
0.42688,-0.4336903220819462,0.8785902256071699,69.213867,-6.385079249025769,2.468788062148414
0.410156,-0.4268734180600811,0.9285052905631196,69.396973,-8.336843609612957,1.9387086401957363
0.407715,-0.4118390332987959,0.9346269863943119,68.481445,-7.3256078448750745,2.1789943680594406
0.426758,-0.3832699574540606,0.9399132647995572,66.894531,-5.260742313166925,2.4191317308950135
0.431396,-0.3641711611205094,0.9342314159270925,64.941406,-3.3830212353230213,4.423596904220987
0.446655,-0.3558452770793845,0.9537974424254323,62.011715,-1.5370968182103952,6.6083841427063295
0.468506,-0.34756116484889243,0.9841389186181395,58.28857,0.6022526311498891,8.535027314909955
0.506836,-0.35122955690021235,0.9965068050082148,55.175777,5.02918628673698,10.493172908348633
0.512329,-0.3576287205694296,0.9941396393328618,51.757809,12.28104329239767,11.895825100625816
0.490601,-0.3537339632667441,0.9832982518038977,48.33984,19.681428830557888,13.510595554930427
0.46521,-0.3487594162244881,0.9600041835949228,45.776363,25.770039724306542,14.832088183559582
0.421753,-0.34589372299311666,0.9219608421630286,43.762203,29.800900556092216,16.224581930358497
0.393311,-0.352436558618689,0.9070481331208479,42.907711,31.96130101673586,16.977379215670258
0.386353,-0.351423179188393,0.9251998702864818,42.724606,31.23303887429393,17.592687740859773
0.391235,-0.3443252607616226,0.9601666346064315,41.564938,29.907327877184613,18.784393124625584
0.387329,-0.3349308154816536,0.9877297079271202,40.039063,27.772046635309035,20.701024363330433
0.383789,-0.3205477216708815,0.9905135995253205,38.696289,24.982695709922517,22.8122093012777
0.363647,-0.29932269887656754,1.0128486049737384,36.560059,21.355171363063384,23.3501366339019
0.38562,-0.31607393145997015,1.022786766973663,34.729004,15.047475102570262,22.919663823737206
0.365601,-0.3496769350463418,1.074871957718963,33.508301,9.524662971818529,22.25572483655729
0.358398,-0.33800305085738874,1.1183303368643351,30.944822,2.128055167229624,22.376968331494176
0.349731,-0.36981267228833853,1.1011943194618095,27.160643,-4.207807400643842,22.80920194240826
0.367554,-0.3543956240247884,1.1051515815000585,25.146482,-10.77350347526974,23.138934157181218
0.368042,-0.3566179568774949,1.0467494173475909,23.010252,-15.677669691954453,21.77838381382257
0.390137,-0.3718675440791287,1.0144364477041217,21.545408,-18.18797176154034,21.955517492643963
0.373535,-0.39243709518818715,1.0720417364124672,21.911619,-23.325602475839815,19.810079253961085
0.3396,-0.3704048579450203,1.1108816599713622,19.226074,-26.836833326009007,17.57955981320628
0.305664,-0.39931756088869264,1.1293353751932618,15.624999,-24.699098108337314,7.916272591909475
0.349121,-0.3778847600938993,1.0696503930026746,17.272949,-32.22450667097306,-2.831120948329647
0.416504,-0.28561660292398494,0.978699847196352,18.493652,-41.18828051078735,-8.935976412670946
0.507568,-0.153711533527724,0.951880475604766,20.629881,-52.99410869585385,-10.521848929828435
0.554321,-0.022603716738505645,1.042057094535422,18.249512,-63.38433957315251,-2.5616045891025374
0.532837,0.053771366736552015,1.1199803174486074,9.094238,-53.546374965742274,9.833090303066154
0.522827,0.07035293860475988,1.2178525767225172,-4.272461,-43.49295580880173,20.654377892779543
0.451416,0.021468322867230993,1.3200474216081286,-23.986814,-32.59120136662382,29.82793056295695
0.489014,0.008601495690554826,1.4935439222051305,-44.921871,-20.693029593383063,34.40496789050071
0.599487,0.050201078889458954,1.5880189012349109,-70.983887,-18.72325835570155,37.293336891601435
0.735229,0.1752380695418716,1.5980426297621844,-100.158684,-7.361985381613774,45.6182574894039
0.973022,0.3289804886594729,1.3229534986485254,-129.211426,5.654729124955816,59.31717254364928
0.952637,0.46925220306880483,0.9520272226344545,-157.775879,40.20576427412799,87.9689832182247
0.755737,0.4360370440733003,0.637774262212594,-172.05809,79.87323301871447,118.88643544890378
0.270508,0.1049362581254751,0.18869163999399566,-181.76268,124.22113189509611,143.99767137043335
-0.765991,-0.36405278067936453,-0.08997502473810429,-182.800278,168.45601674351968,144.79410614751166
-1.382935,-0.4557408147848148,-0.3003769629869659,-160.583496,157.05737081425258,96.61156701908585
-1.596802,-0.6182033739737068,-0.29146591143309547,-150.45166,118.21337246983637,37.82582904258206
-0.666626,-0.7509658916715974,0.3335251376896237,-155.151367,40.81032580649245,-13.876121762761432
0.530396,-0.933253200780133,0.927968204542934,-179.931625,-30.704427462265397,-30.08075209046573
1.391113,-0.973952992530162,1.4498249362342137,-213.745102,-139.46476314784383,23.998345827740334
1.800171,-0.8766311024231815,1.3463781154468892,-285.27832,-167.6283703350012,111.31568433609881
1.599731,-0.46938100109165865,1.1723880534017703,-313.171387,-49.05148066588545,118.96096310388414
0.604248,-0.03363711880147552,0.7700172681406147,-333.618134,84.8294720725364,87.96630304023388
-0.419922,-0.39053569093319374,0.25986207782462795,-330.993622,148.21088964387863,69.45530301507092
-0.683228,-0.5706269767251474,0.11778914718053636,-287.780762,129.89462846071007,33.43996980141265
-0.301514,-0.618553435928934,0.03670190750506225,-230.957016,67.898669599442,-2.654138079288144
-0.015259,-0.6415037031462768,-0.14174741069103663,-185.913071,46.76943911813158,-3.033047940063261
0.05249,-0.7296941877924836,-0.2693521300507342,-139.099121,70.99189714067604,-6.137206387659824
0.021729,-0.7543093171949029,-0.3687648043156495,-88.073723,95.23480761670439,-14.629729673462453
0.001465,-0.754408314730757,-0.3175895276140244,-36.987305,100.51630786011437,-20.329970243476346
0.057251,-0.7280184807152155,-0.16778613082465862,8.666992,88.74227453981182,-22.096166157897308
0.101074,-0.6911277856544144,0.026507629947351233,44.860836,74.46535528895585,-21.266829683958306
0.055176,-0.6484555684403919,0.20979817797981054,72.875977,65.05338731175715,-21.31501887352846
0.030029,-0.6209193607278275,0.31654349143576754,93.749992,57.99259802070375,-21.692350583341863
0.050171,-0.6100527449669614,0.3456049685989417,110.107414,51.79451665648142,-22.04151876655001
0.13855,-0.5956654587109714,0.4313144136979983,120.666496,51.62812914805249,-23.55829996882666
0.148804,-0.5997640048391434,0.5515706714006029,124.1455,51.18966087334771,-23.883521024294204
0.159302,-0.6145131648387331,0.6626348206311558,121.643059,45.28848786179996,-24.862080480802252
0.199097,-0.6389307728248752,0.7153485880760566,117.126457,37.329421520948024,-26.82326870267767
0.207642,-0.659867930761946,0.7181017149380354,110.107414,29.62108640906498,-30.90943205051498
0.191162,-0.6887931159740326,0.6972592655990905,100.952141,18.044504353133075,-36.607322182331096
0.141846,-0.6809095928726251,0.7383149531649998,90.515129,3.306884978558594,-43.35839895564858
0.198242,-0.7119235990727547,0.7454894238366468,83.19091,-10.617096407628141,-46.99113030106808
0.214844,-0.6921069521884244,0.7701796484460297,77.880859,-19.300942728951014,-48.70825639361259
0.22998,-0.6901724598357748,0.7458540083858474,73.547363,-23.37768117361103,-49.48907295338067
0.085693,-0.6630275219422265,0.7339071781888705,67.749023,-30.72507542511907,-51.404383445814894
-0.016724,-0.6319495589889638,0.5745284894168906,57.800289,-37.567213901842145,-55.8336264777528
-0.093018,-0.5973912603907126,0.4762534564176892,57.006832,-49.655575074295754,-55.11420168722217
0.075439,-0.5944515406059299,0.41529077326162267,64.63623,-51.002336271528854,-52.74864925810856
0.410889,-0.592812559221225,0.4523940617145428,69.702148,-38.50671546997253,-48.74800977394885
0.591797,-0.6111057541249595,0.5582476353916462,74.951172,-26.540002636852815,-34.36656645893147
0.614624,-0.6197925089458414,0.6349301763490368,79.406738,-16.348358513280846,-21.165789566462188
0.459839,-0.6135129921361272,0.7356964694119282,83.19091,-23.3377048927997,-16.324480464730847
0.319824,-0.5874549997066014,0.837470569577652,83.19091,-23.3377048927997,-16.324480464730847
0.302979,-0.5582086866657894,0.8839035599995366,79.528809,-39.00496012377022,-21.318201629961916
0.427734,-0.5421117441352783,0.956404212556389,73.547363,-46.72011414899034,-23.60824294005627
0.491577,-0.5643235743134024,0.9474054574125832,66.467285,-39.37635239409692,-22.375316166030064
0.490601,-0.575252401492711,0.9250256874967683,62.561031,-17.065873674170735,-19.556959015507502
0.408813,-0.5788135422526425,0.8939055165703746,61.584469,8.257114295761722,-15.897530357439559
0.396851,-0.5638058609172623,0.8601091300337095,61.462399,24.35920710078973,-11.260970523044854
0.361816,-0.540158490639047,0.865890281469625,61.096188,27.45694661248877,-7.739873323629936
0.317627,-0.5321292516646113,0.8892463757383893,60.241695,24.939822848790715,-5.766619112817872
0.310181,-0.5180304159638713,0.8753697964450786,58.28857,16.29851640416832,-6.67054692415705
0.236816,-0.5127039763566685,0.8423460175712002,54.199215,4.584739190099006,-7.37251445508385
0.164429,-0.522193118524288,0.7949339494774889,51.818844,-13.854007469384086,-8.950390696541684
0.149536,-0.547354266057313,0.8328893904948365,50.903316,-34.05359844528249,-11.086659583689702
0.22998,-0.5175367606332272,0.7692290016232265,51.696774,-46.19887289010854,-12.856338761456264
0.314209,-0.5239199886130638,0.7864491789033078,54.13818,-46.347401248959876,-13.068458008291445
0.368896,-0.5190123962455662,0.7811163558090659,59.082027,-35.60943556632132,-12.104715420220597
0.358032,-0.5072434740737042,0.8015362314921511,64.880371,-18.3478709075848,-9.12301240489809
0.320557,-0.47381016082457506,0.801729806246712,70.19043,-5.834976828316424,-8.03223275687174
0.278931,-0.4333125308050556,0.8019291747550514,73.730469,-1.9668743100646844,-7.4741350452704935
0.213867,-0.43518506278762564,0.809035981349736,75.439453,-6.001217303821339,-8.495382396210799
0.193726,-0.4055674406153155,0.8287617055407075,77.697754,-14.013426888288233,-11.209663011135094
0.210693,-0.382526208191338,0.9033539980941896,77.148438,-26.484218944989898,-14.648134432945172
0.274048,-0.33655024271929135,0.9849644874256057,74.890137,-40.28072101399314,-16.894900297341263
0.41748,-0.3148203786068828,1.038873842974121,69.213867,-47.11153057652965,-16.11610020653188
0.527344,-0.31320249225295743,1.0226726535194612,63.720699,-41.78646296483703,-13.627728969376074
0.56604,-0.3291058304068601,0.9722703434874536,60.241695,-25.405320956712046,-10.925222363722746
0.500854,-0.35694981637508283,0.9495115285270603,60.546871,-4.466724796050697,-8.41074067059179
0.474609,-0.3270013966686053,0.9062030641455487,62.255856,13.522954798555544,-7.0979767585886435
0.40625,-0.294329767609133,0.8678365595797135,63.476559,25.46308104049445,-5.922259813342954
0.355103,-0.31447568285439365,0.9188238699219033,64.819336,31.463125094832407,-5.855918219506744
0.284302,-0.29252527686644575,0.9257923853279466,64.086914,33.14948352398008,-6.984031730480968
0.231567,-0.2718453325182435,0.903409371707005,62.499996,31.646638848049367,-8.302628416301049
0.207275,-0.24738088652598378,0.8862783189871104,61.157223,24.444437188834325,-8.580943846367566
0.222778,-0.24132859366083032,0.8807767067620975,58.349606,14.311178113141763,-8.75631510212042
0.262817,-0.22302019923746638,0.8823934886393263,57.067867,4.145977139761228,-9.80499452354739
0.315063,-0.20990341595374495,0.8768966853603388,55.786129,-2.4834578405802783,-10.168246439673673
0.346924,-0.20962507126643504,0.8985144417017136,55.969234,-4.947881138835901,-10.602790759042685
0.351563,-0.21987057107974914,0.9531067085311408,55.541988,-3.544201918839784,-10.479237366810448
0.365723,-0.22552431873249112,0.9781392460469243,54.870602,-0.7687876934473862,-11.105437125700943
0.378052,-0.21090297574665715,1.0112106444644482,53.222652,-0.6805144560215153,-11.957546088711753
0.388306,-0.20692884719050852,1.0174891289327899,48.828121,-2.3034274077902306,-12.243709429449792
0.41394,-0.16571490750392254,1.029094160966802,44.189449,-6.238753310640419,-13.12354325377252
0.432373,-0.1637719581255131,1.0679864112579969,38.391113,-8.151458971690351,-12.469177825013077
0.436279,-0.14969996987680803,1.0697243901785558,32.409668,-7.189586747380619,-11.245970193660392
0.467651,-0.180767592644587,1.048380289247409,27.9541,-2.4232028928029763,-9.10401724501993
0.493164,-0.19239623369036868,1.0236462309991479,24.353025,6.303186085995456,-6.573691365517799
0.46106,-0.20520914429214254,0.9711852928936303,21.911619,14.057251604180635,-4.152835782841163
0.438599,-0.17492969415922469,0.97590496667983,21.484373,19.703909917989858,-2.7853171763095403
0.389038,-0.1689381671405584,0.9363047684355713,20.690916,22.02009764821938,-0.45563326442788826
0.349487,-0.09708003703524849,0.8816687580141619,19.65332,20.67637977401574,-1.622217459810134
0.340088,-0.11775733602304184,0.9251253865599821,18.127441,18.3924290492113,-0.9713359889889969
0.283936,-0.12209135985130909,0.9314265195895263,16.235352,17.7135286512302,-1.3389506993925657
0.281738,-0.12081218369182696,0.9276848010868843,14.160155,14.149448970590443,-2.2153013769365617
0.282715,-0.1346369689078464,0.9273551440970754,10.620116,10.143564901391208,-1.99199532480007
0.297241,-0.13201272102304382,0.9321557722892092,8.361816,5.027425833283942,-2.1503878896334627
0.325073,-0.1251367296189196,0.945887389790815,6.835937,1.2690864026829503,-1.5735502225001425
0.340942,-0.11434454478607194,0.9591945994357275,4.699707,-1.301323234459861,-1.407016145010399
0.352661,-0.11820372220541377,0.970536773418084,2.624511,-4.179240825608895,-0.5509832266638295
0.364502,-0.11973015537681558,0.9749781861182554,0.488281,-5.6076005990797215,-0.1830739294676792
0.345947,-0.11885126331882132,0.9903797890786746,-1.098633,-4.175463265685759,1.1850317073854222
0.343506,-0.12666436902438943,0.9953231583986445,-3.112793,-5.119475819473372,1.2664830770509508
0.37085,-0.12283451076931379,0.978520942897526,-5.432128,-6.017463553814446,1.7898878378154885
0.364746,-0.11894701070393425,0.9663155732086688,-7.568359,-6.568886604227552,2.8082382611389654
0.376465,-0.12278109747188971,0.9515088435340988,-9.765625,-7.869916236702586,3.5084821139323195
0.391846,-0.13585674645637602,0.9462280538550354,-11.291503,-8.845578591945632,4.823888096502566
0.376343,-0.15431220056735193,0.9559895976651949,-13.183593,-7.901418657937639,5.7960663201591265
0.381104,-0.14495037213601003,0.9485918740678901,-13.305663,-7.8093676869404565,6.679971306389816
0.355225,-0.16627856699982382,0.9437151840171297,-12.756347,-7.809221465176007,7.73360171087148
0.338867,-0.16837686588904152,0.9598306483533351,-11.718749,-8.077817926217179,8.553914824310587
0.330811,-0.16025430346358685,0.9411828140113909,-11.047362,-9.21623743653823,9.034923960523589
0.330322,-0.16161945578988607,0.934867818831187,-10.925292,-12.122613141085107,8.646404634249292
0.328369,-0.16806460807214058,0.9179902212515979,-11.108397,-14.4949864531513,9.095765127462794
0.377441,-0.15528836918369596,0.9038804324556805,-10.742187,-17.206808979400293,9.361318439122687
0.392944,-0.1845827625323556,0.9181756915416155,-10.986327,-16.534877018240337,10.47142623145852
0.41748,-0.2237774516440181,0.9309730254608396,-9.460449,-12.999110040393553,11.156853910407383
0.434937,-0.20664645290335762,0.9575454875813788,-7.202148,-8.045582079248021,11.534481018172949
0.414307,-0.21671052558088083,1.0033690424646649,-5.554199,-3.3184021611643257,11.438358885267803
0.405151,-0.2452422499321305,1.0562245545191735,-5.615234,-1.5825346073354538,10.38095173202258
0.418091,-0.26857573170735394,1.123878554203193,-6.347656,-4.329931875183392,9.090815129215851
0.431396,-0.27879272351597717,1.1839297040954517,-6.774902,-6.734247432233914,8.666869426370742
0.517334,-0.24326952086977016,1.2095301721332925,-11.108397,-6.603285779431256,9.68158752672778
0.623169,-0.1737507728943982,1.2609582846199152,-16.601563,-5.984053472554153,13.19949500770062
0.73938,-0.06584383868816915,1.402574597099137,-24.29199,-1.4114897178366483,19.955527688111566
0.800293,0.06342566427566688,1.4448289492712243,-37.902832,14.741139760536026,32.03820132370494
0.650513,0.2593791964355641,1.4899169104810648,-47.302242,36.979630064316375,51.08176617984257
0.156738,0.5514630018622478,1.455891813339878,-65.246582,57.676664521191874,70.7831822757266
-0.485107,0.5558189779852598,1.0473657924452284,-101.928703,65.6922120154808,72.07258643760697
-1.030273,0.29237911430911584,0.5590198682979138,-137.145996,40.16402724964859,42.16082581871358
-0.841064,-0.06286347233948225,0.15897912268415354,-161.865219,-3.219236705229726,12.633402178855649
-0.200806,-0.40474147147245493,-0.0440975599700476,-189.57518,-71.73526969645869,-0.19154383853991006
0.966553,-0.8542044596182996,0.6097108297489955,-197.26561,-182.0969425460917,5.325335581600009
1.872681,-0.971072124380865,1.7266254149778502,-226.196274,-267.54586760308916,64.63044330604161
1.562988,-0.6867984962634648,2.2746710572166786,-303.955078,-300.5923478269363,125.86226316771483
1.443115,-0.0940413827903789,2.035591087825566,-386.596649,-215.86880563308551,138.5081706246346
0.754883,0.2157386807521973,1.4632567872838662,-441.894501,-80.81951061982157,118.81336118957665
0.031982,0.2272871563563177,0.6603400496384108,-469.482391,7.46541149468578,87.71189588767905
-0.131104,-0.14519002555446342,0.09091522317243829,-461.30368,17.665121089714873,57.282488803472425
-0.085938,-0.35815591448068673,-0.20074082608055335,-423.278778,-6.602367213349425,41.66173533831366
-0.078003,-0.45798942351238553,-0.19764368039174127,-360.290497,-12.840239427820316,34.859976190831595
-0.147461,-0.5928110493887903,-0.14444195630273507,-288.391113,30.357421969780397,26.424915851973193
-0.230469,-0.5992462861821015,-0.35257848499583594,-210.99852,84.12519086745837,6.900520501824884
-0.089966,-0.6354304545046072,-0.5557971480064181,-132.568359,109.9006944169905,-15.20455301490076
0.173584,-0.667430825235917,-0.6252754861418308,-54.199215,117.469189809609,-25.087806408896512
0.285278,-0.6336529308828984,-0.48433379536484206,9.277344,120.92335803756988,-26.40002087705735
0.290771,-0.5826716125443687,-0.2497491139202398,57.617184,122.64965498740153,-20.021909717556376
0.367065,-0.5432992614356101,-0.0034533914519666903,90.454094,123.45647307764443,-15.107442425563606
0.450684,-0.5065443975616947,0.1817689675050716,110.778801,123.77531272661231,-10.588896637920852
0.445557,-0.5132822895814448,0.2923864733037931,119.873039,117.62384338580618,-6.281591434422479
0.405396,-0.5339099315545339,0.39249844669174533,119.201653,102.47027313541527,-3.995437477992473
0.399536,-0.5476939235665769,0.42427869497919485,113.159172,83.9505144661527,-3.356438999023937
0.383911,-0.6097461858365995,0.5203093542093196,104.858391,65.09812908797909,-4.697367075143746
0.345337,-0.6668880006628758,0.5807632121371601,95.336906,47.75540666156187,-6.515822646450113
0.289917,-0.7287143402896454,0.6185756366211225,88.073723,32.088297826003966,-10.45591439200727
0.254883,-0.7643489931180729,0.660385936498036,84.350578,16.166381849178638,-16.114307796504182
0.11438,-0.7065843117446924,0.6512346393860504,82.885735,-0.23291441626105286,-22.228733574627654
0.161865,-0.7814991776988551,0.6894656239936935,79.650879,-13.67647271174851,-28.937566216493178
0.157837,-0.7287281188390234,0.6776984524213834,72.814941,-22.466893560735983,-34.26813408143462
0.319702,-0.6947970710373615,0.5457214904352802,72.143555,-22.51291838018252,-34.71008747253363
0.343262,-0.6802686860501016,0.5202696473259499,73.303223,-15.271512784473531,-32.1936969609215
0.383179,-0.6639400928122683,0.5232727009174438,76.538086,-2.3133303587073724,-32.57381910633015
0.319702,-0.6372836176948037,0.409349804464132,84.83886,11.512071790706667,-25.921611232539167
0.414429,-0.6612264268056401,0.36236436489098284,92.529289,19.873743160366537,-27.29815198403345
0.342529,-0.6699147829350827,0.5290367761196202,98.266594,24.437873306195147,-30.33593078745141
0.225952,-0.5880439170564524,0.6713932169935172,98.144524,18.5509294381704,-30.692214614052904
0.116333,-0.5438155820543168,0.7551752237070046,93.872063,3.4783711975589626,-30.622935378049263
0.192139,-0.49197084013735715,0.8379454341426672,86.730949,-10.207926975236493,-28.57387528777719
0.375366,-0.44192045873795816,0.8830884149788358,78.308105,-13.322353719133849,-24.97059184429167
0.575562,-0.4712864936280973,0.847170380889661,70.43457,-6.08384371893758,-17.868437084477108
0.687866,-0.5536238802693123,0.7545606945167168,70.678711,4.344160845058226,-8.468538514501544
0.644897,-0.5891683515944763,0.6756567333790491,76.904297,14.48556125975896,-0.6066175686908583
0.543945,-0.5806416716291466,0.7144700371133209,84.777824,20.337516778994843,2.408495180595588
0.489868,-0.5603081014976616,0.7418549630710076,90.75927,21.359351333904808,2.5886721824464405
0.419067,-0.5261414923946228,0.7772567654036593,92.834465,19.998213960224675,3.278317418715893
0.320679,-0.49547386041121044,0.8198502343106406,90.698235,15.56779715785885,1.691418047487648
0.219971,-0.49116492723432953,0.8396980049380228,87.463371,9.291748555557474,0.026991261929635052
0.23645,-0.4673568448336821,0.8797192476649044,82.458488,0.49465206057411093,-2.4538246817317217
0.304199,-0.4617930329007022,0.8727667697056132,76.293945,-5.530219580162581,-3.082335149077141
0.39502,-0.47994764305415666,0.854815535147063,72.631836,-7.061081560934113,-2.4845935035844917
0.46875,-0.47884133524733435,0.8759588580655772,73.120117,-2.9630002989732476,-0.7703641650086295
0.498657,-0.4586914965167906,0.848151382809217,74.645996,4.211183070593225,1.4242894227224403
0.442505,-0.46016084154348696,0.7608773449847155,78.24707,10.777318968968398,4.2554476102349
0.252686,-0.423311636197638,0.6622619529488906,88.562004,18.520639648865224,5.6827805296349725
0.234009,-0.3748031332727717,0.7070101923889873,93.505852,20.15979885062705,-4.316326363653275
0.245728,-0.32305987851546947,0.7706724875967547,96.313469,17.719762330213133,-7.349592385446671
0.241699,-0.3127457362630543,0.8520701327322066,95.458977,9.217265449064916,-1.6595133889824862
0.25354,-0.2990961301104592,0.9201719820821254,89.904778,-5.275411280439213,-1.3640343012969607
0.265015,-0.3016472072805453,0.9782279934441906,83.374016,-18.98683359604149,-1.9844036032823846
0.397095,-0.28194110937196454,1.0169055199708112,78.674316,-28.501299030150296,-1.8027585915073923
0.512329,-0.2892653751385283,1.0296208489866385,74.645996,-22.303070459355766,-0.39995983016940456
0.564087,-0.2780057028914325,1.0937066783008325,73.303223,0.26511232945468677,-0.44906706487685066
0.499023,-0.2787220486261609,1.1336176231003274,71.899414,12.869762792927661,-0.5816426020717438
0.416626,-0.2835339232305933,1.1074830062906014,68.29834,36.986819189994556,1.1297999499248574
0.337036,-0.26028470309029694,1.0487377180721573,64.147949,51.1400419549253,0.6505118276370827
0.276001,-0.24867313183264014,0.996245572622306,59.326168,53.074093214051175,0.9295606834377061
0.268311,-0.22744472750816602,0.9517711803967044,55.053707,44.63823118142764,2.7268575929831935
0.31604,-0.22930288259663995,0.9102903277937602,49.499508,31.142415198670285,1.586714404528697
0.328491,-0.2193911189950234,0.8955525880991643,46.813961,17.169367465974886,1.0441676246101546
0.297607,-0.20740660791977766,0.931628754640072,44.372555,2.3832645457671693,1.597791589736974
0.289795,-0.19251790940947303,1.0109816995423833,41.809078,-12.597535804887379,0.4437128597442946
0.33667,-0.23474806569103124,1.0606775007476679,36.804199,-23.7423232624949,-2.079203948027839
0.404053,-0.22035809156135616,1.0092956883472934,31.616209,-24.47784727009462,-2.8286633235175636
0.44165,-0.22627474479937398,0.9746610949981425,27.648924,-15.217895548916596,-2.621349011620805
0.415771,-0.22388079736169555,0.9484323256662498,26.611326,-1.6335115682926165,-0.22605559953294005
0.402588,-0.2048418243356371,0.9170831441280818,24.658201,9.571384441679578,2.3074609832190247
0.391357,-0.18857338688909758,0.9028458318800473,22.583006,14.28099649525865,3.013938514995311
0.33728,-0.18550278888958494,0.913551681539247,21.423338,16.437767587359108,3.0843516180358397
0.326416,-0.19291605954739188,0.946455259888024,20.324705,15.29223243364471,3.254223258051263
0.304688,-0.20682025208453636,0.9803223392260777,18.920898,12.421282932020468,3.367765064081076
0.27832,-0.2148100299591038,0.9890779462019,16.906738,9.062356031010255,3.0853794569143482
0.284058,-0.2070943682589664,0.9903135280603914,14.526366,5.158826151379946,2.025221424168568
0.309937,-0.18940184684047406,0.9954173405428588,11.474608,2.372665929243268,1.6578993309420744
0.347778,-0.17450459481189953,0.9777152872439577,8.361816,0.6083402620165507,1.4707542395664321
0.371338,-0.1657456540840542,0.9638892121925885,6.347656,2.0156498353636,2.276691987718077
0.379883,-0.1908303986631939,0.9402532079956156,5.310058,6.163093826593039,3.0079982643490295
0.352417,-0.18763520417861895,0.9375946583523436,6.04248,10.996406478976548,3.3644271542590407
0.335693,-0.17181926960739882,0.918195347446054,7.385253,16.533301531486845,3.5970113668638497
0.312744,-0.16514371512064877,0.9190007816733073,8.850098,20.25984314290063,3.2004965760494746
0.286255,-0.152062457741037,0.9108951758126482,9.033203,22.324561294388396,2.3870043455629575
0.247192,-0.14147077551527296,0.9070611547344022,9.033203,20.910284269027954,2.323559852991753
0.226074,-0.1369360754317444,0.9179002676202636,8.789063,16.67805215676688,2.0731166644575327
0.21228,-0.13950232249941233,0.9240175792019706,7.446289,10.144151120553111,2.222524497159259
0.258911,-0.14076007424333192,0.9318532137997977,6.103515,3.005541160481479,1.5835626198621402
0.280396,-0.1371368534443771,0.9478615825812202,5.859375,-1.5484288604684018,1.4003414838222594
0.310913,-0.1442987221786662,0.9582507722624616,5.310058,-4.557307930771915,1.241655317004038
0.327637,-0.13361954632332365,0.9707937476690655,4.699707,-5.943273064498961,1.3691326645720345
0.337891,-0.13249358261206282,0.9791735776626228,3.723144,-5.204264925312759,1.7473459914995049
0.336792,-0.12936188938127988,0.9747674515286738,2.563476,-2.6938168076105984,2.6238437019675245
0.311401,-0.14369102552914406,0.9576146332979582,1.281738,0.4529910202126118,3.0547566831778497
0.304077,-0.16555792706250608,0.9396282318421291,0.915527,2.991605792591473,3.0685460029515843
0.303589,-0.18590998293202346,0.931329051226909,1.403808,4.734734226770389,3.375906576737427
0.316406,-0.1844021551675976,0.9438663525486779,2.197266,6.47074800236371,3.3721298279738674
0.332642,-0.1903329459618244,0.9620334810382086,3.173828,7.213240273136396,3.3790971063390822
0.356079,-0.17930639317043937,0.9740172827112503,3.784179,8.097292465939288,4.340676713471741
0.365234,-0.1787806178230321,0.9949343600473425,3.967285,8.012650566672104,5.875170206050137
0.3573,-0.18046095493328698,1.013603194108309,3.845215,6.821385006655572,7.710349611226236
0.353027,-0.1993800207513651,1.0407594980830994,3.295898,4.374967427038341,9.634095682164856
0.370728,-0.2108801778944632,1.0771574839433644,3.173828,1.9886587470821429,11.5684395584678
0.380249,-0.3192240628951657,1.1510188864209412,2.319336,-0.2845491090494504,13.212843345269146
0.404541,-0.24663972052507435,1.1302261366099764,1.342773,-1.8364622747525137,14.984431862461413
0.460815,-0.2573697300071416,1.1615538280428723,-0.183105,-6.11791205297364,16.77054295151334
0.512451,-0.2463161326945931,1.1705682138484623,-2.441406,-6.00800060029476,18.959108097218177
0.506104,-0.22224636240869575,1.1591940870519062,-5.126953,-3.4866599167875147,21.882756094669343
0.526367,-0.2404388387990721,1.1259895450766646,-8.117676,-2.492844636333875,23.979271080536567
0.461792,-0.26342661039200566,1.1291254011306178,-10.131835,-0.6744977003127891,31.24128705262006
0.43396,-0.32948737796647043,1.132598838545131,-10.498046,3.5721123843626477,33.167638766102534
0.432739,-0.4212085682656879,1.1374980510425365,-7.995605,10.675882998184944,37.51906147631856
0.437256,-0.468939929987291,1.1424691085961642,-3.417969,17.567385362632535,40.96538063515198
0.463623,-0.38927048084362675,1.1665575203566996,1.037598,20.625772399161317,41.194773970858776
0.427612,-0.3445461683341244,1.2573684376054113,3.234863,26.20579818135772,46.45507304198995
0.324707,-0.215383171191811,1.3388969581010928,-0.488281,32.03989437736783,48.16552482064268
0.285156,-0.1019111827508722,1.377249828388197,-9.82666,30.735234217893694,48.183385302324375
0.294434,-0.03668228386963083,1.4002795815076028,-25.756834,19.222534682314937,44.23210721532913
0.231323,-0.025018439858908427,1.3699847400507883,-45.043941,7.1902103793735135,41.11885980340985
0.237549,-0.007842871309618641,1.316862195410978,-62.988277,-9.159135605531592,38.23602898933346
0.304688,-0.015808518983366358,1.2418290531794431,-80.688469,-26.045382359205185,39.10108109821944
0.279175,0.010598673117077505,1.2080595797845226,-95.764153,-39.15891402677528,41.0652056872395
0.291138,0.0016234909173790258,1.3475360162226615,-110.41259,-45.92554549735831,45.697878167969854
0.292725,0.10889309808112622,1.4330137874379625,-129.516602,-50.06906257882873,47.756216766006595
0.268066,0.2880120668512128,1.4990568118897603,-152.587891,-44.53521559973847,51.52093575005861
0.279663,0.5111168943607637,1.2172320065657194,-179.321274,-38.40695967072379,58.24139814904616
0.266235,0.6492844621478652,0.8715935277865234,-191.3452,-39.70593443660138,73.69246395608128
0.150146,0.46040479561014397,0.025775034436088924,-225.585922,-31.621256825415205,89.00078935065221
-0.109619,-0.019144040905952543,-0.573313244224125,-233.642563,-5.410586309328924,94.30418197177222
-0.237915,-0.38615268318420615,-0.8679609874329824,-212.707504,22.8494042517661,89.74276465510178
-0.135864,-0.7351477454960652,-0.8387637727209326,-197.570786,41.06612425332132,71.13906183836116
0.2677,-0.8461321193391058,0.28203849793195473,-172.973618,51.95753464581002,56.82161014284544
0.451294,-1.0337623201574488,1.4522936609600305,-164.24559,87.52468090595323,44.56202056286445
0.410645,-0.4828453094177014,1.830809908238243,-227.600082,110.02824659022049,37.49815169440654
-0.162476,0.14707352087647987,1.8020624263518163,-304.992676,86.6075501676504,59.95646061701728
-0.15686,0.17621324045527473,0.9338239928280122,-399.414032,116.199924070131,51.35358744397192
-0.067505,-0.20272043546181667,0.25901600086514237,-392.822235,109.41917324976617,30.759245085135433
0.018677,-0.47282930938072265,0.021491557122481277,-337.158173,75.31695320576308,25.92366133747299
0.078003,-0.6750401703088161,-0.22500787056999674,-265.075684,49.82826731051374,0.3572340019616249
0.043579,-0.6866614162922586,-0.34679611585989456,-206.787094,41.18201202610033,-10.711749198505037
-0.057739,-0.6496834155705151,-0.4826986177964768,-153.320313,29.314752342053534,-21.790890264019886
-0.07666,-0.6472699858765759,-0.5216898952455732,-97.839348,39.7547880892819,-27.573168886724428
-0.108765,-0.6252336218779007,-0.40413946563462755,-51.635738,45.18162465618929,-30.582781382762047
0.012451,-0.6158152446469936,-0.25299069209234465,-12.023925,39.769164439377114,-25.897262678688033
0.059937,-0.6365171706674706,-0.03364823909921633,21.850584,34.52294238115799,-20.7485927129558
0.074707,-0.6150645892789515,0.15891543750093834,51.147457,37.864451578659036,-18.609976342033267
0.052979,-0.5902246237984036,0.24721126424787573,71.899414,39.600319132487904,-19.66738349527849
0.046631,-0.5822266643036252,0.3487760933075452,88.806145,38.51111612967098,-21.22292782549206
0.025269,-0.5931431109718911,0.4127940488289371,99.060051,28.614214887275356,-25.19917989429867
0.049072,-0.6266005183541781,0.4450726149565656,102.355949,16.26697657010228,-30.041332505720376
0.118774,-0.6625649117736964,0.44728406040380414,102.172844,11.687590600328075,-35.0012416997174
0.144775,-0.6756846158233757,0.4788097944420281,99.731438,12.214039668929821,-37.63539041622399
0.138672,-0.6500431935800917,0.5393582477446651,94.848625,8.561540355451568,-38.713261550431085
0.129639,-0.6598476583567,0.6153481780936544,86.791985,-1.1865369564923758,-40.370134027302406
0.144043,-0.6788475949794305,0.6682729194660242,79.711914,-17.094077451463384,-44.352616299724154
0.19397,-0.7125225812025402,0.7130323152715236,75.500488,-33.73365695420674,-49.45580892023665
0.209961,-0.737680514652486,0.727064872042408,71.044922,-47.21264162626502,-56.666701709598534
0.206909,-0.7625575533664702,0.7240420968567661,68.786621,-59.89977622232079,-64.85355115078099
0.232056,-0.7684899930028775,0.7274588476466811,70.43457,-66.39549919130361,-69.84147944558616
0.168945,-0.7415384201480504,0.6976277375659122,73.303223,-69.18238594552012,-75.47695072336458
0.153564,-0.7372282446694397,0.6211645439604685,77.026367,-59.58328400004612,-77.19309322403029
0.229004,-0.7359052167149897,0.5250856307743186,81.787102,-45.45139698511378,-78.60579389439636
0.3125,-0.7196073879688603,0.4136751433947103,85.693352,-25.21957410147723,-73.48895950797868
0.380005,-0.6846423921600345,0.3897198159477978,92.346184,-7.486718811689833,-62.98694530848775
0.488892,-0.6650771471992223,0.4369244292247162,100.524895,3.542218738559852,-54.53468964565074
0.418335,-0.64953186081649,0.6046479368295801,110.29052,7.47871789089342,-45.22581501895341
0.324341,-0.6409318312234048,0.8194882229865251,109.680168,-4.5067002657024515,-41.575332000785686
0.383179,-0.6385794016934963,1.0050894172723024,104.919426,-25.487399723953303,-41.74212620666028
0.454834,-0.6303056232028735,1.1093054190689944,97.961418,-36.218249936846696,-42.394730313725795
0.472778,-0.6233249666236745,1.1695386758772004,90.88134,-35.30617945439524,-43.349488864257694
0.449097,-0.6143245922597358,1.1065455676247178,84.228508,-26.55540549372243,-43.417886019284055
0.446411,-0.6010889341094069,0.992115465163313,76.904297,-15.513558965790276,-43.826021994165714
0.424927,-0.6284075629811484,0.872889322029485,70.861816,-6.515088409556434,-42.487255103016764
0.421509,-0.6224818658386109,0.8252201060366147,70.617676,0.9275443881271855,-42.1665461916624
0.370239,-0.5996710174630393,0.8153593614203759,70.678711,2.8193474029219,-40.59343596655971
0.313232,-0.5993295422392435,0.8260805367137629,70.617676,2.116207143456251,-37.30870250928824
0.30957,-0.574136028905954,0.8125487663962708,69.946289,-3.547577241492809,-34.71273070155666
0.305664,-0.5470505374014955,0.8304642896920583,67.443848,-10.23682688199912,-32.97931828197983
0.339478,-0.5408708407531686,0.8263478447046139,65.490723,-18.357919095458637,-30.506752312611926
0.43689,-0.5153257102604812,0.8501889094063333,64.880371,-24.990544779049973,-28.391497197564448
0.502441,-0.5100319235695673,0.8335209419396293,62.255856,-28.426708099532032,-24.720993497551913
0.50293,-0.521335632970284,0.8554502285396114,62.744137,-29.172243693334178,-21.195824151421277
0.493896,-0.4922545899495673,0.8852447443072358,64.758301,-27.552812903536434,-20.538414414824626
0.468994,-0.4927511182680321,0.9724209251402417,65.856934,-24.529704863358088,-19.757451633292096
0.44751,-0.4898765189571742,0.9504919435678565,64.880371,-19.639767790196387,-19.01917691984
0.484375,-0.4270629675719873,0.9380168780217164,62.255856,-12.440757471742575,-16.262356601863402
0.509033,-0.40060875210677266,0.9461521981211345,60.668941,-6.390617436050119,-11.910786685075179
0.512695,-0.3853144840390235,0.9353377237339148,55.541988,-2.217904876216739,-7.456421943809176
0.532959,-0.38960469213998483,0.9006182704051188,50.23193,-2.3871894859106835,-4.387436117108314
0.54541,-0.4051873271617023,0.8652703600456655,48.278805,-1.7823333554806169,-2.5454358289796275
0.529175,-0.41336531073359223,0.8898588220898417,48.278805,-1.6795365613873312,-0.6680080058241961
0.52002,-0.40556616893605546,0.9377161898008004,48.767086,0.2192347165803513,0.16261012215398227
0.505859,-0.3919365416270678,0.9609438297889288,47.973629,2.743765756041074,0.6077530580468942
0.505249,-0.3639029944364634,0.9805141208678105,47.485348,8.107451258713912,1.1196785699812237
0.501343,-0.36279037813242615,0.9517046439728719,42.724606,13.789682170858397,4.042887728490867
0.470703,-0.3376932465966294,0.9548901095079098,40.466305,16.569022494850238,6.2063316858121365
0.421021,-0.3023339880675061,0.920964778304359,38.085938,17.559353643717394,8.674092720241617
0.366699,-0.29007892529628276,0.9301910148867025,36.010742,15.929472602423887,9.130420491820333
0.376099,-0.279706656112175,0.9177653670173797,33.081055,15.00287937446459,7.355643414641916
0.350464,-0.28466266343716456,0.9198656737556085,30.944822,15.16185914326764,6.454024342142156
0.322144,-0.2763206879700536,0.9098094662047412,29.296873,13.454008720631403,5.595094148882403
0.319824,-0.2745399798873133,0.9018182788258805,27.343748,10.671186234668584,3.802896587419743
0.321533,-0.25392945021562524,0.8826449741641257,26.18408,5.83772654936105,2.392836134572137
0.325806,-0.23588504794266152,0.8716960124046045,24.963377,2.03684724205958,2.156475520500124
0.326416,-0.2246848696182754,0.8609039472407003,23.010252,-0.710402645567978,1.9199685110154847
0.331543,-0.22715215521775123,0.8671625904459501,21.850584,-2.651422167866816,2.383411752339371
0.342529,-0.23995930813340838,0.8589539438952102,20.202635,-2.6088803215508323,3.1966103808410598
0.356934,-0.25527359111242676,0.8762108172458073,19.40918,-2.0819914291998103,3.7233520666198796
0.375732,-0.2631783353591715,0.8865918845509332,18.737793,-0.6145750994554137,4.539888257647248
0.400391,-0.2543423183428988,0.9095936919427045,17.211914,0.5769840625459466,4.811968850274903
0.415405,-0.2438823044808499,0.9240821667763696,15.136718,1.1816939712115646,5.600338733921926
0.420532,-0.23397475148054103,0.9269440741029735,12.573241,1.6873854568666065,6.247296886918699
0.417236,-0.2314935380406958,0.9192013021919633,9.94873,2.1293380368060397,6.201270909016231
0.410034,-0.243153183160586,0.9255734330504924,7.751464,3.402202173060303,6.363734635757587
0.405273,-0.2647050439361224,0.9381358429352198,6.225585,4.735174050519666,6.536796979022844
0.396973,-0.28204524809312764,0.9338384611982342,5.004883,5.459953046182857,6.292734676043758
0.389648,-0.2855159565459505,0.9422749481943425,4.02832,5.368049455406053,6.462459283135157
0.390259,-0.2790819849862851,0.9346087285282086,3.295898,5.1453306072392175,6.671095209543429
0.399414,-0.27222420391464425,0.9203235456881662,2.807617,4.356960723592195,7.275805118209047
0.405029,-0.26981614327794334,0.8989327264198452,2.624511,4.049452769585973,7.965303959065873
0.385742,-0.26894703414872034,0.8940037636160191,3.173828,3.710149777167623,8.835127181993933
0.380127,-0.2789417874614865,0.8768709063173385,4.02832,3.5617687985366526,9.676637528480839
0.377686,-0.27695959196390957,0.886021123309814,5.065917,3.9083334824646214,10.171583191039778
0.371216,-0.28343703815562227,0.8918204310989788,6.530761,3.972071577020655,10.86456616348309
0.384521,-0.29217479380579225,0.9055263596044805,7.93457,4.0782054697764,11.31711637513867
0.397583,-0.2843023434685057,0.9178221976681081,8.972168,3.80249353899006,11.826291007572443
0.403076,-0.2862255533411949,0.919590094097651,10.0708,3.866232618353845,12.519274153663932
0.406494,-0.2999440541620068,0.924980798340084,11.596679,5.202836007620072,13.374720041689022
0.411011,-0.29702883529535,0.9351627068527101,13.549804,7.2359053424601605,13.795182597755401
0.411499,-0.2949345616487869,0.942968968307037,14.831542,10.248413954955033,14.6362519620371
0.412598,-0.3120801109317212,0.9649851501918797,15.624999,12.24620429344469,15.608283963929214
0.386475,-0.31941572486795494,0.9960431753895406,15.930175,14.205084297425225,16.44950088207947
0.394897,-0.3169231453468675,1.0191662994935853,16.052246,13.830207721863859,15.763633379381329
0.361206,-0.3677269753364787,1.0436756592442331,15.747069,8.165835321785568,14.145084033049475
0.383423,-0.3947729878294969,1.107080429389921,14.770507,-2.4696301231677995,12.951508749385772
0.369507,-0.3604239307152522,1.0823970850994413,11.901855,-7.0449457421936135,11.834873328785825
0.365845,-0.33390909869454155,1.0669923041236047,11.047362,-18.777023435342084,6.667356220907217
0.387573,-0.312088831897072,1.1049266618206481,8.056641,-33.677106826872965,1.1891394709648004
0.406738,-0.3156726869079157,1.0612832910610328,1.464844,-36.29717296891735,0.23133759740345441
0.359375,-0.35295946742388984,1.0119439338727436,0.976562,-35.22597666954657,-0.5714086363387831
0.363403,-0.3548797204629593,0.9363662912178822,3.112793,-39.246677723749876,-5.184900352980037
0.368164,-0.353653110373664,0.9083212222094301,6.652832,-39.19020050954388,-5.856685107567793
0.369873,-0.30017439067679286,0.9452680091412256,11.718749,-37.797414319216074,-7.780285130390141
0.32666,-0.24283805880147866,1.0095458840367433,13.85498,-38.915218876420205,-11.634010603953957
0.425415,-0.07117503587214648,1.1003036698391941,10.131835,-47.71246257797578,-15.168457125745155
0.50061,0.07991449455127195,1.1762783170672724,-1.342773,-56.50853204524021,-10.273862671513589
0.517944,0.16219271020894607,1.251647811248866,-19.775391,-63.35195634596297,1.4725911980819155
0.534912,0.16638254733742203,1.2756896178955563,-44.006344,-65.09710188661198,12.072776488228914
0.598633,0.11716757165349458,1.2377582645657523,-68.908691,-59.144953419859334,23.65834605706757
0.771606,0.10779582915847978,1.066661534782255,-92.102043,-46.00424795713879,39.11446783342671
0.831055,0.21002254040250862,0.8918157160354804,-106.201164,-20.392012665969542,63.27722133684393
0.717773,0.30960043715389934,0.7790988133164589,-113.830559,16.475069841028688,93.20507538052675
0.356445,0.2802952581571433,0.7238547407930823,-120.483391,46.64853690173874,118.91581282297616
-0.033081,0.10334623365338527,0.24481010065693753,-128.662109,94.48671243459846,122.82667358987356
-0.153809,-0.02521777491352831,0.08889042462723767,-119.079582,120.15069812114383,86.94311200562278
0.010376,-0.19943705226591762,-0.026737076962182003,-120.727531,132.23960862087287,64.77983429483808
0.132202,-0.259841293082347,0.4711925059020929,-122.619621,94.20754913995987,47.78562220563515
0.414185,-0.5922235503952481,1.1253175620447087,-139.831543,59.12589016559833,42.529429680141874
0.717407,-0.6774929734581696,1.665841454597588,-200.988754,-24.73312920319056,68.2136234004978
0.671143,-0.348465679028569,1.6985706750792438,-285.15625,-94.08465491695681,98.43912462176434
1.043091,-0.008817257094380278,1.6281846832228006,-352.477997,-72.67318522389228,94.40547816185531
1.003906,0.3841289220007222,1.1156342788062596,-400.329559,-32.35604740728082,93.51948037525165
0.480957,0.12306841915232086,0.7009648376576022,-414.245575,9.63729021935187,94.72636623635654
0.123535,-0.2876709857577553,0.34642239209837655,-395.935028,37.43133902611215,70.3122214439543
0.005005,-0.4750986720438142,0.02803286357481677,-359.252899,34.16398319531063,42.09448422487737
0.064453,-0.602787915308242,-0.1911957155465144,-312.988281,21.54290383205686,25.800329977474934
0.084351,-0.7310390677135368,-0.3784206620753193,-261.535645,39.03008113850561,23.98763148608263
-0.131836,-0.7450026705721091,-0.3660078375696692,-204.895004,66.54061412007823,20.16173950911601
-0.327515,-0.7730195905827012,-0.3680966585577123,-150.695801,83.563021820301,6.9253490730313745
-0.271973,-0.8072057719888968,-0.33731132831971283,-100.83007,85.21321963598417,0.027023856015689882
-0.079346,-0.8523173897441262,-0.31204604206552466,-54.13818,83.16199639112573,-3.805359842136337
0.038086,-0.8893755547228185,-0.2937897711042351,-11.169433,91.09913549148223,-6.992102888923918
0.025391,-0.8958651392331864,-0.17965673840605964,26.916502,97.6221434980277,-9.18866413668023
0.00415,-0.876427675218468,-0.0396331858062326,57.006832,92.83093188340315,-11.892784974022145
0.037598,-0.8405585655653601,0.08382807366690466,78.735352,76.06795129268669,-14.538667912975548
0.093994,-0.8161793270936183,0.21480633814440464,95.031731,56.60388200747615,-15.925475802314686
0.167236,-0.8110721037034607,0.3355698675448119,106.079094,41.322397540191226,-18.186176860952607
0.200684,-0.8274567706561987,0.47981409390014246,113.830559,30.463916864311113,-21.278377721764077
0.230713,-0.8014028870706091,0.5520862802107043,120.910637,25.262548866615184,-24.116797774434335
0.234253,-0.7984760510743476,0.6036712109565237,124.816887,24.73492886544192,-29.91169148262147
0.250977,-0.750292545484256,0.5975410580995717,124.328606,24.507846411838223,-35.653591297029536
0.249634,-0.7709867109899489,0.6193021539135005,121.093742,21.473550871765852,-40.58896256738164
0.269775,-0.7701019055092323,0.6297464714240559,115.356438,15.684746416764522,-47.125613324640035
0.218262,-0.733719669979695,0.6279813643810519,109.436028,1.8144935085469038,-45.790732628699494
0.124878,-0.7181510824672904,0.6627063721257394,103.637688,-13.04260722811096,-47.29486017420663
-0.045288,-0.6962881340412593,0.6019812827217648,92.529289,-29.723852057743184,-46.889470154786764
0.045532,-0.6593006193506793,0.4266636281344013,80.749504,-39.03723471567449,-49.95713581564708
0.287354,-0.6475278276727683,0.47237135503159555,75.195313,-46.22216309717748,-53.14531108184696
0.496338,-0.6320794227738932,0.5583917860237757,71.594238,-41.20067780475486,-47.177800415694
0.520264,-0.6571882975538526,0.61854453103416,67.565918,-28.064044719479508,-35.56494667753359
0.482666,-0.7065702102561454,0.6497495258725368,66.101074,-18.742954463794625,-27.97162167181955
0.390259,-0.6968168905794727,0.7160494163723304,67.626953,-11.409644930012476,-25.62495773691433
0.300659,-0.7416486101169689,0.7179361334447293,67.565918,-6.5841803619486665,-30.84781656964289
0.182007,-0.7056786983492211,0.7557629169112154,67.749023,-11.736333474459627,-35.72279240565159
0.130371,-0.6624776524616611,0.7223521146427734,62.255856,-24.610313824707873,-40.03805415510676
0.154663,-0.6162795860742734,0.6754629732658352,57.067867,-41.320013639666506,-40.87721684417097
0.27124,-0.5851947313361497,0.6179754367913108,52.185055,-54.45125974080203,-39.16412102533563
0.427002,-0.5955950773827937,0.5286300789090457,47.607418,-59.28050499686041,-35.677276662793105
0.527588,-0.6177345838289212,0.484069620469731,49.316402,-57.86926752894659,-32.08169386632559
0.556396,-0.626777531618436,0.4917723508477275,55.419918,-52.179921610920154,-28.84734935488205
0.525146,-0.6193316622680917,0.5943547699390007,62.316891,-45.553970588516954,-28.11285237500126
0.513062,-0.5728242473638028,0.6877109885155921,65.124512,-38.56781230512103,-30.475651954998803
0.469116,-0.5584259719449733,0.748756643471236,63.781734,-33.38126442050061,-32.47402920724308
0.392944,-0.5566411550182968,0.7702673699475373,61.035152,-30.5670849239076,-34.02304509803295
0.329102,-0.5239905913675564,0.7341280432480962,58.776852,-32.47311789338491,-36.21843211149813
0.294922,-0.5228276561802307,0.7043363825567202,56.335445,-37.27840814324066,-38.491199449287734
0.325684,-0.5234393959839797,0.6796856551148673,54.443356,-44.79552566973599,-40.49841532846609
0.398193,-0.5267291019975519,0.6688172887544493,54.13818,-52.66602928405641,-41.20445222533352
0.51062,-0.5360956736852098,0.6874945502191279,54.687496,-56.66116932612687,-39.9876246683764
0.630859,-0.524920400653557,0.7091734674814824,55.847164,-58.15282737040445,-37.15180794133814
0.688843,-0.5090991691604223,0.7748069150447533,57.495113,-54.181635440882346,-32.60902258242589
0.72998,-0.48401196457952683,0.8131944553972726,57.556149,-46.36716921701864,-28.07031052868528
0.717773,-0.4845473735647141,0.8295854993914354,57.739254,-35.72415044818633,-23.40470670902718
0.693848,-0.5017186775334621,0.8630003808817662,58.28857,-22.581423475901452,-18.85612697393674
0.639771,-0.5023418851758247,0.8545853183012206,58.593746,-10.0364409298843,-15.838410725370116
0.590698,-0.5175187060373493,0.8464553789695164,58.28857,0.9985822816165391,-14.450428485172974
0.558838,-0.5178561560184904,0.8118124778855969,58.227535,8.999899821222883,-13.783301111655085
0.518555,-0.4946484112726879,0.8067322808605131,58.349606,13.518589861014576,-13.04851070343765
0.519531,-0.49279157564161125,0.784252193951447,58.959957,14.826881358647405,-12.383986655551759
0.517578,-0.4642179958784471,0.7740448718482656,59.326168,15.254751016828276,-11.99865785887912
0.526733,-0.44193283924900106,0.7966906895416291,60.485836,17.376387364727243,-10.32304525282755
0.489136,-0.4031366117484682,0.8177860699773289,60.729977,19.22201997582237,-10.24551668004185
0.538574,-0.3968314895439315,0.8495149763402318,61.279293,17.70857668336775,-11.50400562465683
0.45105,-0.3975774773820949,0.8263281773342173,60.05859,17.26328636725446,-10.033104178518197
0.453491,-0.3678536365042867,0.847559215308625,58.837887,16.50946240152012,-15.248116085382987
0.457397,-0.3526848479719815,0.8030074056993374,56.396481,12.089350266397016,-19.00238122600458
0.470581,-0.3419013415912085,0.7980912545487087,54.321285,8.995534883681914,-19.73383505650409
0.491089,-0.30566704259856786,0.8034882672883564,53.161617,4.398583019018595,-23.89114423852332
0.487671,-0.3301764384168777,0.8040010456239132,53.466793,4.780427857752929,-23.94776883294969
0.589722,-0.3140938663348485,0.8182410932792524,53.161617,12.739351742423244,-23.040209336155474
0.658081,-0.27640370730325087,0.8224072134374909,51.696774,23.20175565527093,-20.513661016576478
0.591553,-0.25381518102481804,0.8363068363664969,50.598141,34.888249337529885,-12.627206723863283
0.546143,-0.22488678172965235,0.833226401458979,50.47607,44.90536113829695,-8.62975829024976
0.474121,-0.20065857396442544,0.8476629085671752,49.987789,48.77709383625145,-7.389275237921351
0.41748,-0.19505098237180152,0.8510064525747116,47.790524,49.544413693422875,-6.820139086046925
0.391357,-0.21221802176000787,0.8647136709155631,45.227047,43.873074014979366,-7.696196161606093
0.418335,-0.2067889186256447,0.9000055883068929,42.114254,35.755028078972565,-8.755766295789508
0.463989,-0.21032287728389695,0.9172316250304623,36.987305,27.67269719748264,-7.206017152913698
0.46582,-0.2179978654490014,0.9459989171287031,31.616209,21.64478124890874,-4.302391169411447
0.461548,-0.2222529427203458,0.9588837807451676,26.611326,16.316816709599298,-2.2049963623974893
0.463501,-0.21537927993855838,0.9662939569888388,22.216795,11.165544866906044,-0.7581890769234847
0.484619,-0.2047090218731777,0.9563995089588486,18.249512,6.756765121337301,0.6955864717234875
0.493042,-0.2043510962165651,0.9438195441646078,14.892577,3.5925377940376007,2.1209029221648614
0.464355,-0.2241353116109212,0.9477680377038863,11.596679,1.7329706262120443,3.5283588909245376
0.4646,-0.23449500847971874,0.9460652256806064,9.216309,-0.8515219326893301,4.126247742989389
0.483032,-0.24564299765232092,0.9256309551918528,6.835937,-3.7365540087757805,4.671142353978804
0.498535,-0.2568221762576848,0.9299807950405571,4.516602,-5.77644538502439,6.0468022995186
0.515381,-0.2673740023090879,0.9209310029998011,2.380371,-6.9925388787360125,7.319814800800995
0.529907,-0.2617482839852624,0.8988677077032918,1.342773,-6.285180367357063,8.93198175582543
0.53894,-0.2602505981564386,0.884753349299236,0.854492,-3.824093820467546,10.791401717078784
0.548584,-0.26217509786447757,0.8780919619907425,0.610352,-1.1225754975980515,12.693217302883673
0.515869,-0.26853995977522543,0.8741193626078307,0.732422,3.4316882989848345,14.983697451919554
0.512207,-0.28743235178944626,0.8856620931765049,1.037598,7.4908590527884025,16.567112691561316
0.495972,-0.3172788892617737,0.9030829584223229,1.831055,11.461611158561226,17.94900764818815
0.476929,-0.3517709268417417,0.9131148864813792,2.807617,12.92191398817596,18.45440570550654
0.497925,-0.3696288083272252,0.944797223798099,4.455566,10.828735753674838,18.02334534407584
0.536499,-0.36396936867807606,0.9598019303882873,4.760742,6.925354065424486,18.01681806310808
0.533813,-0.34442398289192755,0.9642393656239414,7.080078,8.170052705457978,19.041989369384144
0.507935,-0.34913536685493096,0.9508894268168475,8.544922,10.24203353326312,19.5932661980328
0.506958,-0.336859663371516,0.9473523441224119,10.0708,10.022945212095395,20.48428549555273
0.516968,-0.3662344667606259,0.9466355736911433,10.986327,4.9881130878565365,20.216276412129393
0.5,-0.3652790881474645,0.9538693710829363,13.061522,0.22550598204245245,19.81033723908225
0.510376,-0.3754154484893226,0.9839380209365632,14.282226,0.5154470563518047,19.923438236555036
0.524536,-0.351595909960537,1.0014005352250528,16.540527,-3.8904355879519334,16.791446756224495
0.535767,-0.31325337985891616,1.0686513364872405,16.662598,-13.320553535937957,13.331337119161406
0.569214,-0.20222238037651638,1.1918533831339557,13.85498,-21.58683816804229,14.166907041353856
0.559326,-0.10207199638615842,1.2403775052546477,7.019042,-23.12422824094116,18.668029216640925
0.567993,0.017992096066178635,1.288445679690512,-2.990722,-23.989832921740877,23.225630749397666
0.594238,0.09798518701955827,1.3507681525612536,-20.629881,-27.478399049882654,31.411198769674687
0.616455,0.13667817055978504,1.3422212723260014,-44.616695,-30.708528611132515,41.997446548668
0.605957,0.1364549537017891,1.3125568417696212,-71.533203,-31.198522305828998,52.50906615786023
0.650391,0.18320175547099796,1.1964737761039081,-98.510735,-33.61486759744111,67.26730094941485
0.688232,0.19428838930837014,0.9880799798427045,-125.061028,-23.497120304118486,82.99608693043663
0.522217,0.31378760456478,0.8397066769405238,-131.164551,8.338315453474282,110.17743204339168
0.153442,0.3014614575087893,0.5792137917156984,-134.70459,28.389118869862934,135.65269703524103
-0.279663,0.144163570531379,0.10400683889362335,-143.310547,38.635187367740265,133.43086148368246
-0.316895,-0.0959203971258824,-0.18499387479917548,-138.000488,47.724207758743525,99.4588623092304
-0.179688,-0.3181245837974371,-0.19578923262709674,-134.399414,32.31985664448203,78.21162757216426
0.167358,-0.6910024207675703,0.32104305424406493,-143.371582,-17.85339789359068,63.29101065661767
0.844604,-1.017520645136392,1.137341162077246,-168.334946,-68.9996756707626,68.65114115254609
1.015015,-1.0403717643421773,1.6753598191924457,-218.200668,-146.4306294295554,95.84062651440772
1.162476,-0.7603167039689713,1.5288947363591645,-284.545898,-171.1330373025312,130.84015183642785
1.114502,-0.19488196777550254,1.70767857614012,-331.176727,-100.26975317242739,140.54630831564876
0.736084,0.15093446537771585,1.2473068891901236,-385.986298,-18.317022324758245,136.2178395150777
0.167358,-0.06622847540101334,0.7720801787062386,-402.70993,39.64147151191205,123.5060903166664
-0.070923,-0.4851272880980511,0.3696158253952751,-369.20163,63.628551120673656,105.91985352536011
-0.001343,-0.5590801012448751,0.11486684472475128,-319.519043,56.99776429685894,70.41556658051528
0.065308,-0.6291272696835459,-0.1282857527417872,-270.202637,57.07250272426445,48.55096636547978
-0.079712,-0.7099599705080903,-0.2870684701968354,-222.167953,69.40753103108143,41.86329174786375
-0.193604,-0.7093234183130046,-0.43198148843295847,-176.208481,85.4583475379691,33.78558222620236
-0.133423,-0.707695749030308,-0.427852112123373,-126.098625,93.80142517386136,25.836229930337012
-0.027588,-0.7417892478434787,-0.2914409946744043,-79.284668,90.97954497316903,22.859587691810408
-0.020996,-0.7691308909733853,-0.16871432733614064,-38.452148,89.33470037781066,17.42548925974522
0.020508,-0.756474924745366,-0.07810406843111803,-4.638672,95.42895890502852,8.521819395553187
0.045898,-0.7565954663657262,-0.033129739145204715,24.353025,93.48980945627576,-2.975914789993365
0.033569,-0.7427440317030359,0.009226016340741017,49.316402,82.84635445562883,-10.802406347728667
-0.033569,-0.7039647246996367,0.010733880172828746,70.556641,63.41712451666761,-15.901675069986707
-0.091797,-0.6334268692298997,0.06903436560588912,85.998528,42.513369671871104,-22.128617248740213
0.014404,-0.6112295537709049,0.22503894914885392,91.796867,25.552049132367504,-27.164587352895147
0.155762,-0.6263363704671724,0.40842878158867424,91.674797,13.032042537777222,-28.566504960982293
0.304077,-0.6575284108069748,0.5136194228284733,87.646477,5.606975634982719,-29.689813884314447
0.402954,-0.6903092990068467,0.5744025130495826,83.740227,5.8646803984596945,-32.55728220877547
0.391479,-0.6934281509623845,0.6244258977059554,80.078125,9.39986017233682,-36.08637452543411
0.358032,-0.6974710120045303,0.5355821257261824,74.21875,8.621353973727308,-40.80991997728768
0.334839,-0.7042285353270151,0.4515896598286623,68.664551,6.545303779981532,-45.204470405685235
0.336304,-0.7098029592599139,0.389001821370889,64.63623,6.2511453219997675,-50.21447673949269
0.27063,-0.7010244822965737,0.3603052220740367,61.584469,2.5417287969180715,-53.7814525365897
0.211426,-0.6698423510001003,0.33952524784860755,58.04443,-5.986477635039293,-54.975321595886406
0.190552,-0.6731943224113489,0.3374466048638284,55.725094,-23.664727289919057,-54.18794034231957
0.217285,-0.6969675133202666,0.34081561644115427,53.833004,-45.645912460365636,-53.60149263166122
0.218262,-0.6725684335854332,0.46535246676302977,53.527828,-67.60605548279864,-54.18889237072835
0.259521,-0.6644052219821319,0.534347178280071,54.626461,-83.17384574700321,-55.880309202678745
0.345581,-0.6701876632533971,0.5495652648202497,58.471676,-80.01687912640539,-58.67039436495894
0.420898,-0.6884283396205646,0.574981941032301,64.453125,-64.77838026841674,-60.383783031700844
0.500488,-0.7006759597958289,0.5734417653791829,71.411133,-38.85111647836959,-59.09687286557447
0.472046,-0.7514316258763107,0.5906465152677056,78.674316,-12.54186753667019,-56.81295793128187
0.534546,-0.7635760200028413,0.5695400080886509,84.350578,8.304385035816905,-57.28964104853719
0.560547,-0.7752216715926527,0.5786430576902254,87.280266,23.596176660904582,-57.19630836641952
0.52002,-0.7705994957911178,0.556650574864048,88.439934,29.44450379640504,-54.863579625756124
0.428955,-0.7083081170413805,0.5611882974709059,91.00341,26.011972451593067,-50.51068925291232
0.281982,-0.7134747032193461,0.5237107612089575,91.308586,14.439900570158828,-49.20441520904594
0.173096,-0.7069287910912105,0.46338496248726035,93.078606,-2.072202743472459,-52.921641884671814
0.21228,-0.6222005514264527,0.5557957950953013,100.524895,-20.92154659458396,-57.79470791739158
0.453613,-0.5517191676006133,0.6158216871336103,100.097649,-26.359277349615585,-56.83224802524897
0.64209,-0.5666926128672337,0.6437975925139108,93.994133,-24.37454290516556,-48.05345085088882
0.763672,-0.5932131729520135,0.6704817377089435,91.552727,-17.47881852322184,-39.710229600359035
0.813843,-0.5826033460834756,0.69044946952354,92.77343,-11.156159229608376,-33.38932763212718
0.756958,-0.5697000867758748,0.7290434259058651,93.078606,-7.18118858170721,-27.11052815032525
0.641846,-0.5689484609205382,0.7943754851461309,92.529289,-7.332907470160217,-24.844141350794423
0.570923,-0.5580502788085074,0.854182538130315,89.355461,-7.163329084833267,-25.805868164499287
0.502808,-0.5499800791830143,0.8667620242487815,83.801262,-3.9002299035837966,-28.143401319156567
0.490601,-0.5211913266015491,0.8272143201839034,79.040527,6.749172067715508,-28.434810229741885
0.559082,-0.5130176255217731,0.773124929092318,74.462891,19.329434594890845,-25.96866325335282
0.579346,-0.5090283746016625,0.7266018653701555,70.800781,28.848559379685025,-18.09251316401912
0.578003,-0.49610098509324185,0.6814070725451233,68.969727,30.00905629149696,-12.371959932494745
0.580811,-0.47696410109645376,0.6459840015335145,67.626953,24.751943984384614,-9.270441876064819
0.532104,-0.46973006436677345,0.6492426855614061,68.54248,17.210586712971605,-7.62530448988119
0.486328,-0.4582289649291985,0.7710097457736286,71.411133,11.815252740947443,-6.903277184878129
0.488281,-0.45613077424296633,0.908844106412927,71.105957,6.4585363126071496,-8.157693635481039
0.505493,-0.4569366035447123,0.9605151752632658,67.138672,4.7930815145224495,-9.257055604720767
0.509888,-0.45280143348134827,0.9518231892101789,60.913082,4.715259513400101,-9.518683976237147
0.509033,-0.4396452366313785,0.873697839204916,55.419918,6.140283520312578,-8.461717457900777
0.484497,-0.4361884199512632,0.8154288725894003,52.001949,7.321390287554485,-7.075898719586357
0.47168,-0.4393114282843572,0.7312100954197487,51.635738,6.1687416337104235,-7.217165213279911
0.470581,-0.43567255866752874,0.6578514965446903,54.504391,5.012462626515428,-8.040816062892874
0.438843,-0.454859845148887,0.6408331117070423,61.218258,4.591707453271974,-8.11500655220836
0.442383,-0.42733768494563573,0.7469555225482335,70.922852,6.168595411945974,-8.270795617761575
0.46167,-0.39971118250647864,0.8419418704092774,76.782227,12.292191526412058,-9.608131447954154
0.451172,-0.3552400043639563,0.8870931589802146,79.223633,18.79778067099243,-9.94846112079508
0.419189,-0.3410705298410619,0.8742211070169476,79.223633,22.467843909744293,-9.673190345862126
0.41748,-0.38082048711257555,0.8606423068890702,79.345703,22.67284965644981,-10.132856838422452
0.385376,-0.32733602119554567,0.785784529079613,81.29882,15.452641120140445,-12.769461847637025
0.418091,-0.2946967940039998,0.7743109621390906,82.153313,9.480762735671437,-13.698512005815699
0.479858,-0.26749435212518075,0.8653791469559049,83.679192,6.072473105392651,-12.997974551037515
0.541992,-0.21357772787340132,1.00107012129942,83.374016,7.621195394197703,-12.29105505224827
0.602417,-0.16548040816596615,1.036200847892543,78.979492,13.335222329562068,-9.54817010216168
0.611816,-0.16589602961211675,1.046291983002802,71.899414,22.153368851021032,-8.241200219040365
0.591309,-0.14885756417348994,1.024877345006872,66.52832,28.486189427969155,-5.1412990014259305
0.582886,-0.1304443127707839,0.9724695808608914,60.729977,30.29668729486279,-3.4585709256291897
0.536499,-0.118655764316531,0.924594307845046,55.664059,31.039325613751746,-2.397972257974558
0.522095,-0.10937716493422592,0.881111924613412,50.781246,31.484909531849866,-1.7616137063094384
0.480957,-0.12948331931688284,0.8594687186138202,48.400875,33.98490838286401,0.22862168598212693
0.420654,-0.11987239967278772,0.872443757287934,48.034664,33.30615455394371,0.9146354104447159
0.379272,-0.10794717925002634,0.8891727003169646,45.349117,30.180689369773177,1.4171361928499242
0.405884,-0.10300255616236864,0.9567316980857371,42.724606,20.04380092553744,0.5593807548258395
0.405151,-0.0993018522900183,0.9708954985237964,36.315918,14.72643303313639,2.5966674733383415
0.435303,-0.08631367902353833,1.0090078839148986,32.104492,6.452888679137942,2.067468857340148
0.443726,-0.09257517730503656,1.0367845765234651,25.939939,0.371539650547083,2.110744129390237
0.458984,-0.10173094871340338,1.0500451514324851,18.920898,-4.02315815807085,3.1331647298139242
0.46167,-0.11935271164079776,1.048052897600588,12.817382,-5.967661000796597,3.9678551781559963
0.49353,-0.13806544503035179,1.0339695072029786,8.056641,-6.964814017424095,3.2962156605249366
0.517578,-0.14689894806563467,1.0236112198384746,3.356933,-4.896317321205438,4.218738537735849
0.485229,-0.1374477557362188,1.0023463408697997,-0.671387,-1.5725231947812093,6.106323995209974
0.50708,-0.12998936160418412,0.9860600520976076,-2.685547,-0.06982572542269426,6.371290102900212
0.49231,-0.11234221470828215,0.9640094487853519,-5.737304,2.013046336083424,8.969719014499344
0.495239,-0.10222814392079607,0.9319537405088887,-8.178711,1.3768343534791079,10.468931367463624
0.475464,-0.10621058021171317,0.9200960527836706,-10.131835,-0.4545673181256779,11.013679756688589
0.448608,-0.16288441079187754,0.9392314551408416,-12.08496,-4.838519303647509,13.029623194037018
0.464844,-0.18260029807484382,0.9870716269491177,-15.075683,-7.6564755490040675,12.842625309233577
0.510376,-0.23199789541815477,1.0092264050501984,-17.089844,-10.414177657742902,13.719855460627949
0.555664,-0.24055738403637894,1.0359784897277424,-17.211914,-15.34621495750398,15.32927385306369
0.577271,-0.1994081040595157,1.0458367564306532,-19.40918,-17.1102481812018,17.249389570651374
0.546875,-0.18377031685129772,1.0154983206728476,-21.850584,-16.200927246146787,21.934026657611334
0.543091,-0.17902799450389534,0.9935270229243455,-22.644041,-22.359511883049915,25.930192395296615
0.490234,-0.22511438928274777,0.9280108668306937,-22.583006,-30.47304915031134,31.87478921757078
0.507935,-0.28277152604761857,0.8957801531389836,-20.996092,-43.5619017130777,33.34744781544284
0.532349,-0.341262814760273,0.9160837040041131,-19.470215,-53.80840487993605,32.408386765654456
0.523804,-0.3677676245143252,0.9560331133852479,-15.563964,-59.68504344320669,29.88473931292329
0.595093,-0.32532407037120425,0.966987785297266,-10.437011,-70.93567524738302,29.01652649901968
0.656494,-0.3302291126900502,0.9336475200936069,-8.605957,-79.74626728650709,31.18158434073319
0.720093,-0.27552371721417424,0.9467642854657561,-6.835937,-89.65273026963017,34.64085214750638
0.733887,-0.24532385976103446,0.9793586168104859,-5.859375,-93.8909047758012,42.508312265149165
0.798462,-0.18206069664443855,1.0536061364558114,-7.568359,-91.57746665004943,50.47739789701736
0.81311,-0.10119996004536326,1.1025713475924435,-12.512206,-78.89049009345115,57.61061484994002
1.003418,0.01370207976948461,1.1532000410319063,-22.521971,-64.39403186479286,59.051151390896464
0.933105,0.03189323025684934,1.2292919075942799,-37.963867,-32.27635730222791,81.81993097260126
1.008789,0.12784215998912646,1.2123712008350884,-58.105465,-4.34650333643963,93.19029661951326
1.028198,0.22485275917538675,1.1015563886007904,-76.477051,34.835296516870805,114.91154229087282
1.01416,0.365145257142287,0.8823537445035823,-92.041008,82.77979230077548,145.98696104994457
0.772461,0.5060929038552741,0.6854536922763901,-98.57177,128.32783347153142,182.2177180037414
0.113647,0.3203948526873437,0.39872958057241664,-110.900871,180.76501046191257,205.0366937455981
-0.581421,-0.09886069232346713,0.1775473643463196,-106.445305,216.35262041520684,187.38875044810712
-0.93103,-0.2895118546521331,0.07426809324253685,-100.219719,215.76279946567357,141.1740601252213
-0.711304,-0.2633972709097659,0.17642381812353847,-105.346672,167.02743325841422,92.79164905658054
-0.279663,-0.4783119672286569,0.408995560100415,-121.093742,91.18968684327699,59.27697336236288
0.551636,-0.42464259855956726,1.105657000840938,-148.925781,21.70064028737817,66.73277747773184
0.626709,-0.4268775436308771,1.5597993494294926,-224.8535,-75.88442797033422,113.6718004374467
0.901001,-0.505923749064517,1.492809391924335,-289.0625,-93.33486591583669,125.46923827822052
0.898804,-0.1670267315593499,1.3120968112717906,-312.072754,-57.74970710288636,115.56792912390276
0.496704,0.030805672127650452,0.9859034373531536,-332.519501,18.757447048695138,106.62263185532434
0.101807,-0.17728044379963473,0.4908324213733283,-343.200653,70.5663350741517,86.25702451106454
-0.094727,-0.33796002287266674,0.15993056251044244,-322.4487,95.18629356316747,68.59644759039185
-0.104004,-0.5919338422406383,-0.09247412271676353,-278.015137,96.82820213867755,52.9579460444195
-0.259399,-0.7688908797328137,-0.014721147397533024,-225.707993,94.3514191329336,39.939946525009816
-0.325195,-0.7153546378945822,0.02471545402599734,-174.194321,93.66349641634166,25.564003115944907
-0.25354,-0.6702019398193517,-0.009219409057962183,-130.187988,102.36634067831777,11.356462699459884
-0.157959,-0.638865473441871,-0.14053892733294296,-88.317863,111.34896838028455,0.48302061277858527
-0.140991,-0.7241523510861644,-0.1861934327369806,-51.879879,116.79597497887264,-10.022216778754402
-0.163696,-0.7341460359898957,-0.14990247674178905,-18.005371,113.15638568496591,-19.960485459526705
-0.110107,-0.7710837854627857,-0.07187930228779738,12.451171,103.55261749515226,-26.302139275506917
-0.09375,-0.7885861623712502,0.07167231345913194,36.499023,88.9921303507282,-30.54291728095814
-0.034912,-0.7767402360462846,0.23155328823569338,51.940914,72.09455775385817,-34.88590267618799
0.030273,-0.7861716052686984,0.34690195357080034,64.208984,57.29015157379622,-38.79782979376526
0.117188,-0.7843051424454561,0.39396200943062115,73.608398,45.735063480968385,-42.50867587405104
0.167969,-0.7987033586201902,0.4439796660229249,81.05468,33.86186371992348,-45.46991525570803
0.175659,-0.8043733534355236,0.5478440145925573,86.730949,22.34553661176888,-50.10357619287039
0.144287,-0.8146906865945848,0.6527491735766842,90.026848,9.089418168097822,-56.469475315318455
0.092285,-0.7885929036804076,0.7374244131746002,89.782707,-10.863504224766242,-64.57399072783227
0.039185,-0.8033845714158638,0.7974132319794729,84.106438,-34.74041931976655,-68.35029811694432
-0.027588,-0.7668649755262039,0.8173628731305298,73.242188,-58.90409086832108,-74.7182135917842
-0.119629,-0.7067108389230985,0.8037994707721635,65.124512,-85.81411968085564,-75.00085399891935
-0.113403,-0.6696978991760054,0.8160274711106512,55.664059,-103.51734331754676,-75.82927103853564
0.068848,-0.5840544628661165,0.6804008242375754,45.166012,-107.22342291761419,-80.82112346232473
0.348999,-0.6239203200145281,0.5978845836856548,40.771481,-91.3302573240674,-78.51454409621977
0.513672,-0.6393710291785536,0.44790303953328675,33.630371,-65.58985602994454,-73.35604919038514
0.636597,-0.7278867208753744,0.3207375210094615,34.179688,-34.57692856530626,-62.247751855305644
0.646362,-0.8015407946507158,0.3272109715805673,43.823238,-10.522148509014132,-50.69299135900715
0.5271,-0.74798727330852,0.39255618356928895,56.213375,4.766894379836676,-44.9602618809417
0.342163,-0.6767784413617839,0.4969626360843584,65.307617,11.898830489879744,-41.47154675026039
0.231201,-0.6154612680584989,0.5562398048771992,69.763184,2.232350769365778,-41.130776268862434
0.216919,-0.5805595585227644,0.5923906354829158,67.443848,-15.718416637682703,-42.31272984751431
0.255249,-0.5896486623723972,0.6284694473842325,63.720699,-37.51957317130656,-43.8017464587362
0.353027,-0.6072964076130172,0.639984894093856,60.363766,-53.76249397838295,-44.124765441034086
0.451294,-0.6205528736781011,0.6603310365406512,59.265133,-62.85257996839207,-43.18654564110552
0.528809,-0.6259466723346695,0.6726424512868288,58.654781,-58.76538959283582,-43.519470355095635
0.538086,-0.6397588312561447,0.6560763182761375,60.363766,-43.11279840509882,-42.30891435381565
0.477783,-0.617644672710863,0.673363025534437,65.917969,-22.991324828274923,-42.541535168091876
0.457886,-0.5843270381568342,0.7093584230280637,69.641113,-6.677699342869991,-42.26802154489234
0.42627,-0.5398502516191864,0.7411233160592784,69.702148,1.3909883240437824,-40.22553060859457
0.40271,-0.5251835637328097,0.7458174744975514,68.603516,1.3876513990295005,-38.80065398190248
0.382446,-0.5441292133078491,0.7351627274250111,65.734863,-7.423234242079421,-38.742856137992725
0.385986,-0.5429930715933244,0.7188776088192251,63.110348,-21.442161557264658,-38.67372607817679
0.427002,-0.527453940825702,0.6968269515277353,60.05859,-34.62306202003808,-38.08496684790394
0.510254,-0.5031184277898525,0.6656673851911831,59.265133,-40.0892499036598,-38.36705902673402
0.58606,-0.5114570874165129,0.6046991476192252,59.692379,-34.67257212952703,-38.155673379281126
0.564697,-0.5328522909343191,0.6198917188114773,65.673828,-17.513951297807825,-38.105029750051635
0.523315,-0.5248213195164213,0.7114218304255516,71.289063,2.5368151101275034,-38.2881425981026
0.535522,-0.49230946028490447,0.7969802806412377,74.035645,20.169330536040984,-37.41021168341452
0.514648,-0.46655959867225366,0.8695715212418043,72.814941,29.800969808931004,-34.038526603228696
0.499146,-0.44862397686391514,0.8894672704196626,67.504883,30.363431299617286,-31.956094365471856
0.474365,-0.4389189882989353,0.8562244914901926,61.523434,23.942781421871757,-31.04299650800511
0.429688,-0.43812170606984496,0.7947601567419245,56.640621,13.561975100454054,-31.57190186931483
0.424805,-0.44062109377451164,0.7231695199861184,53.833004,1.9718973267332436,-32.62391723094833
0.439697,-0.4549306757753087,0.7403547697068081,54.565426,-3.5154881372326323,-32.7857919577527
0.485352,-0.44756115515509814,0.7526868251651773,56.579586,-0.6516529468976302,-33.21047305594742
0.527466,-0.427164251216902,0.8247058410410971,59.387203,8.08155807330932,-32.47626967805146
0.55188,-0.4003447238887105,0.9074013334327166,59.93652,19.300536020232325,-30.37410804352278
0.54541,-0.3925339945836165,0.9411300676028947,57.373043,27.27383428538235,-27.79064268598852
0.557617,-0.36203310781430226,0.9523336993482472,53.405758,31.103173328400818,-26.309727510383777
0.571655,-0.4112907830383636,0.9638532009225728,48.400875,32.13575289524731,-25.136028830064117
0.560425,-0.3552064027075762,0.9220541295463858,45.104977,29.112938283405608,-23.809730628985143
0.509521,-0.36022256582385953,0.9069140704450863,42.907711,25.43953533886438,-22.660126282978286
0.524536,-0.3746906392832203,0.9003967023893034,41.320797,24.34714163279762,-21.7371635820181
0.525391,-0.37010782926979646,0.9060392215413189,41.442867,23.809949521874852,-20.096536196683953
0.516357,-0.3480289033115031,0.9228231727307201,39.978027,26.066029337251102,-17.77744991651845
0.544067,-0.3143608513865304,0.9343374970520747,38.696289,29.156506983792347,-15.621120617782774
0.562256,-0.3165327817546667,0.9283767887488639,37.29248,32.413225453134864,-13.00164364932355
0.632324,-0.2972719473956716,0.9140477065802337,35.461426,36.50085825956728,-10.173675470468211
0.635132,-0.27973077986738054,0.894705852125595,33.996582,40.945798444952345,-5.857238328265974
0.52124,-0.25206983164362395,0.9325541256973533,34.545898,41.83754740262354,-0.37000128640954105
0.470215,-0.2497267357442424,0.900987431008072,31.799314,43.54902719380295,1.171313089121443
