0.082031,-0.5658096661890547,0.8405429181767164,0.0,0.0,0.0
0.087769,-0.5587936869759715,0.8478543066003734,0.854492,0.26859646104117085,-0.8203131134391055
0.082642,-0.5491135497244907,0.8449744939688826,-0.915527,0.17669287026436747,-0.6505885063477062
0.09314,-0.5615379077584639,0.8430315085228112,-0.854492,-0.16275732872618406,-0.8343958615494906
0.088379,-0.5620267359869928,0.841582612404039,-0.549316,-0.4632970195594377,-0.8873891178171738
0.091431,-0.5575358695423424,0.844233719451352,-0.427246,-0.22634920151776827,-0.473748429511137
0.087158,-0.5638159371631547,0.8376725177566908,-0.12207,-0.5303720391297531,-0.15549546356838762
0.090454,-0.5598151348031488,0.8283374288189157,0.12207,-0.5515692721775551,-0.03527998115818739
0.086548,-0.5628392538033744,0.8468931999231429,0.305176,0.0,0.0
0.08374,-0.5630148871853867,0.8485975950988938,0.305176,0.8025998383296097,0.01756687969686931
0.077271,-0.5591964967689247,0.8480310444590823,0.183105,0.6540726379341903,-0.19455317829788735
0.074097,-0.5585816625510401,0.8466518563339455,0.12207,0.43483792135383903,-0.3571633004518696
0.078735,-0.5530321914444946,0.836970429247115,-0.183105,-0.2758583261989673,-0.5444547872401382
0.078735,-0.5604652555872558,0.8313218770034336,-0.366211,-1.085572649465994,-0.8731599742941621
0.095093,-0.5590423534921845,0.8380176857393401,-0.244141,-0.9052494258506937,-0.8413641247224588
0.093506,-0.5612963248313793,0.8515031624161983,0.12207,-0.04602499309471492,-0.44195240629125604
0.08374,-0.5551941652356819,0.8513393019003964,0.305176,0.40304207178213575,-0.17684007683656924
0.083374,-0.5534050837284636,0.8531423652272181,0.305176,0.5833652953974361,-0.14504422726486596
0.077637,-0.564897016738075,0.8416959146986653,0.0,-0.05662360961861601,-0.3818446650861559
0.079102,-0.5589235507609007,0.8317176032072585,0.183105,-0.48797739938597096,-0.3959274131965411
0.081055,-0.5579398495017017,0.8380882048925509,0.183105,-0.6153083515413411,-0.7282631272496757
0.0896,-0.5594734859311754,0.8390576193045498,0.305176,-0.3819910604987824,-0.9970058100552952
0.086548,-0.5641550720541382,0.8395958472983236,0.244141,0.21197285142255487,-1.2021577785252615
0.094116,-0.5656895736224213,0.8426721193826713,0.366211,0.8413641247224589,-0.9052494258506937
0.090698,-0.5664388412333735,0.839193157174314,0.427246,1.2904310159511319,-0.6401361115882539
0.093262,-0.5624297311385991,0.8354372714934155,0.366211,1.38944926531353,-0.49872339613025146
0.093872,-0.5686544315922103,0.8250434582248017,0.244141,-0.07085373794938066,-1.00412046864089
0.104126,-0.5738691520572577,0.8504021875989525,0.244141,1.1170750707010468,-1.4144242319326443
0.077515,-0.5647386449484548,0.8632915011546117,-0.915527,1.6404798314655844,-0.5164364975915695
0.064453,-0.5695590487139707,0.8765722106438446,-2.13623,2.7402816244545902,0.978999106609149
0.067505,-0.5690925640190478,0.8781420644680596,-4.760742,0.18410095718661268,1.7678097988132018
0.108032,-0.5831857913246623,0.8786322482216479,-6.652832,-6.318149466412149,0.6832641770661411
0.129272,-0.5792980519213956,0.8706409411738435,-7.507324,-7.226589595512676,2.3204070835174435
0.109619,-0.5758386916382428,0.8805471503595687,-8.117676,-6.975412807596173,3.356324386537789
0.081665,-0.5716700395874421,0.9047091035521264,-9.94873,-5.794158660133886,5.795772718174297
0.058105,-0.5753741968807589,0.9102541247194772,-12.939452,-4.156869358269957,7.757842266948735
0.053345,-0.576101974386439,0.9150841260551111,-15.380858,-4.623649524608126,7.241699371341995
0.054688,-0.568684235877865,0.9180035555230756,-17.700195,-3.714916951978701,7.711817273854022
0.068604,-0.5882941077255585,0.9118183701485668,-20.446775,-4.485720940736607,7.5139271705418516
0.090088,-0.5929393028056024,0.9128585430516638,-22.949217,-6.504707527466313,6.662110824708118
0.099854,-0.5899998584263686,0.8989984055797123,-23.742674,-6.28562019110634,5.771091353540012
0.096313,-0.5988335468203045,0.8823180394458757,-25.573729,-3.9660937398952045,6.675899970833675
0.06604,-0.5884312583698413,0.838786028821585,-26.672361,-4.638025874703339,5.565793163305597
0.052734,-0.5935892678531038,0.8666334142315401,-28.747557,-6.395530658977468,3.5825263814833557
0.067993,-0.5937235815772279,0.8638822952185724,-32.958984,-16.896552462805378,3.032423787125834
0.058716,-0.6034771109697401,0.8488999978516997,-31.86035,-20.42157442871563,3.3405177866457816
0.082275,-0.6258342323243522,0.8681369774154242,-34.301758,-20.046404424817617,6.133646271955428
0.116089,-0.6254665894286778,0.8716725309366229,-35.705566,-19.597630961925592,4.291498603606361
0.10376,-0.621208657081085,0.8285436891121161,-35.15625,-13.039194782841985,2.5969988354505156
0.075073,-0.6204639230106094,0.7919845960549261,-33.996582,-8.920503491802975,-0.023507303991328887
0.044312,-0.608193791854658,0.7505173005750452,-33.630371,-7.439149650904888,-0.6919551335648018
0.009033,-0.6024902971403159,0.7287154834479462,-33.508301,-12.396455171973553,-2.80559717537962
0.014038,-0.5985770540995979,0.6987883505765153,-33.874512,-19.49630200410827,-4.367374547064726
0.011719,-0.5945300417002398,0.6589691639871407,-32.592773,-22.79556000285491,-7.800051766344794
0.007813,-0.5925034204201636,0.6439570148009933,-31.188963,-24.96351477218524,-12.024877761299125
0.035034,-0.5924811308657916,0.64594407322383,-29.235838,-26.5515885513528,-16.023500950148314
0.067505,-0.5934149653944468,0.6449112232477485,-28.686522,-28.52121356726986,-17.858239546767383
0.084229,-0.5763964787994275,0.5786223758900283,-26.245115,-27.845943696287865,-18.173008207475473
0.12561,-0.5569262897330963,0.5996569004323449,-25.146482,-27.403991116348433,-18.21903418537794
0.146729,-0.5844882650227028,0.7180068147801598,-25.878904,-26.435444404498735,-19.845577664145765
0.024536,-0.5722777180808746,0.8048200419945734,-25.085447,-24.976021222382556,-25.66196041139821
0.033691,-0.5810572634532496,0.7800928279975538,-22.888182,-21.632204097201665,-32.32363141235705
-0.024536,-0.5217435954145042,0.5653277746280878,-15.075683,-21.048985197216858,-33.522305059295824
0.039551,-0.4834230369484303,0.4253240993590143,-13.305663,-27.622678011405622,-39.8254944470109
0.179932,-0.5172831640767745,0.4043547788919042,-13.366698,-30.88739293009597,-49.07788890507897
0.21228,-0.5425585447329448,0.4373317493817125,-11.840819,-33.21432335535017,-52.40109611774858
0.230835,-0.5683287687977377,0.5209186700789745,-5.615234,-30.258441480545347,-51.94187095468982
0.283447,-0.5756318494866262,0.5335138525489344,-1.403808,-21.78322633524016,-50.4474618572635
0.286011,-0.5373414003338035,0.4780411644882761,5.371093,-15.139562211375637,-49.46193431123066
0.197021,-0.5246725503172631,0.4561038094914127,10.742187,-12.950997239318985,-49.57184477910179
0.125244,-0.5117157219756328,0.4184760895056692,14.831542,-23.304226079645154,-55.17797887400965
-0.127197,-0.5652421937802807,-0.31695757464912466,17.089844,-45.347134034145,-66.19206133183157
1.185791,-0.12085263580450435,-0.07733675911947585,53.894039,-28.905479383336587,-85.97643810228595
2.307861,-0.6323402393152774,1.5805899831884604,-76.416016,-73.77115819010339,-46.28934535157462
0.369507,-1.426316871611417,1.3798527380726613,-13.061522,-251.84596145830272,-127.39406130412034
-0.518799,-0.5135843615202378,0.7629844599065236,29.235838,-58.41493923464398,-65.8932452025649
0.842651,-0.3380394727070679,0.35229217126261475,31.738279,-68.9307762275086,-71.28014423359606
0.908691,-0.49272775646899414,0.5807323523336991,-6.774902,-115.96385653709929,-57.2617297035004
0.648682,-0.5283075389620845,0.7108071158766107,-15.808105,-130.7570808358987,-57.019245261267976
0.658081,-0.4383236478032695,0.7115509551862292,-8.911133,-137.0254290813971,-54.158011947894
0.715332,-0.5953849361175864,0.7713683086971215,-1.525879,-130.62248952433782,-55.32213886576052
0.642944,-0.693949686330954,0.791174621841582,-0.732422,-105.47123260872975,-40.847065039598824
0.542847,-0.7203629411451113,0.7722626935918663,-0.305176,-89.66850392813976,-27.834459281416365
0.468994,-0.6739426723295282,0.6995061533491569,-1.403808,-93.35569503399878,-24.14624097419023
0.502319,-0.6987089406414481,0.6375015466904417,-1.89209,-103.0654490417551,-29.886819347734953
0.547485,-0.7351382356034183,0.648678468564275,-2.746582,-112.05027783208375,-34.8178296197771
0.617676,-0.7302502874298836,0.6624322019720752,-2.990722,-109.07697217127509,-36.21483516339283
0.648926,-0.7483427339430331,0.6827928049142482,-0.671387,-96.41511124151019,-31.75104407027855
0.676636,-0.7560048447652306,0.705860747209745,1.281738,-75.93893639214073,-23.802171384986647
0.640381,-0.7482750158868368,0.7098262630035284,2.319336,-58.234681788499664,-15.598343252884725
0.618408,-0.7273239957991058,0.701373959986983,3.662109,-40.33646514976137,-10.95496317304883
0.58374,-0.7272307084157488,0.7106866397014426,4.333496,-25.949482141967355,-8.542104039720025
0.5448,-0.7385228303089083,0.718487292760644,5.554199,-15.374125423026845,-7.359127546228401
0.512451,-0.7400208751445628,0.7262805572031206,7.385253,-8.341648370903204,-7.172715706938686
0.490967,-0.7178414764564126,0.7066405941982653,9.58252,-3.0451860791806356,-6.9825272925335895
0.513184,-0.7100507916846355,0.6912800715578472,11.901855,-0.17771989798330093,-6.7248218915452185
0.53064,-0.7039983791505383,0.6878854906533606,13.488769,0.44107177398494896,-6.367805971313728
0.540649,-0.6900677882150857,0.6855073835933057,13.671874,1.5195299385135261,-5.80578430437672
0.562012,-0.6647302978978445,0.6929502667324999,13.85498,3.715210380315352,-5.604556291242515
0.575928,-0.6511103338486844,0.6979543722769094,13.488769,5.574923943553535,-5.95838284032828
0.590332,-0.6397035001566054,0.7035603150273528,12.756347,7.413440100095737,-6.191992922196092
0.599609,-0.6320954009765498,0.6969693154926512,11.840819,7.890672834841537,-6.789589157083869
0.615234,-0.6071408252099361,0.6960395062066504,11.108397,7.816482171877873,-6.36883299903266
0.631958,-0.6027642575781403,0.6894970952776184,9.94873,6.462459283135156,-5.368049455406053
0.633545,-0.5960181839381795,0.6892000255143889,8.544922,3.5351797738771267,-3.529092316658643
0.626343,-0.591439482768692,0.6653406308112425,7.751464,2.9060822762102285,-1.7187416563372102
0.623291,-0.5778083559085151,0.6456799614044861,7.568359,2.984050325448848,-0.4034818955314127
0.625854,-0.5736381925960499,0.6332766687792447,7.324218,3.6771796933047853,0.5864094295864656
0.62085,-0.5697490436884898,0.6358216767900032,6.958007,4.663881473628761,2.3717862817447144
0.616211,-0.5715946625293155,0.6315289726196242,6.713867,6.7573523253069565,4.910106467330994
0.605835,-0.5696021036698214,0.6223363197820885,6.713867,9.75940952785013,6.864914150947636
0.59021,-0.5687022118928049,0.631295697427308,6.713867,12.77554930485551,8.388369029604677
0.572388,-0.5656567224562509,0.6189418585465455,7.019042,15.406215048231552,9.2860633356091
0.574585,-0.5644259495437852,0.618290687264976,7.080078,17.308470457785717,9.745435415025025
0.546875,-0.5730388693710057,0.6228462791090588,7.141113,17.13874585069432,9.65353182424822
0.5354,-0.5750386314885715,0.6285669336584218,7.446289,15.735066457050026,9.529979416823739
0.532104,-0.5673724118224377,0.6350009052180872,7.019042,14.052044779268456,9.23321728591362
0.538086,-0.5671379124844812,0.6421075921438282,7.324218,10.470251997167386,8.10583604221757
0.525513,-0.5646307707106446,0.6229651358195765,7.629394,8.22854737343042,7.4626567812480396
0.534546,-0.5598713425074555,0.6269034334440189,7.751464,7.3658397938957085,7.434491285027269
0.5354,-0.5595519292106199,0.6335285493785369,7.446289,7.726487225934062,7.4980831578188525
0.5271,-0.5603563129404108,0.6444193249622704,7.385253,9.717014888106347,7.105346100575789
0.526245,-0.5633827722734486,0.6503305912314777,7.568359,10.904943523108598,6.695043322091788
0.526855,-0.5613522931977988,0.6542832296823543,7.324218,11.760536617705888,6.412070510955404
0.530518,-0.5606655960121197,0.6581228051764918,7.263183,11.841841591958792,6.302453645069105
0.530273,-0.5643143861382351,0.6598352147698898,7.141113,11.201851875783165,6.065652048791884
0.524414,-0.5666405254728213,0.6596728177376152,6.652832,10.370940145820157,5.857163328955814
0.532593,-0.5590601505940854,0.6644801705120466,6.347656,9.833452636945236,5.390529384382093
0.521729,-0.5743249915391003,0.6765386541614694,6.103515,7.400972568481695,5.829291434719871
0.468384,-0.5656850271907163,0.6690136464499349,6.04248,9.879478614847702,5.832481964321527
0.546265,-0.5709081210802418,0.6845781251184031,4.943848,7.368883116925163,3.9023546605314183
0.515869,-0.585453546233579,0.6883354203035948,4.516602,6.799893186815187,5.723304922184505
0.521118,-0.5695501720120144,0.6874211220104345,4.02832,8.36618351377304,5.627623771484568
0.512329,-0.5737439147142014,0.689408072474803,2.685547,6.492092615631891,4.305543938885756
0.515991,-0.5843073282731617,0.6944869139748275,2.685547,4.833752476132786,3.517319292195429
0.515747,-0.5857995793550377,0.6952158616469138,2.075195,4.6923395870266065,3.6163385263655803
0.521118,-0.5929700068724578,0.6894887218531404,1.708984,5.148521136840874,4.192589163177422
0.528564,-0.5895895814357525,0.6991342640290304,1.586914,6.456812634473703,4.857113211063311
0.542969,-0.6008892116145804,0.6950338087102007,1.403808,5.763683266617766,3.867221885945433
0.522705,-0.6015815828850946,0.70036558130698,1.281738,7.213534686280801,5.486358262598767
0.529785,-0.5973040846799592,0.697897871010964,0.549316,8.214171023335206,5.78675057321164
0.523438,-0.5912728032443034,0.6925154205240655,-0.183105,8.779824202079077,5.390675953442898
0.531738,-0.6036885485159115,0.7045807484247295,0.12207,8.960147425694377,5.422471803014601
0.554565,-0.6204313536956021,0.7222051450020572,-0.915527,9.564856175904065,6.210842497821199
0.565552,-0.6297156450743144,0.7256502841277195,-1.953125,12.386589981183759,8.133855316673891
0.594849,-0.6339324971019062,0.7601095491224549,-3.295898,16.6827105226445,10.130911591918045
0.597046,-0.6360820182467269,0.7582429305626069,-5.493164,18.98118399295678,12.209565748807217
0.585327,-0.6578598969772735,0.769276871970717,-7.202148,21.219552676487215,14.27762181011702
0.575195,-0.6680939289519741,0.8076334739388372,-9.94873,24.73790015485751,16.819278920717583
0.603394,-0.6641963526407021,0.8178647165269989,-12.268065,29.804825496235736,19.014226457729837
0.594849,-0.671926402945411,0.858893730289051,-14.587401,28.10104525069971,21.998571022674913
0.571045,-0.6814762156477604,0.8371297793988738,-17.578125,29.36026877950472,25.753277319149888
0.578125,-0.6685547756297239,0.8482088803488735,-19.165039,31.55639020351176,29.115394923409934
0.578003,-0.6722938244147703,0.8103636472120167,-21.423338,32.99927237519407,31.477023223539604
0.540405,-0.67867975173425,0.8086182256954989,-24.719236,29.616103933298845,34.84698954963075
0.523926,-0.6765570897519396,0.8197763388921309,-28.808592,26.22523200652922,33.691296240653124
0.494263,-0.6794201672449498,0.8233616394749298,-32.714844,22.88779594055164,35.39595514887995
0.471558,-0.6792365851349998,0.8209153535944763,-35.461426,19.317188457999592,38.42298911400956
0.435791,-0.6732277129226596,0.8114388133642149,-38.269043,17.715912563027956,41.17750069314674
0.430298,-0.6685939496135676,0.7753176969972568,-41.442867,16.764785350654748,40.94781474026287
0.468384,-0.6693188180637653,0.747795703996569,-42.724606,10.21650993396127,39.42131671222455
0.474976,-0.6630163591312095,0.7092424032377047,-44.43359,1.066174093861797,39.29530720093252
0.447021,-0.6488564821784333,0.6823618642795247,-45.166012,-10.47787851311612,38.68524326078252
0.408203,-0.6549091340504175,0.6815423825429584,-45.288082,-16.283369505723055,39.272969207193555
0.379028,-0.6488282135116296,0.6836066847013033,-45.227047,-15.194018311526172,41.88214428918515
0.363892,-0.6585448731854484,0.6775544575258593,-45.959469,-14.794166769345694,44.18381025871459
0.389282,-0.6631222484519244,0.6585265276418742,-46.203609,-16.777728137960516,43.834054871536786
0.408447,-0.6472567043996198,0.5910423136068543,-46.630856,-11.877192448274913,44.512221843783784
0.399536,-0.6400398275049602,0.5704994183900809,-46.386715,-10.767084482290903,43.84028889781607
0.361694,-0.6368163760640572,0.5627626255915023,-45.959469,-13.168063287975322,41.99146755308662
0.327148,-0.647700319107025,0.5527860826112194,-45.471188,-10.59416934559785,41.45368644222687
0.286621,-0.6340282855750248,0.5244568211824447,-45.166012,-13.999122224510531,40.729348255120705
0.239868,-0.6239483968770645,0.49611357793406663,-44.799801,-17.747008275544317,40.19244795021544
0.258667,-0.632761885001078,0.47931289160618495,-44.250484,-17.075516138133636,38.14166534026586
0.246826,-0.632480870596173,0.46436459097018495,-44.067379,-23.10083026682782,34.35226806256967
0.233276,-0.6366677150678846,0.4613944296328673,-44.006344,-26.785417062247102,31.34746050147048
0.226685,-0.6452046927054218,0.4451390431774123,-42.480465,-28.896748221958816,27.504479171602302
0.216919,-0.6434947970930136,0.4361443132762609,-41.931149,-30.24758023380352,26.026754699247398
0.24939,-0.6524778855073736,0.41819776799479275,-40.771481,-29.614998430901963,23.845157005555954
0.246948,-0.6605866397614025,0.4332544423104499,-39.367676,-30.071180965523983,23.268906195095937
0.224121,-0.6501221876706343,0.42803426918688237,-37.780762,-28.777412039750814,21.203893630463764
0.246948,-0.6607210435324226,0.4839279477509296,-36.865234,-27.92603650247411,16.024016467800465
0.204956,-0.6325199545331206,0.338048783165121,-35.461426,-30.762294211717577,11.371468832397039
0.161499,-0.6490155683906009,0.3507584380961134,-26.18408,-16.69371039163076,12.426674723632193
0.137817,-0.6414381321893954,0.3323861294328926,-26.30615,-21.94198302991996,2.8245214600998443
0.168579,-0.6587886997083178,0.34643161752591806,-25.390623,-21.112245707896268,-5.3960298112790985
0.203247,-0.6697969881879853,0.36035660006624526,-23.742674,-23.46037747907745,-8.59902125132347
0.18689,-0.6563002830104007,0.34216084390308016,-20.568846,-21.572792021603323,-11.922815377747698
0.154419,-0.6501302496219015,0.31982086447191677,-16.052246,-19.872791652902293,-16.643173254422873
0.189575,-0.6516834401984423,0.2864522109325103,-10.498046,-17.412731960083534,-22.159164675870194
0.348022,-0.6614466328507822,0.2532463791219187,-9.460449,-22.522490142635665,-27.274568348627852
0.355225,-0.6593963782017502,0.246542555968365,-4.272461,-16.105027840068537,-25.709159638784058
0.304565,-0.6729115034276577,0.2880391049228026,3.112793,-11.509692003061135,-33.14178218236936
0.218506,-0.6687653262898823,0.30389192092319156,-0.061035,-11.295555823404037,-44.1978554203458
0.243042,-0.6347698530960411,0.4323527820223093,5.004883,-3.91768733683581,-51.94553872087174
0.099365,-0.7266971543974676,0.4334971593362787,9.216309,-13.532639494094372,-62.44160954164495
0.475586,-0.7720075177146145,0.3024217675914202,19.470215,-11.07243375315934,-66.90396957380285
0.633057,-0.6939064407555483,0.23487976245510508,17.578125,-7.994720368288402,-54.833615452091756
0.606812,-0.6860252940546149,0.3146075535111626,28.320311,6.402863051996843,-52.480862727863936
0.47998,-0.7866109618411763,0.3957863235248278,35.400391,14.800108178447907,-52.301713738539775
0.427368,-0.7604426533281741,0.3725107950331192,41.870113,16.772628963525865,-55.05274037493089
0.571167,-0.9939468819429326,-1.3639728775880853,52.185055,11.379899301941457,-61.02373893825317
-2.136841,0.8204541889979013,0.9250794096534609,116.333,19.891821433563326,-75.20297157598398
2.801025,-1.7202597433697742,1.8300343645118684,-65.795898,-182.52647063715258,-133.88813461187635
0.287109,-1.2408400896367615,0.6871822216961331,36.743164,-284.14928357922327,-213.7836919286378
0.099121,-0.48690760110629877,0.33261149841054716,58.715816,-39.23893927079624,-76.58071950315181
1.384399,-0.49948305553649647,0.20991170814636612,44.860836,-7.156800645409575,-29.709250663909213
1.312744,-0.8425195862665074,0.628505418750955,25.146482,63.21289505351049,15.484509524270548
0.79895,-0.6411657190808975,0.4594863717461876,34.973145,122.96446175553332,6.311726001984731
0.374146,-0.5353516901049439,0.39224422575964096,54.199215,124.32105020978068,-27.040451401790012
0.418579,-0.6372103812903778,0.47642149146713697,64.27002,80.97017261016336,-52.5336797183267
0.600342,-0.6656343281408449,0.5989573194581447,60.119625,35.19179227435339,-41.764716287946925
0.677368,-0.6780661352163915,0.6961765371819897,58.532711,7.652845195653135,-13.525009665152986
0.674683,-0.6535353689617531,0.7018656910698977,54.748531,-18.937764468757745,-5.074586663031049
0.651245,-0.6562797094131891,0.6949358616718093,49.438473,-40.58386420410657,-10.254866526827678
0.673584,-0.676517107463021,0.7021512929945136,44.31152,-46.776297934859684,-20.82919720285701
0.671387,-0.6609528681324399,0.7031603242429862,37.902832,-42.754020582743316,-30.284141926082192
0.653931,-0.6874677837544323,0.6651414655731284,34.545898,-30.987840097151057,-34.097235587348436
0.602783,-0.621977196987941,0.6367758491690965,30.700682,-24.14962065172497,-32.45763604089281
0.632935,-0.6535214167641972,0.6427418904618839,26.794432,-20.750755403678948,-24.669024778443124
0.667603,-0.632281885696368,0.6249193316102846,22.094725,-23.11150307150231,-16.9043616285418
0.646362,-0.6212763326240053,0.6433453585985262,17.272949,-36.66016904318616,-16.69033524262591
0.622314,-0.6382580870808471,0.6672486526302602,16.296387,-43.724438005650484,-16.69642316370761
0.636719,-0.6515982429591698,0.6922906023575089,15.258788,-43.44190519191156,-19.001719486587984
0.657959,-0.658451705471035,0.6847601059197924,15.624999,-35.54657810407159,-17.7335134259963
0.65271,-0.6439300990453065,0.6663724059326749,16.235352,-24.323819469154014,-13.89533732128159
0.646118,-0.6181389653083874,0.6297678843736605,16.113281,-15.137618587190381,-10.106376449048206
0.630127,-0.6006531649472976,0.6142586414929745,16.174316,-11.325845091764679,-7.822863231081185
0.640625,-0.6074403189072595,0.6232252880859753,14.465331,-6.255144797590221,-3.8919032505797193
0.649902,-0.6192611252033087,0.6424608581454063,12.20703,-4.006178482343637,-1.883955104123192
0.63208,-0.6214161350743114,0.6560876664458075,11.108397,-0.04602499309471492,-0.44195240629125604
0.626099,-0.6253265230387808,0.655770821109196,10.131835,2.7825298687857463,-0.3150622626929157
0.623291,-0.6198688758320648,0.6452050132381894,9.155273,3.369379122121488,-0.8313515537122835
0.628174,-0.6134799080776837,0.6230285353159971,8.117676,1.9728153718705415,-0.6437664649391868
0.635864,-0.6153254612287997,0.622950878594424,7.385253,0.42075517324345385,0.07419048931548532
0.625122,-0.6066289055675744,0.6158074955981673,6.835937,-0.8449944780733917,0.2228650699312842
0.63208,-0.6016080648846845,0.6154529693832869,6.713867,-0.8343958615494906,0.16275732872618406
0.632813,-0.597512924643859,0.6196457812569549,6.591796,0.11324820404498503,0.7636895038204895
0.625366,-0.5973489984383474,0.6299629883014581,5.981445,0.9371916708350235,1.7146703207810698
0.631714,-0.5946273182585896,0.6222616017380456,5.737304,3.4441568154066298,2.962413268651769
0.622437,-0.5909080629584974,0.621554704282444,4.943848,6.039541592816733,4.411676673185571
0.620117,-0.581473827193877,0.6320189170353251,4.455566,7.400826173069068,4.77566201504596
0.606079,-0.5826706690651794,0.6184204970706711,3.540039,6.820944198098541,4.5494590352926405
0.590332,-0.5853457801987544,0.6019588799440635,2.746582,6.152642590289517,4.121735598876218
0.592896,-0.583251865559022,0.6034440474368112,1.89209,4.7312500951839045,3.747152625299681
0.59436,-0.5760193580025785,0.5940593850856135,1.159668,2.602646468919722,2.814032290020798
0.595215,-0.5783311565107303,0.5966259371808782,0.549316,0.7427856991093378,2.1142282609767213
0.615112,-0.5777871347631779,0.5942432065334508,-0.061035,-0.15883337339042297,1.9552484921736721
0.61377,-0.5767551499259059,0.5954162296771442,-0.366211,-0.6396962878389769,1.8704593863342858
0.603882,-0.5737650276565529,0.5868950023703345,-0.12207,-0.049215522696370785,2.036553640074752
0.60144,-0.5662417884561425,0.5786775576985763,0.061035,0.5907733823196814,2.273354077896042
0.602417,-0.5680604824447482,0.5693084063402191,0.12207,1.6798301633721595,2.7752680036279496
0.592529,-0.5674159160765326,0.5776023375671442,0.366211,1.9308607295242137,2.757554902166631
0.593262,-0.5754214442818276,0.5730926803568647,0.610352,2.3055909096729534,2.3897929851908604
0.585205,-0.5647790301867103,0.572489553315481,0.915527,1.7503902993367118,1.672128474465086
0.595215,-0.5631950748739482,0.5705379551070445,0.854492,1.5276724359776297,1.8807645745215362
0.595825,-0.5679529739039003,0.5792430038616914,1.037598,1.0362099201974215,1.8560830362390723
0.596436,-0.5622056338402046,0.5719522561502259,1.464844,1.4675637099647765,1.8701657843494575
0.59375,-0.5669920408748477,0.5751984218420414,1.831055,1.4286532018074785,1.7393516854153561
0.595947,-0.5685606048637131,0.5840941902750008,1.89209,1.5099583497085585,1.629733834721304
0.605225,-0.5692473020493921,0.5802546147808633,1.953125,1.9979367339022822,2.025661421566023
0.596924,-0.5798529004050501,0.5918958281419552,2.01416,3.1116748795890468,2.036113816325475
0.601807,-0.5780074129436436,0.5877584374147224,2.441406,4.617856480534045,1.929833875453458
0.598511,-0.5804254301572934,0.5888196757265511,2.380371,5.1058330687604405,2.3257601301940687
0.602539,-0.582489905963816,0.594901581073092,2.441406,4.95382156313036,2.4848871055693196
0.608398,-0.5858759397956469,0.5986424344369246,2.502441,4.879631073814875,2.9056422788127736
0.613525,-0.5873725751270082,0.6169720139379637,2.624511,5.049356665714027,2.9975460432377545
0.621948,-0.5977671995551974,0.6231955559356442,2.746582,7.011719642825116,3.4675177239853325
0.631958,-0.6008904653822683,0.6352879166469964,2.563476,10.554601279257493,4.464082725483598
0.643066,-0.6130602434773064,0.6382242666120944,3.356933,19.599095843778294,6.244801849275625
0.647217,-0.6157213431692301,0.6737021604254205,1.464844,24.06842413910917,7.962515493086149
0.712769,-0.6089595848882513,0.6824553073994872,-1.342773,35.58446042605403,10.488917938197051
0.728027,-0.6334151248010246,0.7157007199788906,-2.380371,42.11879752043424,13.50039882838028
0.721191,-0.64715644163012,0.7556697852644638,-4.821777,54.14067070363901,17.72738867251369
0.707642,-0.6625923824166705,0.8094707193551849,-6.896972,65.50862094604183,23.202559665947923
0.730713,-0.6896666157983551,0.8266371243310113,-6.958007,83.65830108102718,30.989115831070677
0.798218,-0.6879314558863828,0.7914925059651807,-4.882813,86.18400652842722,39.8632987581786
0.714844,-0.680446118990556,0.8193383622018988,-2.258301,84.87762315468285,52.89596921447609
0.633667,-0.6801693691661925,0.8240977247153785,-5.004883,76.09185939655019,55.62319199046778
0.63501,-0.6914797013918353,0.8038815774329314,-9.887695,68.77003617890071,59.538201523305965
0.640259,-0.6955637688685399,0.8284486150615452,-14.892577,56.73510808646406,63.117977025288766
0.634155,-0.7055433522837242,0.8632544575432232,-18.920898,47.45773194177079,64.76689127680282
0.630737,-0.6913456090940261,0.8516272260017348,-23.254393,44.7460546524785,66.0860748192962
0.604492,-0.6807981312244463,0.8269610415462759,-26.367186,44.9197041997134,68.96762293744435
0.58667,-0.6880401345936368,0.7752356560261984,-30.456541,46.71626669871703,72.13533439633053
0.534302,-0.6556085592880123,0.7410408439460654,-33.38623,52.97126851918111,74.9736118762523
0.51062,-0.6725013745433205,0.740540841196044,-36.437988,51.178773242854426,75.64917465462642
0.455811,-0.6584292666256717,0.7443858514371294,-39.978027,51.94639064124169,78.3255714988973
0.40564,-0.6595133388573562,0.7273376030697313,-43.945309,51.46596755054242,81.40167279534333
0.341309,-0.6476851556550575,0.7115730464907196,-46.44775,48.59138375633623,80.83282955086102
0.289917,-0.6562601191984602,0.6779573212980466,-48.706051,45.21111224205784,79.6170298327824
0.258057,-0.6634076110386532,0.6397588517816593,-51.330563,38.704935893507795,75.74283951001584
0.220947,-0.6605132361544132,0.6071734086048436,-53.100582,31.37844741632642,71.60005289985627
0.177856,-0.6530153448548482,0.5716822127520703,-53.955074,23.574583805298936,67.00122771700858
0.171875,-0.6426879058278472,0.544745321818936,-55.297848,16.16678838424915,62.968057625438945
0.142456,-0.6416167288506418,0.5182843277921897,-56.335445,8.957033401155169,59.21771365937803
0.131714,-0.6315225533054813,0.49477804979963025,-56.823727,2.9775985647357794,54.816635429068185
0.120239,-0.6341073157332292,0.4644494509498301,-57.373043,-4.444424030221516,50.16119005488836
0.120361,-0.6417380634744877,0.4627322981001158,-57.373043,-7.56713735008374,45.02429357748257
0.121338,-0.6425152947246466,0.46643762555983864,-57.434078,-9.417133623697039,38.99623534637522
0.129028,-0.6520878037663362,0.48135906703332826,-56.945797,-12.151034015300139,33.06022316222631
0.127808,-0.6357673625266659,0.4295733403633039,-57.495113,-18.243568343440025,28.94908322545073
0.1073,-0.6488460698576259,0.399005857926062,-52.978512,-14.750636813894054,26.714052278094155
0.058716,-0.6424571021032448,0.37682938000386984,-52.612301,-14.312900806467455,21.771122122312946
0.072021,-0.6565435508473276,0.37025542063524536,-52.490231,-16.725212986513988,14.71425991466675
0.048584,-0.6387558834874582,0.34810469739886696,-51.391598,-21.580750537175632,7.102633966010332
0.04834,-0.6508214507260093,0.331474889486206,-49.804684,-26.637513320196394,1.6866899649080258
0.045654,-0.6511067476230286,0.316922261074797,-49.133297,-31.31954870384351,-4.097017458922339
0.050659,-0.6576697178288137,0.3063449196754672,-46.691891,-34.230144108974656,-9.382440499212153
0.064697,-0.6703681263475075,0.31860817051251544,-45.776363,-37.56512486705202,-15.424439369544615
0.092896,-0.6855127550569453,0.3349028866884196,-44.799801,-40.016489316844755,-23.665748340437123
0.095093,-0.6967849817077791,0.3341541094637172,-42.175289,-41.33988977914733,-31.274327837992654
0.123657,-0.689972599515915,0.35035418273120505,-41.015621,-41.67688385907808,-39.204791813297795
0.118408,-0.6913260986449477,0.3341256014590264,-39.428711,-48.26132052674745,-46.50150369064126
0.176147,-0.6987661923976031,0.3250040661194195,-36.865234,-50.28074780546732,-50.51420551472164
0.218262,-0.70663483891855,0.33378103182109503,-35.583496,-53.880693686427165,-55.053506742047404
0.226929,-0.7094892018918236,0.30427308487426724,-31.249998,-54.62073360372289,-62.80713231991645
0.218018,-0.7155273572007682,0.25697297526059865,-26.977537,-52.018963827878466,-66.31488031352195
0.231812,-0.6802708099769426,0.19972549253992217,-20.996092,-48.04909235441195,-71.25476633511413
0.290771,-0.6881351919173478,0.18879479509211822,-17.51709,-38.913425598151626,-74.91192795370101
0.346924,-0.7113670307963084,0.2263471329993913,-13.000487,-24.31098775061225,-74.07247200994833
0.263062,-0.7254504868836269,0.24084481894013945,-6.408691,-14.0016202278499,-78.76220775039839
0.20874,-0.7119236248591709,0.24285832353942155,5.004883,-32.563078101978974,-98.2729876725847
0.318481,-0.8456177578510781,0.3170832240010744,7.690429,-39.44064590969614,-103.2042913729635
0.34668,-0.7938321147823354,0.2799800255950503,10.498046,-40.80207787016885,-104.621906308146
0.480835,-0.718639053431854,0.20572811023428164,16.906738,-34.387806097203374,-100.57799155193618
0.612793,-0.7562666241266064,0.2504099689871515,21.545408,-30.175888616068296,-93.88555155547638
0.617065,-0.796224221573566,0.22043298729674912,30.151365,-17.32703258227504,-92.23971821347097
0.641357,-1.0272440511027354,-0.893243432337479,46.203609,-23.607589215810403,-100.90830981222287
-2.473145,1.3310016571170906,0.8492530746959701,91.430656,9.298563634957373,-103.34897147038197
2.516113,-3.071391517660237,3.427419666155685,-53.710934,-251.57263540892964,-170.41968767638977
-0.400757,-0.7899291397917774,0.32814246577641026,63.110348,-95.4331506566235,-190.92003604302
0.623291,-0.4258287899568876,0.10291207224545079,43.945309,-93.23848987615432,-96.51438624918347
1.875732,-0.7641362014760723,0.25707874491237,39.428711,25.11677370417625,-29.968316077047845
1.229126,-0.9170437114655487,0.48174278605339943,48.400875,107.81496266705038,12.44115489026775
0.691528,-0.5487885717305182,0.2863735218695643,64.147949,157.8407993780012,-15.7380400175692
0.432373,-0.4392325010682364,0.12831446161030197,81.726067,98.43409185103903,-68.97697964094496
0.657837,-0.6742683544648027,0.394151577098617,75.073242,57.18863950232799,-56.85095978978922
0.777344,-0.7051726199942581,0.5778549751022602,68.664551,33.39585572425452,-15.0595397594028
0.797729,-0.6779685471848307,0.6344649454218019,68.664551,9.44768500133107,2.6575088139257246
0.805054,-0.7005121236372133,0.6371835968771336,63.781734,-20.387320490468625,-4.58646170977652
0.814331,-0.6836349507541647,0.6202023031844939,57.312008,-32.548444045704606,-18.56834893764689
0.790283,-0.727734903610988,0.6446539014558943,51.757809,-31.20575383673129,-24.77717728342125
0.721069,-0.6844659543085786,0.6445986360460646,46.020504,-19.948008822640357,-23.597830448687848
0.697144,-0.6429283907238494,0.6452291369933949,42.297359,-12.119607578183,-20.54409980842118
0.709839,-0.6375838900751545,0.5825834713666644,38.696289,-11.108078211460288,-18.19655408275372
0.648804,-0.6413921385560146,0.6098016817323008,34.729004,-30.211350714796602,-18.466140158682833
0.595947,-0.6616395588725048,0.5924724846497069,30.578611,-38.39573905579919,-13.525667396984222
0.729736,-0.6271069017367379,0.6145514466756622,27.099607,-39.71462934360409,-14.130082718857258
0.709839,-0.6491192141155314,0.6226937486068371,23.254393,-36.03701162251736,-10.382784219089483
0.686157,-0.6335973449403012,0.6239430729470445,21.728514,-27.97558437209041,-9.705057881751339
0.657349,-0.6346419020928833,0.636898509695954,20.1416,-20.79457994592317,-9.30652696927462
0.663818,-0.6325233489545092,0.6185547090374239,19.958496,-11.011076257408412,-7.1475943449069455
0.650146,-0.6136466532917818,0.5916386981543682,18.615723,-9.16863614553045,-4.591560073051594
0.661743,-0.6171060792646441,0.5775174415198373,17.272949,-6.488315055708756,-2.5695290048365043
0.647339,-0.6150922156585312,0.5703116734569605,16.235352,-2.3478381691963555,-1.0957314422406181
0.647827,-0.6123266361501858,0.5750133401809021,14.831542,-2.195826837214452,-1.2548574328081163
0.655396,-0.5986800522764025,0.5665118884474746,13.549804,-3.9992102191706693,-2.626447201247702
0.658447,-0.5921456440545423,0.5737383629122522,12.756347,-5.233164020915812,-2.658095844247203
0.667969,-0.6068072382892297,0.5985462919773189,11.474608,-5.7281096834747505,-2.311531160319235
0.680664,-0.5981095124615983,0.5977251613985722,10.742187,-5.119915816870827,-1.8944063404267137
0.673828,-0.6041292063896969,0.5889789783446902,10.742187,-2.125120479485451,-1.3043665574893153
0.662842,-0.5968189881324462,0.5756407467140969,10.803222,1.3505387571562322,-0.6295374950643529
0.667725,-0.5928738462567626,0.5680322228375011,10.375976,2.6022056603626926,-0.34685828591279666
0.65625,-0.5834340020970168,0.5651100400506596,10.19287,3.747886051033787,0.5369003049052665
0.641602,-0.5705445148931799,0.5559785481341037,9.521484,3.412067363850099,1.0354764944633164
0.65271,-0.5575760154427106,0.5576458342532741,8.666992,2.8321852152313935,0.8092744995177497
0.65918,-0.5722106848251782,0.5773773161303625,7.263183,3.274285001743029,1.8168790997451238
0.652344,-0.5780371450939745,0.5780853180626605,5.92041,3.1010762630651456,2.096221557530575
0.649292,-0.5783762799849581,0.5800086476042933,4.577637,2.227622686786155,1.0745342091928158
0.643555,-0.5755428806630448,0.5646422115411529,3.234863,1.8562304164594519,0.01741967312466753
0.63501,-0.5727350506682922,0.5669965538528331,2.258301,2.1708518705953375,-0.360941034023182
0.652466,-0.5775806286864761,0.553002527353298,0.976562,1.7572111822893006,-0.12399321598151257
0.652954,-0.5717201059970974,0.5464750290723882,0.366211,0.8415103464869077,0.14838097863097063
0.65979,-0.578473741901961,0.536979006585866,0.244141,1.0996553975763792,0.4418061845268072
0.652954,-0.5778165915079598,0.5374675414972735,0.305176,1.4992133377720307,0.6362121562524928
0.653564,-0.5711494104456877,0.5284787250188443,0.305176,1.3578006223140284,0.7352304056148908
0.650757,-0.5680943234390154,0.5301333731329949,0.244141,1.5346397143428447,1.138272303748849
0.65271,-0.5656831504766068,0.5319212304945731,0.244141,1.5240410978189436,1.198380044953949
0.647827,-0.5721541231343845,0.5222272850716665,0.488281,1.283610132998543,1.1559855788583446
0.641357,-0.5786320480018715,0.5195984675787254,1.037598,1.6831678995460173,1.3503925353917832
0.649048,-0.5787450569793767,0.5188342333404168,1.098633,2.3443540376098717,1.466977490802873
0.63855,-0.5780452970921376,0.5232965378011423,1.220703,2.5387609941433102,1.0674197242553989
0.644653,-0.5797554977321425,0.523862157612435,1.403808,2.729683007930689,1.0391068478142491
0.652832,-0.5786021961825969,0.5313786182513138,1.525879,2.3443540376098717,1.466977490802873
0.646729,-0.5713541776333131,0.5310451574451653,1.525879,1.8634911231613174,1.3821883849634864
0.652222,-0.5711917806010385,0.5287190181105793,1.586914,0.6083402620165507,1.4707542395664321
0.651001,-0.5689502619082103,0.5314690326468503,1.586914,1.0044138969775405,2.0364072446621257
0.654663,-0.5773134764322307,0.5437534028718645,1.525879,1.2130499970339905,2.259125108021208
0.649902,-0.5788988412492861,0.5351686860217382,1.647949,1.4640805631860454,2.24141200655989
0.644775,-0.5804901734682978,0.5336492707497551,1.831055,2.2314004203574678,2.8105481584343144
0.644043,-0.5759581070347027,0.5297378322878232,1.770019,2.549653386300217,3.1145709960462993
0.631592,-0.5790543283406101,0.5388607771317233,1.586914,2.3622145192915687,2.7716376502770164
0.630859,-0.572507174155262,0.5319578068961452,1.708984,2.086356193092602,2.2271828630368784
0.632446,-0.5674427931506152,0.53768524000704,1.525879,1.5347869209150466,2.1919028818786908
0.642456,-0.5803038380394708,0.5480605675376214,1.586914,1.5347869209150466,2.1919028818786908
0.641724,-0.5766141412415319,0.5376795659222048,1.831055,1.5842960455962454,2.2626092396076922
0.671631,-0.5743217592999315,0.5520905693929499,1.953125,0.8699694446925063,1.3929333969000142
0.639648,-0.5817547694634585,0.5443340010209891,1.525879,1.556130549375475,3.125316819142402
0.640991,-0.570596721956536,0.5379962915898728,1.831055,3.2426353739357743,3.0508327278420886
0.645142,-0.5706038595248984,0.5387393407505061,1.586914,2.457602415303034,2.2306660098156095
0.64624,-0.5704199840978271,0.5383991013828261,1.770019,1.8671226349681809,2.0645719297233205
0.631836,-0.5734385486821614,0.5456764930756101,2.01416,2.58144923587192,2.9342477724309988
0.646484,-0.5756231170553174,0.5496291972161963,1.89209,3.005834762466307,3.6908226176658934
0.643921,-0.5788890583205148,0.5554992517859835,2.13623,3.758925649762895,3.6376821548260088
0.652466,-0.5816036009319104,0.5624575891887629,2.319336,4.423596904220987,3.3830212353230213
0.652222,-0.589112977981661,0.5649758577059546,2.13623,4.529729638520802,3.8355722581381784
0.648315,-0.5880800623158701,0.5682570706261052,2.197266,6.980070015017861,4.701471352082296
0.674561,-0.5879940321698189,0.5762057681806717,1.586914,7.821581346312522,4.849852504361445
0.677368,-0.603487459030068,0.5762002794544897,1.647949,9.882961761626433,5.461235742111095
0.69043,-0.6015828545643547,0.5914110970468871,1.89209,18.16725408198467,6.983956557522632
0.706055,-0.6137994527539382,0.6079733244838674,1.464844,26.596586516728582,9.090042958546649
0.744629,-0.637857976627537,0.6481063159749522,0.305176,33.873128015095,10.001233155988157
0.773682,-0.6494810993250891,0.6634104866404161,-1.281738,43.22179082783265,12.517328559863167
0.790405,-0.6741317070979981,0.6661292577646915,-3.662109,48.63542527893596,16.260850831811915
0.834717,-0.7041838315289838,0.7205759283900341,-3.967285,44.25525102698544,20.01280821840184
0.880859,-0.6968594164714289,0.765499286468707,-3.784179,44.20313724456814,26.63512969861368
0.886719,-0.7030163988688435,0.7821389312893732,-4.272461,52.74355768319393,39.35882059904615
0.947266,-0.6896370869182493,0.7807795727168526,-2.685547,63.189866839148074,53.22426845575848
0.873535,-0.6756497193113021,0.7851051691414078,-2.502441,68.41433972991703,69.63966440213046
0.822144,-0.6984764197749727,0.8288022104479066,-6.103515,66.59107968753547,77.87096659429245
0.804932,-0.7222664475797422,0.8660073450673149,-15.624999,62.1507967095721,81.61232519071031
0.737793,-0.7226126003701444,0.8707807550901074,-22.338865,58.842258580741635,87.72242674584342
0.66626,-0.6651885830609845,0.8509094411406655,-30.395506,59.952953577047126,91.26501478029095
0.612183,-0.7212771558369899,0.8097829590159962,-38.818359,46.93814284835308,91.26328432507012
0.595459,-0.7144234718988098,0.7723189258978769,-44.067379,44.777742387709445,90.51048703975835
0.527466,-0.7091665666370648,0.7403978246626589,-49.560543,40.25237768672961,92.62544872646919
0.46875,-0.6115682021112699,0.6888129120729292,-56.03027,34.8889857860416,94.2207832123386
0.414673,-0.6848108172636312,0.6578013298068934,-60.791012,27.28737240839536,94.80169221502807
0.384888,-0.6795499228268934,0.653275111106311,-63.598629,26.8840367346284,92.87127229406087
0.334717,-0.6636507771182089,0.6207518676374623,-66.52832,24.971036486785874,91.4183775513684
0.258057,-0.6439483929790716,0.584931965945332,-69.030762,21.042536564575226,88.74242192003221
0.211182,-0.6397882519332648,0.5479840449147925,-70.861816,17.378848245450666,83.51014507778062
0.191284,-0.615038526955558,0.4961970284094184,-72.44873,11.713889626210468,77.67707590948943
0.172729,-0.600487391649724,0.431951776808142,-73.303223,4.5391210222898435,71.26790267344721
0.136597,-0.5929085459442252,0.42411578320348403,-74.401855,-7.578579880675669,64.42099406748979
0.111938,-0.5783925775356699,0.36358282298211514,-73.913574,-12.15114311444864,57.66495843265558
0.108032,-0.5827309495457607,0.33616797951544436,-73.913574,-19.534401423013087,52.08669675292819
0.121704,-0.5986755237562698,0.34364482331784957,-73.364258,-23.90863542431732,47.720751470852505
0.132568,-0.6027184569337393,0.3574342679884125,-72.143555,-22.636504713797166,42.615064797504694
0.130005,-0.6103492046749974,0.3557171151386983,-70.617676,-21.361037599207258,36.08450445188804
0.10791,-0.6184975396978382,0.3365550568892422,-67.565918,-20.715107111440815,28.20340042507639
0.082764,-0.6258427151365282,0.302287986766822,-65.612793,-21.35975536714224,19.90880488614641
0.061401,-0.6096990117555668,0.25009945030384445,-62.499996,-24.28835469494446,12.265092787653073
0.050781,-0.6094840125854435,0.22076005314990063,-59.875484,-29.833096673318522,6.453220041250117
0.071167,-0.6389677161081222,0.24878096233548536,-59.082027,-35.83039280257918,0.7474804930101956
0.071533,-0.6365373298493874,0.178060593164833,-56.640621,-50.355889628598874,-6.1521260878296165
0.101196,-0.6305891938614867,0.19001712268929954,-48.46191,-41.60496434847467,-5.166892954941181
0.070435,-0.6597437847598403,0.19157007392795325,-46.32568,-39.51644465349934,-12.793626536163233
0.091431,-0.6791164579299345,0.21145717427578462,-42.724606,-31.66875644314633,-23.557305244978743
0.085449,-0.6836851007651017,0.20854458905906129,-38.391113,-26.546821723838075,-32.570443436380764
0.083862,-0.7033701153533783,0.21684847686293546,-33.752441,-24.186368121862763,-42.44236971215728
0.054565,-0.6996677265711857,0.19444604667544252,-30.334471,-28.480179286972692,-53.239710057563194
0.045166,-0.706734557322566,0.18179673289439702,-27.221678,-39.20567627954128,-66.22473781370958
0.072632,-0.7284615367366784,0.153175054911813,-24.658201,-53.64364030409033,-79.24461007087356
0.145752,-0.7204219100431393,0.10054860744831294,-18.859863,-62.48793683761914,-90.59642055530487
0.256836,-0.7362107757360095,0.05933883058489732,-11.413573,-66.46319361342077,-98.98247059361493
0.406372,-0.7199726148052848,0.022785226253889308,0.305176,-54.958938866912554,-104.82500393096305
0.423096,-0.7014618835740036,0.06261569532322456,9.460449,-37.599526253873755,-110.13092848161259
0.325439,-0.7322657356176974,0.09883186758466359,18.371582,-19.443901755362937,-110.46227527537049
0.332031,-0.7350732245171915,0.053590027037674154,32.531738,7.720943235357025,-108.46133263126974
0.449951,-0.6920871238205208,0.04741060579489626,37.902832,12.284925016157503,-112.55274120165798
0.624878,-0.6794664080910621,0.08830951643413205,47.180172,12.521433010449897,-115.29999091563735
0.609009,-0.7662575014877092,0.1517166988034384,52.429195,1.7410687488365344,-116.02330224867275
0.492432,-0.7421261391386776,0.033133520973782735,59.509274,-4.365253276757929,-117.59582509615761
-0.361328,-0.01075579375295218,-2.4401846112951664,82.275383,-67.40566809328587,-138.6278266100619
2.168335,-0.2099991554640137,1.3062549775906696,17.944336,-147.18812738067507,-138.87481762358428
0.619995,-2.204936213502348,2.241378419190951,21.301268,-324.57164511445586,-207.02847542870174
-0.758057,-0.32341340964135123,0.21170411193964922,76.721191,-13.621173798904572,-139.6182428370462
1.84375,-0.4767947055055625,0.031328417321401694,43.701168,-25.717452712894325,-94.21498918345678
1.72168,-0.898931435399783,0.44861770537851664,40.222164,66.28664886618199,-0.8931491634275318
1.003662,-0.6590880980938839,0.3333641026280225,58.776852,165.9334574508817,6.2032071555421675
0.631104,-0.5134179110524909,0.23199747835590057,73.425293,155.19817767015923,-51.716670705086344
0.635376,-0.592400699078138,0.26306525041467077,80.810539,109.68398600003518,-73.37692203460243
0.734497,-0.7132358375434767,0.4640082241088569,73.547363,52.16891448971023,-50.17490867315234
0.797485,-0.6624874107887286,0.4946480842573296,72.265625,9.055056405725109,-23.937756261939516
0.82251,-0.6682599494622788,0.5323037678822802,68.054199,-33.55982620585512,-19.862264085184506
0.895142,-0.6781364264976729,0.545436247517495,62.988277,-54.21299111940842,-29.267810926140672
0.878296,-0.6762300535208357,0.5775044741300345,57.250973,-50.26490443025572,-38.30199949131465
0.795898,-0.6422231060427666,0.5828814062687034,53.466793,-33.49234466248732,-43.091637415153045
0.787231,-0.6321884065087436,0.5337058259949347,51.086422,-18.175725451000908,-42.43613585952617
0.759888,-0.6019641678064216,0.4930485343504453,47.851559,-21.767529008144827,-39.28888722314593
0.808716,-0.5810539707892324,0.5466884630016129,40.283199,-32.88602515595684,-30.71333389336729
0.859375,-0.6140805211380775,0.6250296412481468,34.423828,-41.35309172130323,-24.52119405481404
0.838501,-0.6017397332483997,0.633775465295198,31.677244,-38.26595198458402,-20.939988303034443
0.822876,-0.61055181186812,0.627511094025879,29.174803,-33.81797125694458,-20.155689291080343
0.821411,-0.5967372225669367,0.6032971074181428,26.855467,-26.516455776766815,-17.628700800455714
0.806885,-0.5824729493990205,0.5631724893515361,24.658201,-20.498257812410507,-14.150438064533853
0.795044,-0.5739207837078117,0.530841375065293,23.132322,-16.301012079322792,-11.241165606018324
0.777466,-0.564883563982366,0.5344180089064927,21.423338,-13.408570931506347,-9.367661738198654
0.781982,-0.5654416872184655,0.5382858530674337,20.019531,-10.547926618069354,-7.313834820411861
0.789429,-0.571747019138842,0.5578745398374518,18.310547,-6.156126721876,-3.7504895503139637
0.778076,-0.5719478628411842,0.5836208073496026,16.418457,-1.5523528158041628,-1.3893028699009036
0.765015,-0.5658814684874836,0.576634081611076,14.831542,1.7570649605248518,-1.177623620463177
0.740112,-0.5597030616745063,0.5640883528855951,13.122558,2.0080945418691534,-1.1953368955726726
0.755127,-0.5589710195882844,0.5395506884004817,11.718749,1.9974959253452524,-1.1352291543675725
0.741821,-0.5438773081068531,0.513702999418383,10.437011,0.5797347683983256,-0.8274275983765225
0.74585,-0.5345012585180205,0.5069271936280911,9.399414,-2.29484508657685,-1.3962701482661188
0.75415,-0.5293174764373721,0.5168897008095363,8.483887,-2.80038936565969,-0.9895977231330501
0.771118,-0.5286040397581262,0.5093307503463631,7.995605,0.26177557808858215,0.975808577007493
0.754517,-0.5261068366496663,0.5190673052625077,7.202148,3.037484390273561,2.456868989568929
0.758911,-0.5222522288384629,0.519003684339772,6.774902,5.936745609883023,2.53425000848607
0.736694,-0.523704569766744,0.5047408027645769,6.469726,8.09351571717573,2.6046629378784205
0.733032,-0.5208838084498504,0.4992877791452336,6.16455,9.044642929548935,2.8343488907622936
0.724365,-0.5189821426616673,0.49131893529997883,5.493164,8.454163149214084,2.668254810670005
0.710815,-0.5181918604204235,0.4819132732297589,4.943848,6.1417503717807875,2.0745833422775655
0.717163,-0.5160071723783239,0.4800676004096992,4.211426,3.115158026367778,1.6648675941150426
0.722534,-0.5289047936687518,0.4836189042616254,2.990722,1.5559843276110266,2.0716864146607374
0.720459,-0.5243916916489634,0.4903650858600544,2.319336,1.6478879183878297,1.9019618075693383
0.724121,-0.5227805838565696,0.4812280395276071,1.403808,1.8669752547478013,1.0109423364012318
0.72168,-0.5191686634491475,0.4705855597427803,0.671387,2.6235502736308742,0.586555824999092
0.728882,-0.5203698238802257,0.47880281905588534,0.0,3.609957467162268,0.2646725057054098
0.719849,-0.513073707111522,0.4669497009388058,-0.12207,3.3836082656445003,-0.20907592380572715
0.717041,-0.5160439881177833,0.469029514089991,0.061035,3.426002905388282,-0.4495078734338807
0.720093,-0.5205490217406903,0.4636484731073858,0.427246,2.5916070438387915,-0.2867505447076966
0.725586,-0.5308521812758805,0.4644353019276631,0.854492,1.1632472703679633,0.08115875248845351
0.724609,-0.5296427131100339,0.4617972458714348,1.586914,1.9022554095541666,0.45937207941592356
0.727173,-0.5377667390190158,0.47201678128309543,1.770019,2.043668125012169,0.36035383005352545
0.727661,-0.5289206096891887,0.4661385926267175,2.075195,3.047789578460812,0.2895002657523225
0.720459,-0.5231281461512651,0.47546513449183686,2.197266,4.218151333766192,0.6817973255979307
0.719727,-0.536641706136274,0.47828842150019574,1.586914,4.780319222467649,0.656969565551018
0.720337,-0.5344910805147566,0.48226224502874765,1.647949,5.391996409498481,0.7028471784253534
0.719971,-0.5289249282489645,0.4879542719044764,1.403808,4.462066430173078,0.3529457431312803
0.724976,-0.5354238645459493,0.4854446161496499,1.220703,3.4084370104991657,0.3530921385439067
0.72168,-0.5313863661154277,0.48504058221105645,0.976562,2.18159769369144,0.6325818029015599
0.726929,-0.535361599148273,0.476654892774011,0.915527,1.1809605454774594,0.3321883338327551
0.7323,-0.5418239590436855,0.4809692606978397,0.732422,1.4179083635191285,0.745829022138792
0.739258,-0.5351283239559567,0.47954734341052146,0.854492,1.9447962710623974,1.2725705342694342
0.729736,-0.5274890831212768,0.4931657782864446,0.793457,2.804020703818376,1.6719822527006372
0.741699,-0.5364411495499563,0.49332163609507484,0.793457,3.4228123757866262,2.0289981729321274
0.736206,-0.5344955844331856,0.49775584553717434,1.159668,3.9674143695989663,2.806770424863002
0.728882,-0.5403809106579259,0.48965276536798047,1.037598,4.847835050594994,3.085966487235827
0.765137,-0.5317241454813519,0.49960824293953154,1.220703,4.681740970502706,3.67644626757068
0.712402,-0.5481238022378799,0.48506452060760896,1.708984,5.049502887478476,4.051176447719419
0.723999,-0.5405843880102017,0.500648481532338,0.610352,5.495085820768842,4.6875348257363605
0.744995,-0.5425079568897216,0.4960952840003015,0.488281,3.451418680564427,4.327181169331013
0.740723,-0.5505614753559683,0.4988892518443943,0.671387,3.8120661126027797,4.390773042122597
0.740479,-0.5483824613987037,0.5062149271152513,0.549316,4.402692114702082,5.610497526696549
0.746948,-0.5587336651740796,0.5164133971181802,0.610352,6.973249132065273,6.497593042528895
0.762451,-0.5627922290133331,0.5190446089231675,0.976562,9.359997809418926,7.724138583703615
0.769653,-0.5695370667971783,0.5298789785527128,0.671387,10.484480967042218,8.728112656931879
0.766602,-0.5706815162464716,0.5405848939016222,0.610352,13.62083738491373,10.272763957477146
0.77417,-0.5737285348562625,0.5402953864032954,1.770019,28.84933155035423,12.83400522789285
0.809326,-0.5662868579511361,0.5599522519937121,-0.610352,43.84450726629624,15.663989992273752
0.87854,-0.5498860967179116,0.5766031792943389,-4.516602,50.470458462347615,16.39848598734678
0.887939,-0.6066489204788437,0.6222498945615447,-5.981445,48.788023814887524,20.316244836851922
0.918335,-0.6318142129234668,0.6820200300488981,-7.446289,57.17932834339595,28.613298464457205
0.927246,-0.6340316078610896,0.7023295304044117,-7.8125,61.08751989062349,37.731249975992526
0.892456,-0.6351068936822312,0.6992886105759961,-7.8125,61.95822241375375,44.39233574259722
0.872314,-0.6333985633107216,0.7289671426209233,-5.493164,74.0972588930695,52.172657881440685
0.939331,-0.6206802234820403,0.6568378531748031,-5.859375,72.44387124237737,61.54948520559136
0.842896,-0.6145835822345725,0.6166357637452764,-6.286621,64.36954434140095,69.73215519687693
0.72876,-0.6115808040486278,0.6474097161915582,-10.925292,58.35497771520332,66.93627699052266
0.741943,-0.6408128663099015,0.6571302993506601,-12.512206,49.6892785838927,68.6310698397188
0.692383,-0.6294753159149176,0.6743760459579022,-17.089844,52.23284758396455,78.80991854493234
0.618164,-0.6982852868660779,0.6800921605211746,-20.996092,48.18456412463096,79.27365469364834
0.616821,-0.6158187754641854,0.686204175180967,-25.329588,42.86283326430444,75.36040781460821
0.592529,-0.6421862067020256,0.647343132234106,-28.991697,30.689389384026622,74.45343552178363
0.586792,-0.6299373802926933,0.6038889519795662,-30.639647,31.21235333623413,72.19053268019111
0.524414,-0.61932739768755,0.5746471067895211,-33.26416,30.112844160422203,72.80235690014598
0.473389,-0.6226498762863547,0.5780275205157511,-36.376953,22.41555339765885,71.81697725527805
0.451416,-0.6216338811176975,0.5617212168322897,-38.452148,15.38989624368005,69.83444355189356
0.403198,-0.6132506516824078,0.5429944476438981,-39.489746,12.066102117255818,67.94685809441944
0.382935,-0.6224885476631148,0.5222775678872931,-41.015621,9.49176806091403,65.32374469011457
0.384277,-0.6208999687629801,0.5069394004909563,-42.053219,4.290253841453646,61.431694232962656
0.34668,-0.6127620807033383,0.491020688924729,-42.236324,-1.8057639807613213,57.69180248801301
0.327759,-0.6224659827031939,0.4771620806260145,-43.579098,-3.8924147606465054,53.357359453524204
0.35144,-0.611789589788776,0.4173158175903247,-43.029781,-3.203502950111158,49.45034642711517
0.342651,-0.6152150730099997,0.39526803328665566,-42.053219,-8.871797509557885,45.04215405916426
0.313354,-0.6182787070893278,0.38382011927457554,-40.100098,-8.720373207897458,40.6685070881815
0.309326,-0.6318006404988143,0.3768491555772519,-39.489746,-12.200103316232061,36.150407206782724
0.29248,-0.6314163821336032,0.39154311561220384,-38.94043,-15.888323419425534,32.46321476881959
0.280273,-0.6290124664085004,0.3919669908138888,-38.879395,-20.973105303254442,28.963607766925897
0.260498,-0.6324169499107016,0.36347698119502003,-39.367676,-24.923098667624632,24.300605129636114
0.265137,-0.6346665909796453,0.36146984217120465,-39.489746,-24.0503795018875,20.054141904236527
0.28479,-0.6472293419596311,0.3828054796309775,-39.245605,-20.907791721944918,15.58815314104684
0.288086,-0.6522191606568405,0.40126240893595616,-39.245605,-21.93035935529263,10.139823769491313
0.257446,-0.6450489481201209,0.3451358141864235,-37.963867,-27.517494351091326,4.56838528962837
0.270508,-0.6339017223289568,0.3205753814711637,-32.775879,-20.516816102962647,4.935119831588853
0.218506,-0.6620092600053106,0.27260782379128645,-33.081055,-24.375197682573532,-2.004866078491974
0.243286,-0.6409236328763345,0.2690126863004822,-30.822752,-27.600707970177222,-9.019189394245444
0.244263,-0.6544671103703273,0.2558407751874467,-28.015135,-31.90423659856021,-13.434643974650506
0.28479,-0.6445556878639694,0.28399053372815997,-25.878904,-34.81483084523543,-18.720067826099893
0.251831,-0.64304228777208,0.3344580478353742,-25.878904,-36.180185602587976,-22.92732792616511
0.291138,-0.6607811928781022,0.35983931781225953,-23.742674,-38.33130529563639,-33.222901842626364
0.273682,-0.665346980637021,0.3266827543874939,-19.470215,-44.71102999223326,-43.086539225526145
0.198364,-0.6775762347431965,0.3039498020713826,-18.127441,-57.325441471386284,-62.23044168570714
0.38562,-0.616388889157179,0.29577365914594045,-17.211914,-73.29238755508327,-86.61374798776714
0.388062,-0.6107645082023229,0.1605408321405323,-2.258301,-66.69896580798589,-90.96707818436023
0.628418,-0.6567263182065884,0.07533721316732321,0.12207,-40.39855618781328,-75.97949389972085
0.647217,-0.6034242706787166,0.11609623775497128,10.620116,-6.6801950180244605,-60.17973407506772
0.554565,-0.6801946824286063,0.18523659300971682,19.348145,17.91742988034658,-60.490763573491414
0.486084,-0.6871304252494169,0.19293821891101667,29.541014,30.616882541613652,-65.3788335275303
0.476318,-0.6987193658574432,0.20452992454839544,37.04834,29.329348626927526,-69.32446444491957
0.516968,-0.7426817909070633,0.20780975758630052,43.090816,16.550901409647437,-73.12706760400265
-0.013672,-1.2659795939418514,-0.5860382878650718,69.274902,-18.27379601556321,-86.51886941034627
-1.525513,1.29179273130579,2.23222902844814,16.113281,-123.57094579966672,-121.32349911466427
1.874512,-2.9298756843564857,3.462784910242854,16.235352,-309.05581337398615,-197.66110613403197
-1.196167,-0.41344405520500227,0.2288011975507187,54.565426,-42.765761476983705,-114.57454838459024
1.276855,-0.23373219925087418,-0.12116290727508011,30.639647,-33.825892023662576,-77.05171722681057
1.669922,-0.8249030662817936,0.5433568979850122,13.793944,44.695295773251466,6.269591849195191
0.971436,-0.691899888610493,0.37815182107955975,35.522461,153.42215513623538,-8.956010266858971
0.744385,-0.5478785380178997,0.32198455924060837,53.100582,158.23129608100274,-55.21032975151989
0.578491,-0.4734517844444478,0.22255913374734398,68.54248,118.26896324818337,-70.74757773208971
0.629028,-0.6005322397184027,0.36823194154744204,64.208984,59.5476627974252,-51.600812153915186
0.777344,-0.6231995900303146,0.5403730070572067,59.082027,13.460353004515122,-25.02028558837606
0.884277,-0.5946666415334246,0.49173173129192865,56.762691,-25.198299899503763,-22.292436052320024
0.919922,-0.5888690368101919,0.6353006086312502,50.048824,-69.19104620919389,-36.06128401860241
0.872681,-0.6737486368107651,0.6252923731852449,47.851559,-51.90190013013482,-38.15680904228533
0.848145,-0.6390959167304124,0.5939688806431811,42.297359,-30.64274272855452,-44.13859385303928
0.831177,-0.6014146097990672,0.5799126248136314,35.705566,-27.40098769671001,-47.40953799053701
0.774536,-0.5783294895124602,0.5108511143584373,33.203125,-38.52791270302033,-48.62779429153865
0.773804,-0.5674624129873918,0.4991321246068286,29.479979,-41.34091779167401,-38.649738409533754
0.841187,-0.5945297302270289,0.5605500099778575,22.094725,-43.26623917571795,-27.027719375636366
0.871338,-0.5892883063360765,0.5751093629715641,18.981934,-39.70142722780002,-20.883217486843627
0.876831,-0.5848610491036863,0.580228925784759,17.333984,-35.971110026078605,-19.543717690905105
0.853027,-0.585222898245582,0.5696290554931701,15.808105,-29.585590953303562,-18.851615350768103
0.780273,-0.5789443058187725,0.5614388946804626,15.563964,-21.223476631822976,-17.067266163840184
0.829346,-0.5655477683434479,0.5880961628014127,15.624999,-14.282612522914567,-14.60387024059985
0.803589,-0.583490114734084,0.5731565406174874,15.624999,-3.4058335112189893,-7.046119165325174
0.791138,-0.5774701993796704,0.5369081941155338,15.930175,-0.5735009157672154,-5.183215072485336
0.761597,-0.54463727776462,0.4941083452464086,15.136718,-3.3313494199186753,-5.359614340764875
0.77124,-0.5450754398135051,0.49167529571569263,13.183593,-4.377718132890721,-3.9946992335134293
0.784546,-0.543461566991759,0.5057188956286505,11.779784,-4.250093578750523,-1.5551035216565416
0.770386,-0.5435778440315773,0.5309855617650844,10.620116,-2.8144721137700754,-0.5582439333656951
0.757813,-0.5431239973416742,0.5424688280330964,9.94873,-2.14268735918232,-0.5017667191597055
0.77063,-0.536087883548378,0.5454448488139022,8.850098,-1.106770056161974,-0.7529435070762089
0.771851,-0.5299876121327483,0.5263165479574317,7.629394,-1.1951895153522933,-0.9544649485470644
0.770264,-0.525202440954221,0.5125330823993004,6.591796,-0.8168289818526214,-0.6398425096034257
0.766479,-0.5161741929979711,0.49578030893218544,5.859375,0.5939639119213372,-0.20515196846996608
0.767334,-0.5016796850726403,0.48247004094079915,5.371093,0.44195240629125604,-0.04602499309471492
0.760498,-0.4987515231733671,0.491167647099487,5.004883,1.9413131242836663,1.643816756479867
0.742188,-0.5069659094986515,0.508931100657255,4.455566,3.8437147556022815,3.156819240377455
0.734619,-0.5033105144591821,0.5001555327493974,4.272461,4.9539689433507395,3.5385166988914087
0.723022,-0.5088538867843524,0.5112017531556963,3.845215,4.324577670050836,3.2416083462168412
0.723633,-0.5123531032418661,0.5141793570889731,3.234863,3.1542157410972775,2.849312271178986
0.726807,-0.5119882793547783,0.4966422804930461,2.319336,2.825364332278805,2.605396189964348
0.734497,-0.5000473922025711,0.4732128480624844,1.586914,2.77933933918409,2.163443783673092
0.727173,-0.4897468006276049,0.4618905153432196,0.854492,2.4256591855109515,1.3573596401088208
0.728394,-0.5042062073453664,0.46727344450589253,0.427246,2.4680536516065557,1.1169286752884202
0.730103,-0.5014395116498489,0.48040537977562353,-0.244141,2.1286046110719345,0.9331205089270604
0.718628,-0.49497985109407927,0.4571254130551955,-0.427246,1.2976918963011752,0.7246316154428121
0.728882,-0.5093202157426698,0.4604223223268396,-0.671387,0.8486248314243247,0.4595192859881253
0.731934,-0.5034204830017857,0.4754693990723787,-0.549316,0.5833652953974361,-0.14504422726486596
0.734131,-0.5126282878253309,0.47074673262941474,-0.427246,1.6086839818938812,-0.3361132739762692
0.738159,-0.5123671146835173,0.4622398461490393,0.244141,2.2698711047654885,-0.2195281449170019
0.737183,-0.5005657789332534,0.4620898477838972,0.793457,2.9593689608145617,0.08797963544104222
0.734253,-0.5000782945193083,0.45721747629291243,1.098633,2.5492124040950093,-0.04631859507954313
0.731812,-0.4952269884370553,0.4599321385732515,1.647949,4.112017614658625,0.229246129134596
0.732178,-0.4995116781897872,0.4652509141581804,1.342773,3.998916617185841,0.5191872034439485
0.733765,-0.5067004717762961,0.4807165510274001,1.037598,3.7230584646350517,-0.025268568603942738
0.727417,-0.5083057858149114,0.4827892805894571,0.854492,2.556180667267977,-0.7888106922040529
0.736206,-0.5110090459463463,0.4671898743615971,0.915527,1.7181544523675538,-1.308437719397278
0.737915,-0.5162757341368626,0.4787804098325698,0.854492,1.3858187383144194,-1.181106767241908
0.754395,-0.5189632979168042,0.47855428391909144,0.732422,1.2126101732847137,-0.9017652942642095
0.749634,-0.5150237104570121,0.4822241394539387,0.732422,1.5555433454058187,-1.0892031764651047
0.746704,-0.5142252941291776,0.47839866544834836,0.915527,2.842637609990846,-0.3044636461690146
0.758545,-0.5195370518146877,0.4712638952144568,1.220703,3.8609880333143227,0.24695940424409163
0.749268,-0.5142182762297588,0.4755485849671887,1.281738,4.387875940857592,0.7737009163747341
0.743286,-0.5146618613151164,0.4928240097455276,1.220703,5.416824980704969,1.2650162255827402
0.742432,-0.5150719940350851,0.4874217179955376,1.220703,5.505244613543466,1.4665366822458428
0.737671,-0.5158926999172915,0.48926013357829123,0.976562,5.186991647600717,1.162513844633858
0.740723,-0.5205377096386822,0.4966223852507204,0.793457,4.193469969131906,1.1732588565703859
0.74646,-0.526498363962659,0.4966862994905773,0.976562,3.804510645460155,0.9187451436396001
0.748657,-0.5227660576714822,0.49027906742447863,1.037598,4.094451719769508,1.0318461411123834
0.751709,-0.521859201974281,0.49849638071681784,0.976562,4.67433288358046,1.2580479624097722
0.752075,-0.524349201824669,0.49223182408884586,1.098633,4.525805509536863,1.0459288892227685
0.751587,-0.523371228629539,0.5098817899933344,1.342773,6.615498627643747,1.84823512556755
0.756836,-0.5318514952852913,0.4961150595736837,1.464844,10.879674954504653,2.9719848574567367
0.795044,-0.5356952156910268,0.5186164512293686,2.13623,15.461957851895683,3.3461280072839967
0.788452,-0.5468025853078302,0.5302930708256266,1.464844,17.625842444125805,3.7276792440335025
0.786743,-0.5467556933224783,0.5637677694223535,0.915527,27.52622387887691,7.332684569685145
0.820679,-0.5420555557717737,0.5483588435349188,-1.342773,36.01552177229248,8.39573987734411
0.816406,-0.5598275924698591,0.5816677996368729,-3.845215,35.170673515983545,9.672235351757058
0.789795,-0.5781091637983746,0.6220761314480279,-4.577637,38.37788268699668,12.221006947295036
0.812012,-0.5848683541191295,0.6238584883729485,-4.882813,42.603438168454105,15.321201883461164
0.837646,-0.5943843258272117,0.6412695706899955,-7.019042,44.682973478594114,19.34450643694464
0.880737,-0.5899300897633674,0.6392046701869325,-7.446289,49.29052494458909,23.441708051406952
0.920654,-0.595859656411954,0.6615860349656937,-7.751464,54.77138144818674,27.50696823204451
0.995117,-0.5884802088368422,0.6387160156065813,-8.056641,56.455284105570975,34.12550937155814
0.910889,-0.6074939715425707,0.6460233248083496,-5.92041,54.90439762029049,43.27251025625883
0.824341,-0.6555971210714463,0.6692735233107846,-4.272461,49.73236836829871,48.000423426428455
0.798706,-0.6176869231972701,0.6757103499466984,-5.004883,44.202882908462946,50.18623473820948
0.781616,-0.6287459731683386,0.6308727826761896,-7.141113,36.6268315277573,56.59746318814549
0.776123,-0.6381507161205151,0.6258676266343176,-10.803222,32.98929576834391,61.410018257582294
0.745728,-0.6293017020923919,0.6452771155438711,-13.366698,31.571974435146263,64.87871021585876
0.750244,-0.630958929877242,0.6314736350744705,-14.709472,32.60455400199275,66.05240889617843
0.704956,-0.6344368415881366,0.6364381237824063,-16.723633,35.28139096022796,68.44568601295578
0.677002,-0.5524042816338216,0.6225174418902827,-18.676758,36.67476418087725,70.73660697054868
0.646851,-0.625710691357096,0.5876522366207967,-18.188477,45.768915540514676,73.64166615827098
0.623901,-0.64205350575242,0.58402726522229,-19.104004,44.12480518204998,73.47571928475091
0.561768,-0.6318900289985923,0.5980897755698203,-21.911619,36.37103326584963,73.16212369987802
0.551025,-0.6274205869695043,0.5966469665219479,-23.254393,35.052583960249926,75.71859796913083
0.516113,-0.6195170128891657,0.579943646799312,-24.353025,31.078348534050196,74.70795021952217
0.459961,-0.6169237869900438,0.5666418719013474,-25.573729,25.55539377346867,72.99038349206882
0.441284,-0.6156295128237861,0.567738277110455,-27.832029,19.71069618015957,71.3400379488689
0.429321,-0.6218709601263532,0.537755962430476,-29.907225,15.269680761269848,69.81324631884576
0.410034,-0.5998059799200015,0.5068154501287492,-31.311033,11.691224730534879,67.26098943326537
0.435059,-0.6546894570691703,0.4869746073538898,-33.02002,7.002518161067422,64.32703167088454
0.383423,-0.535032127517117,0.4565080287886592,-33.203125,9.540692124889253,61.17993041472467
0.332642,-0.578357722111602,0.45828968561149064,-34.545898,5.831716408364585,60.77384519356126
0.313354,-0.5761783491475067,0.47193645484392693,-37.29248,1.4291697042673785,56.216976912890445
0.33667,-0.5717781364362797,0.4800254335245738,-40.893551,-2.489029142635217,51.37365284795269
0.329834,-0.5741888307229143,0.4866657014451014,-43.518063,-7.81439035631266,46.77802161299313
0.307373,-0.5658260948746682,0.4659532059379815,-46.936031,-18.627135528203695,42.02051287045412
0.267944,-0.5580834722546489,0.4107957322833265,-49.560543,-27.322022259415252,37.20260376953294
0.240723,-0.5505242463859267,0.3644066232784572,-50.903316,-31.39920139606543,33.2609017315182
0.268921,-0.5698585385756628,0.35665854799991803,-53.588863,-37.67932411469803,27.753199493162654
0.282471,-0.5828566505075194,0.3474251738492121,-55.114742,-40.89408707345333,21.732396233558845
0.237793,-0.5719145509108114,0.31911007959869403,-55.969234,-43.578621781364596,14.813461508409548
0.244141,-0.6013940555426579,0.32320827818599335,-55.908199,-46.06497707050624,9.230984067328894
0.233887,-0.6136530778668263,0.342118814842988,-58.349606,-49.05339198619969,3.683930048395794
0.204102,-0.6270524047286898,0.3499205723788861,-56.579586,-47.38881799406948,-1.5384879757757357
0.189697,-0.6350213025531787,0.3501269227189824,-56.457516,-50.96844727428783,-12.519785663730719
0.21167,-0.638483481844918,0.31914808341613166,-55.175777,-54.95793968288909,-21.52812059959478
0.236206,-0.6420003282017694,0.2554354514135036,-53.161617,-59.15562802050115,-27.598284966148015
0.269165,-0.6536035556569959,0.2621901917950637,-50.903316,-62.748462718243196,-31.826446437445654
0.31665,-0.6713723782720021,0.27157626365055476,-48.522945,-61.02711854743357,-35.613391361664874
0.349976,-0.6569347009973998,0.25367030830283777,-44.43359,-54.45837439938762,-39.47525834788503
0.335938,-0.639349304755738,0.19752094532315875,-40.039063,-50.697432107017846,-46.74512518506331
0.340332,-0.665712681128876,0.1902698323597393,-35.217285,-50.34507391515259,-55.42170964122838
0.367188,-0.7077184800080799,0.2204206607649403,-33.26416,-53.30895403527256,-62.5138536260001
0.322144,-0.710753827509032,0.25942615937152735,-31.066893,-58.91410228087532,-70.44358585497159
0.28894,-0.7387283773642733,0.25709704529174926,-29.174803,-69.54739744685857,-81.49108146504393
0.356201,-0.7362409571845847,0.2465030344436485,-27.9541,-80.61902225402909,-91.81016500240837
0.431763,-0.7228134813248611,0.23783906600900256,-26.489256,-92.57063046608775,-99.24754551023862
0.545288,-0.7638494950747597,0.2821676883823419,-25.329588,-100.52302591133437,-104.05848750644276
0.559814,-0.6934047351841125,0.23062930877113322,-20.751951,-94.33598397219296,-106.81010215796312
0.574219,-0.6025791835473279,0.04100619918299849,-11.047362,-84.22857968426625,-114.57230918880464
0.710083,-0.6132216633321548,0.03739427877557634,-3.417969,-70.1353135147374,-114.00856465489377
0.658569,-0.5850196977280854,0.04546511281344929,2.197266,-46.6962855729669,-106.34295838272308
0.655762,-0.5445108392078395,0.025214753819428892,13.000487,-16.536791640274192,-104.80560537535885
0.89502,-0.6601108472223689,0.14936108481249816,15.258788,-15.520496083548156,-119.00500427918752
0.906494,-0.6934339525910073,0.1780677063760089,19.897461,-23.7541001208953,-112.0279768926064
0.845825,-0.6747103317959855,0.2145888675065675,27.160643,-6.201569329745997,-101.55776282921452
0.952393,-0.5794379687797433,0.06442338868303303,33.752441,-5.254072644371901,-102.01046024744232
1.025757,-0.5863778565121522,0.09393970905433884,38.879395,-5.126301868467253,-98.51723413110378
0.940674,-0.5726278908530296,0.016662348790332994,45.349117,0.4287444869344892,-94.87273126697335
-0.457275,-0.6447103088393125,-1.2820652217564121,54.26025,-31.02279075416693,-107.35987786165705
-0.65979,0.6948472430030431,1.7456909252044217,81.237785,-23.194534573018082,-105.35977843703162
1.87439,-1.9395377826811984,2.063447197999527,-34.606934,-261.43821549069247,-203.39553184850885
-0.129761,-0.42386880041240094,0.16349887046078398,70.007324,-125.82680857760612,-172.85207238720508
1.347656,-0.30197330383111465,0.10838956716087249,26.18408,-59.67313341881819,-62.2725427234661
1.864624,-0.5545840936149156,0.2517602872462663,30.700682,28.695265178126707,-1.7576897509736762
1.555298,-0.5233140979715575,0.2600014670443516,23.742674,98.43758195982639,32.23161436755003
1.023315,-0.4619966131950617,0.22085948182790918,34.118652,144.00586357355775,10.703637081104716
0.880127,-0.4877159018757585,0.21347417480930922,39.001465,128.3516164547738,-27.755217826443026
0.916138,-0.5776843837991045,0.26888309792110193,43.029781,86.63501454200808,-22.095872555912482
0.950317,-0.6125510886197798,0.3850778170392611,47.302242,39.8188581834615,0.8854440449609426
1.005981,-0.5892173495950971,0.3708464721931829,46.691891,0.988462233777014,14.428937650140345
0.915161,-0.6326474961413273,0.4350817851290826,38.452148,-47.33509131206769,3.4291227334801806
0.877441,-0.6102688307022092,0.42204575298107,37.780762,-35.96179410548294,-3.428128994440014
0.884644,-0.5570444874295304,0.3599100827489718,32.897949,-11.375501423018079,-8.947200166940029
0.863159,-0.550604787805796,0.3409644988636418,27.832029,4.092983883493544,-9.504454832714137
0.816284,-0.5388092458093108,0.34787881726889,22.766111,0.5644789444527359,-8.825115595791509
0.822876,-0.5453708425784646,0.39915439925329094,19.287109,-8.659607734861124,-5.369478546746918
0.810791,-0.554618252528008,0.41785267214746713,18.127441,-13.008425960989216,-4.9587347860577085
0.839966,-0.5327780544205509,0.3959209912354389,16.723633,-13.54969004497952,-7.1613834910325025
0.874512,-0.506792038182149,0.38352103236222024,15.441894,-12.216864562932784,-8.041950567441157
0.897949,-0.5057732896946148,0.38407231134707864,15.075683,-9.377564689115795,-6.921538745374005
0.890625,-0.4868950648586504,0.3697996468431123,16.845703,1.014279261415514,-3.2918518814398983
0.848022,-0.455392062982911,0.32118755886268135,18.127441,5.596708380570992,-1.864078327130974
0.86853,-0.4469287168242923,0.31536677267872,19.40918,10.483160337338456,-0.7545577387647991
0.892944,-0.4585091760493725,0.33253669676522246,17.76123,14.061762763486053,2.8513285664895065
0.879639,-0.458185947225722,0.3665576800421291,16.967773,18.86372020120671,6.548972240756167
0.844116,-0.45974859779186517,0.3704961630252245,15.99121,21.190360152547512,7.764918991758807
0.810547,-0.4598123923627785,0.3666425400217741,14.709472,20.606847650577876,6.856332640893831
0.802612,-0.4676961251800255,0.3769044455887856,13.305663,16.734969368370326,4.562221327347442
0.801514,-0.4723765528470577,0.37744186242298416,11.718749,12.608574418808736,2.65706881652827
0.802979,-0.47266079924661436,0.3671044551085586,10.498046,8.906566965457037,1.5084914982403481
0.798828,-0.46395119259430445,0.35426073750180476,9.277344,5.837432947376222,0.2855761367683837
0.806396,-0.45441256061454416,0.35148087114625914,8.728027,1.4212451148852334,-0.6790466197455518
0.839966,-0.4587101277101828,0.3624989965339321,7.080078,2.32301058279762,0.5335625687314088
0.84436,-0.4617838201238311,0.3778230624417217,5.554199,4.338514196396773,1.7566241519678218
0.828735,-0.45578770558545423,0.3761529033347308,5.065917,7.2094625395650835,1.643083157097584
0.817139,-0.45291737085513806,0.37393158491182493,4.882813,9.06554656061191,0.6068734105483403
0.808594,-0.4613243650388025,0.37591993317001127,4.333496,8.83556700574321,-0.5492593748822061
0.821045,-0.47330354312447176,0.37355991677349604,4.150391,8.043565783937499,-0.6269339957841756
0.810669,-0.4665035775113125,0.35467887292894523,3.723144,5.497836526621222,-0.951861622915065
0.818115,-0.46757201908121293,0.34878885742712273,3.295898,3.386946175466535,-1.6339523768496462
0.817749,-0.46723405435663556,0.34054327546797997,2.441406,2.16010685865881,-1.3544627124919932
0.827515,-0.4644191407727547,0.34426258474730626,1.831055,2.3369459506876264,-0.951420814358035
0.832397,-0.47547664365901415,0.3612769560527752,1.770019,2.8885162076729345,-0.9161406595516699
0.838501,-0.4786651675405257,0.3610873948303935,2.01416,4.543225182661531,-0.810301527236683
0.850952,-0.47822953118310585,0.34455386075675715,2.380371,6.876834381983052,-0.33684669971037456
0.834595,-0.4766795726012164,0.35263680634573813,2.868652,8.598766394273738,0.09073051494159881
0.828003,-0.4748270015506815,0.34986438258615155,3.356933,10.568243045162673,0.8718393445904006
0.825806,-0.4703951864206282,0.33738232876264035,3.967285,10.469224969448451,0.7304256443246451
0.828125,-0.4566708801355624,0.3312503713269025,4.394531,8.231150872710597,0.7696297544667712
0.83606,-0.4701181315686681,0.3505708013659787,4.211426,7.2094625395650835,1.643083157097584
0.833008,-0.47719238700443506,0.37944401885259627,3.845215,6.02516524272152,2.7357704651491725
0.827759,-0.47818164267952556,0.384351796578747,3.784179,6.4917990136470625,2.1982839410820025
0.832397,-0.47920625061054795,0.38664978691547297,3.234863,6.435175404028447,1.8164392759958468
0.838745,-0.4750783377844899,0.376593818702493,2.929687,7.343908150306048,2.28655619370012
0.840942,-0.4778849976128363,0.38056172880832273,2.502441,8.288068084314041,3.2587344173566803
0.828003,-0.47087300757474576,0.36047823469734397,2.319336,7.906223245579707,3.315359011783049
0.813843,-0.4675211018532066,0.3583418302333173,2.197266,6.445920415964974,2.8099609544646578
0.817261,-0.46527144907378765,0.36667203283421795,1.525879,4.430564008938025,2.640529949358087
0.804932,-0.47159481767846967,0.3582429344548347,0.976562,2.6167282322223544,2.382678326605266
0.864746,-0.4727579922036824,0.38382053250515785,1.403808,1.1385659057336772,0.5726202834609085
0.807129,-0.49453880961175917,0.3716748124756158,0.427246,-0.41683121790769273,2.7154538644076776
0.823242,-0.48616440265467425,0.3902573230734098,0.793457,3.7837532361616306,4.199851028335218
0.830933,-0.4869712463862208,0.38639656250159704,0.0,2.786453824121507,2.4745820910302467
0.826294,-0.48730477288207885,0.3749334965035073,0.12207,4.140624093084602,2.5274281407257284
0.821167,-0.47747657942475763,0.36699859540989127,0.610352,4.441162799110104,2.5804212233452337
0.820068,-0.4714732616283088,0.36880043459107287,0.732422,4.05931796037577,2.637045817771603
0.838135,-0.4753396962849566,0.37877862641353616,0.671387,3.6493087838765965,3.556377180573106
0.817871,-0.4760098319803328,0.3882054735614315,0.793457,4.706568730549618,4.238614156272137
0.847412,-0.4804994085896336,0.3939836502521549,0.549316,5.452544959260612,3.8743363708828498
0.824951,-0.4949599197840917,0.3972593744461237,0.366211,6.559462221994788,5.680910456088901
0.833374,-0.49377010752268347,0.407384811314852,0.061035,7.71211087583885,5.822176949782454
0.84729,-0.49727909519849306,0.39635491306096876,-0.061035,8.967261910631795,5.733610110371756
0.848389,-0.5050722399720259,0.3969638995458406,0.732422,11.1665717209768,6.617222305777193
0.870972,-0.5033298588904097,0.41449987166507096,1.403808,14.320494033737425,7.359273594344671
0.87085,-0.5116374669093416,0.42716569295718526,1.708984,20.844089070604372,9.377233327003621
0.914307,-0.4911105974288449,0.46821985134985783,2.563476,38.69976287821893,13.207414604689651
0.960449,-0.4881037760886733,0.5242806702024958,-1.281738,59.47589728175443,16.994760781371223
1.007568,-0.5169329088880502,0.5359315468234155,-8.483887,61.66823998738239,18.620864262741595
1.028076,-0.5475514939119517,0.5331352025788486,-9.216309,73.76808452154539,24.163112419009828
1.009888,-0.5861852047112661,0.5118207141290892,-6.652832,90.51800921822222,34.61576053043126
1.045166,-0.5799545908349328,0.5172572419478393,-1.708984,107.74895243532634,46.20682676058408
0.98938,-0.5639971392815167,0.50408104834269,3.845215,114.17862706516142,59.30206107714646
0.87439,-0.5697448087299958,0.5605823578665499,8.300781,106.40802320075059,65.05921294991728
0.8573,-0.5925981829975235,0.6198929725791651,6.286621,89.62383732487615,62.53354508899641
0.877563,-0.59780542479895,0.6016211545573733,1.098633,72.83631452398741,61.43275385476764
0.897095,-0.5833026091388507,0.5938900898228637,-1.464844,57.5697973763502,65.06248067917409
0.923584,-0.5727662283905783,0.5981037277673763,-5.798339,56.52445569109708,73.80280618431846
0.917847,-0.538900373198165,0.6077936840152901,-9.521484,61.422680788894624,83.2812641203815
0.830444,-0.577361730388256,0.6044826371874371,-11.413573,71.31682130371217,92.8969118861655
0.787476,-0.5792185120400984,0.6248547079682237,-15.136718,75.95921211595649,93.28165266770891
0.726929,-0.5984116462544693,0.6170086560292454,-18.859863,82.43663576431608,93.80403057440269
0.68042,-0.5855154705359968,0.6542376454439244,-25.756834,69.61260337769055,92.72036541131376
0.62915,-0.5913969568767359,0.6158907607148659,-30.334471,65.05515611880845,92.90839153937337
0.527466,-0.5713798370073697,0.6021905602734333,-33.935547,60.59657382022187,92.18419974767984
0.481812,-0.5853584721830082,0.6139803085161399,-39.428711,51.152519172241725,90.20907528967354
0.4646,-0.6001642710290591,0.6199225850605525,-44.616695,39.13775751955112,86.29322323195274
0.457031,-0.5984002441055652,0.5965579437191326,-49.316402,25.082965973661295,82.69940308928325
0.42688,-0.509939350608758,0.5328257819266239,-52.856441,13.676252776969731,78.14704660542927
0.386597,-0.5832723980682278,0.46225754173808636,-56.15234,1.9974619420737756,74.78624980452115
0.373535,-0.5767704330468171,0.4345222344771176,-58.898922,-1.9099909080845396,70.93644759170039
0.397095,-0.5976103684047721,0.47609093971647104,-62.07275,-8.504438524444932,67.91436657924096
0.400757,-0.5879821628110985,0.4081263248566342,-63.049313,-11.612776652667874,64.45337712103115
0.306763,-0.6121159130265622,0.40932474988040757,-59.692379,-8.113022387120674,60.42221973283739
0.275635,-0.655899074526008,0.431973976315618,-63.171383,-15.122284926078239,49.208045562396876
0.248901,-0.6196733522280706,0.3720460673833624,-61.401363,-6.4041835080524265,42.99819134735951
0.238525,-0.6298475427391886,0.3355448014951295,-61.035152,-14.462565465834418,38.78832873282187
0.258179,-0.6079638043099747,0.3196950799088762,-59.509274,-20.777965094635075,33.832201385275354
0.251343,-0.6161078747522737,0.28082535850994056,-56.701656,-20.96947494990351,29.64599212284531
0.28833,-0.6064928219070559,0.26566263913696303,-54.13818,-20.436499064197225,23.108458590016923
0.272827,-0.6054920983933518,0.2445191965495053,-51.696774,-21.950088752064467,20.79634022572803
0.263184,-0.6167817242170934,0.21575477743908517,-49.621578,-18.489098482695073,17.68800325596102
0.253296,-0.6306146435197038,0.20984493238464658,-45.776363,-11.680074689280126,12.814900447921659
0.272461,-0.6317551334160519,0.19241407449421769,-43.334957,-10.475166204902486,7.3874768506927895
0.244873,-0.6082280293526479,0.19606700953193135,-44.738766,-20.617152665116947,-4.688964901884978
0.19165,-0.5974669321951904,0.18705676863793957,-44.55566,-28.19599233815414,-18.29670880627991
0.152466,-0.6102542799154179,0.22372331625674316,-43.212887,-36.464329056080835,-32.21195933257695
0.116821,-0.5784687461720118,0.16648321044231623,-40.64941,-44.66573842487264,-47.912737219324065
0.294556,-0.6140441198139129,0.07158387753507651,-32.043457,-45.402143585723195,-54.983974618609544
0.446777,-0.6576971421228807,0.06326726167928667,-30.456541,-55.94963431927428,-59.136919731328696
0.458496,-0.6384345392527614,0.06579558853079868,-20.996092,-47.33315169546779,-58.79515911409827
0.509766,-0.7303791921934761,0.14366457192991283,-13.122558,-38.459114005316565,-62.37449479233179
0.434082,-0.6865549143063674,0.06102916033976302,-1.647949,-30.890470016940444,-71.20412548665972
0.3573,-0.6439532998468372,0.19199857271701065,7.446289,-42.252035898420345,-81.63631002149695
1.278809,-1.6941644201798183,-1.6071792280180766,15.441894,-51.268958079536546,-88.49425776232025
-0.228516,2.7276561769347736,1.1054365901333174,68.17627,63.125863333599035,-25.497449417579425
1.861206,-4.633802537638878,3.244518154835243,-40.832516,-443.59040940977764,-163.31098910686754
-0.703857,-0.5778158242908905,0.13536280017803548,51.696774,-73.36893272091139,-204.630907756324
2.05188,-0.5527471068772573,-0.3674346863264571,-16.174316,-63.36299798266194,-103.20803001430336
1.010376,-0.623883835089082,0.09786245961827894,30.700682,97.61972513909525,24.21636030159775
0.719238,-0.6520870726169288,0.13057093403925815,39.428711,194.6871802314462,-32.792186940973245
0.386719,-0.34670358015145947,-0.27272170031400234,62.866207,175.72562260973868,-132.63336165349315
0.319702,-0.21859454592757904,-0.2927724153941343,84.167473,91.96078145705039,-141.57756725279148
0.687988,-0.6139585093440584,0.33190155407442995,67.932129,11.313813433395865,-78.57480780197302
0.89978,-0.59611229394707,0.5238293310479682,72.265625,-33.56609828247679,-39.5099923605687
0.965942,-0.5580791126068676,0.6005685650755717,63.354488,-55.602038668396375,-51.26656297628412
0.962646,-0.6240278106438036,0.637158578361071,50.659176,-63.37778207449611,-82.38646691564207
0.885254,-0.64409533299774,0.5984173229532468,42.358395,-51.59142964468895,-93.69517904261264
0.91394,-0.6091767504984917,0.549415422191713,33.569336,-46.88063739089092,-84.55966557541922
1.012695,-0.5882592241086729,0.5017861163524376,26.733397,-45.174218897451944,-68.57866378742078
1.108154,-0.5750153482704714,0.4463598416013569,22.094725,-40.24738778509164,-56.802026967838046
0.999878,-0.5612881986196325,0.4036608423804913,22.460936,-36.276048475349164,-51.205612015603705
0.979492,-0.5744628090723111,0.39823872107788505,21.362303,-38.103233053496574,-45.76396240292326
1.060669,-0.5582301729354301,0.428495151932294,19.592285,-29.9384277138532,-38.994289288711244
1.009644,-0.620031128593692,0.4422647192721034,20.568846,-23.968710224140015,-28.211320195713597
0.942749,-0.5889178019185395,0.44155267418557864,21.362303,-10.320147977914367,-21.96215537851251
0.915649,-0.6018114340339745,0.47249886057214047,20.080564,-10.574368262508502,-19.465935072229254
0.901001,-0.6181387374364583,0.477925090718683,19.775391,-7.519170770773623,-16.75803551650827
0.911499,-0.6226099479766701,0.46251049074641326,18.432617,-3.342827857589308,-11.621286419322857
0.872559,-0.6111987957248153,0.4463007542190977,16.967773,1.3708553578977272,-7.071533955693566
0.858643,-0.5916747686645198,0.4508593208083725,15.319823,6.232333506502007,-7.577812645318264
0.815552,-0.5363168220248288,0.42021151837757625,14.404296,10.38340883589013,-6.164121839119725
0.809082,-0.5757092126465606,0.3877316594938789,14.038085,1.8727692836296344,-8.160590736746043
0.803955,-0.5356539731888061,0.35388903329581395,14.22119,-2.8616711675077484,-9.429238300487471
0.850708,-0.5609277589820301,0.4037243976135174,12.451171,-5.668589146239307,-6.5154525394028395
0.876221,-0.5674988336523585,0.4430985239235319,11.840819,-4.582722721140307,-3.5350335521126777
0.851318,-0.5589198448663013,0.45279252332567255,12.756347,-1.5455319328515738,-3.185424560347502
0.819702,-0.5458382284798587,0.45100801142659264,13.122558,2.8069176314352036,-2.9137837914691245
0.801636,-0.5394243915004061,0.4476771594033098,12.756347,6.409759628852302,-2.9602497667690466
0.831421,-0.534872549493429,0.4331092593369476,11.718749,6.544205239593267,-2.3167767301665103
0.817627,-0.5279253388340047,0.40917196857434074,11.169433,5.794744705647611,-1.581251911407216
0.805664,-0.5137628822105291,0.3991499970922335,11.047362,7.456715372145827,-0.11064389360523261
0.788574,-0.5095477807824891,0.3970419152742445,10.253905,6.095577998465694,0.5790013426642203
0.78479,-0.5212722592602798,0.40166826560942515,9.216309,5.522811493240336,0.6639368439162331
0.788208,-0.521085804162509,0.4181865937178178,8.117676,4.027228508819238,0.71010904358315
0.744141,-0.5254356440112133,0.407007415112454,6.713867,2.5351296559846244,0.38503519468781183
0.835327,-0.5098912342332484,0.4207809240936363,6.286621,1.8983312805702277,-2.3302712894994864
0.765503,-0.5212483208637273,0.4184057017318774,4.272461,4.55397117940581,0.1832203248803056
0.777466,-0.5065221865882606,0.39323750667738594,3.479004,3.6452374483204557,-0.2868967664721453
0.78833,-0.5015675347883304,0.3784928687523148,3.112793,3.433117390325699,-0.13836956607672596
0.807007,-0.5097637286927037,0.3750645304548427,3.051758,4.646020991947062,1.0671261222705706
0.785278,-0.5086615297298175,0.36670593951819475,3.479004,4.1616739459120256,1.353583064993439
0.779663,-0.5053151127344603,0.3800629619144171,3.540039,4.515206893012961,1.1060366304278686
0.758423,-0.5075988162239861,0.38387531923921336,4.150391,5.296608513487016,1.2438188188867605
0.803223,-0.512561907138104,0.3846106590097961,4.943848,4.292341823081678,0.26104215235447686
0.775269,-0.5153556896235435,0.3828792193128817,5.432128,6.081642630575687,2.0639847257536643
0.766724,-0.5157157702543153,0.3891367580414349,5.859375,5.88345892527869,0.7275287167078175
0.765381,-0.5100678163553518,0.3711685372960416,6.347656,5.568690090922424,0.05225983053357801
0.772827,-0.49936301719361453,0.36388271819954543,6.774902,3.2456796817729816,-0.48130372300558405
0.804199,-0.5051514258668359,0.3861661063178674,6.04248,3.638416565367867,1.509224923974453
0.807861,-0.504724797346274,0.4006197732610844,5.737304,5.088267000223147,3.128361126979609
0.78894,-0.5100620586692352,0.41542082885081927,5.859375,6.428207314503656,2.558930388312603
0.789551,-0.5071356113018519,0.4051530098610856,5.676269,7.046852417411102,1.862317873677935
0.789429,-0.5087407516922895,0.40722475461538954,5.126953,6.502397803819141,2.1381752150691495
0.789307,-0.5161286923608228,0.4181934919482931,5.065917,6.035763859245421,2.6756627239440727
0.765503,-0.5148851617743939,0.409735939543453,4.821777,4.914911054973063,2.3540730066352187
0.798462,-0.5107969197640436,0.41888586321880716,4.638672,4.543518784646358,1.29695847056707
0.774536,-0.52136150348941,0.4176424523013218,3.845215,5.180170764648128,2.9586355350804565
0.778564,-0.5121972929668558,0.4183911755467901,3.295898,5.862555120567539,2.9550051817295238
0.780396,-0.5121676804854682,0.42595726357832564,2.441406,5.455881710626716,2.449460728998506
0.7854,-0.5132134078044566,0.43259044790972495,1.89209,5.211966614219832,2.7783123114651564
0.78833,-0.5185012810726483,0.4443011299265651,1.525879,5.318099348519647,3.2308633342803135
0.792358,-0.5518356328535853,0.4442488867955473,0.915527,6.219718421019407,3.3898431030833627
0.811035,-0.5475017286942616,0.43584072244547667,0.244141,6.852592841098043,3.315505233547498
0.801636,-0.4948834692965865,0.4404081772026656,-0.12207,6.5696200299616585,2.459912138950205
0.796021,-0.5343425752551896,0.4301036260747543,0.244141,7.192190246660797,4.552943166879125
0.799316,-0.5343777961317024,0.43592393358294124,0.366211,8.185712909937358,4.542198328590774
0.812866,-0.5290233749737204,0.4449244572378713,0.244141,10.20469868550749,5.394013515968577
0.826416,-0.5390978289247329,0.45988228975427986,0.915527,12.895618391853084,7.355936842978568
0.834839,-0.5371886665613567,0.4574914907099711,0.915527,16.459845452713218,9.285917113844652
0.861816,-0.5451854083561088,0.4669891620386739,1.220703,24.82543898174152,10.699019383969427
0.870239,-0.5678312800287063,0.49138233479639953,0.976562,33.95835711833183,12.681259659017266
0.929932,-0.5712324658465469,0.492393080576762,-0.061035,47.65583896835716,14.786612460658999
0.939819,-0.5705513770559933,0.509619051610622,-1.464844,54.3176571758882,19.184060163969736
0.93103,-0.5890226832550681,0.5532168921110414,0.061035,65.79174096375041,25.11178333867506
0.93335,-0.5926391075809191,0.579352972404295,1.403808,82.52728931033202,33.88852524206009
0.928833,-0.5829592096673255,0.5722590971317514,1.89209,92.73591426808713,42.07218148943269
0.919312,-0.6019785267889454,0.5908447857449627,4.821777,101.10935848856204,49.06457397275607
0.990234,-0.5797764974511648,0.5303043829276347,7.629394,94.50882190923087,53.106767831607506
0.86438,-0.5742300010898111,0.5487599027283201,9.58252,84.58900323102178,62.26553565827672
0.758545,-0.5721161732961809,0.5909042321340525,8.483887,72.17905234125932,64.10581325307972
0.747559,-0.5798558751502422,0.6200327750294712,1.708984,55.63270279419487,68.31556844786932
0.799927,-0.6385252933143266,0.678605793239973,-6.347656,49.33662557450536,75.2004011917344
0.743652,-0.5484141423984682,0.736267440368887,-11.96289,43.47465765790748,76.45991600561237
0.683105,-0.5864865815683135,0.6829471760629178,-18.005371,33.52157459925802,75.26271002130139
0.654663,-0.6101056471120632,0.627094236723613,-23.071287,21.51015757639553,69.92198371088168
0.63147,-0.6246393947109471,0.5632982739145768,-27.160643,24.70588900433075,66.20907928863066
0.567139,-0.5869145474578451,0.555323977410802,-32.592773,12.86144095866852,66.5996521493983
0.603516,-0.621304565223147,0.5907839298515796,-37.475586,3.5027629107124674,68.35818888543012
0.642822,-0.6035768229281419,0.5900674348258599,-40.893551,2.0463850212412504,70.64243535548306
0.580322,-0.5737807779872804,0.5736297381842325,-43.823238,-0.42122979142378114,72.68639690883188
0.561401,-0.5922828964561965,0.5478075824616325,-47.546383,-0.27284881279281165,71.84488656234498
0.520264,-0.5826976954302533,0.5208647124160666,-51.025387,-3.0556712987556334,70.05268900088231
0.490234,-0.5870101391063526,0.48205018453615445,-53.344723,-8.720189109438799,67.38051040852473
0.468262,-0.6006441506648256,0.47642317637697934,-57.434078,-17.835391016496356,65.64930023576572
0.473022,-0.6157365362432454,0.4593835407719464,-60.607906,-23.917033647072046,63.585315510012066
0.474121,-0.6222879550091353,0.48599417415700413,-62.805172,-29.457852828566278,60.563087928491846
0.452148,-0.6193625760507868,0.4223025418733983,-62.866207,-33.76079129855635,60.36215386463881
0.433228,-0.6592170492063839,0.4198607895334214,-59.387203,-28.669335738347055,61.012008597956076
0.361816,-0.667083891148545,0.39417855593007106,-58.1665,-23.522133378161303,55.721922615046225
0.350586,-0.6510956208796735,0.3435740944487992,-56.03027,-19.308345823480145,50.45318518463557
0.323486,-0.6540478408444428,0.31603202084713267,-53.710934,-16.92233155666835,46.41158015207294
0.340698,-0.6470976375282541,0.31316637539389847,-51.330563,-14.448041909167001,41.51786551898811
0.316284,-0.6511661579444565,0.29546800624239344,-48.828121,-15.33965009005705,37.084260967795714
0.319702,-0.6442260965638701,0.2659507010633346,-45.715328,-13.437834677900339,34.38274362973397
0.313354,-0.6436667491821303,0.26629709319162415,-42.785641,-7.96119538432692,33.55109748922911
0.302856,-0.664206603964002,0.23515831685825456,-38.635254,-2.5557030833913545,29.608068912664095
0.265015,-0.6419355127554411,0.20797263973996372,-33.630371,1.8243249467947151,24.802481121592503
0.217651,-0.6683226899446159,0.23529971417150689,-34.057617,-4.919678056135962,14.192870464404981
0.150024,-0.6649994658759453,0.22770541145240178,-33.630371,-17.473096701602046,1.3813453391363475
0.113281,-0.6586544335178135,0.24444248856802328,-33.996582,-35.25575622380775,-11.298632435112257
0.09729,-0.6423113140948928,0.2564965700563887,-34.790039,-61.613234201387016,-29.828952655364084
0.094604,-0.626545072606039,0.23175852263313512,-35.705566,-88.70971243969046,-48.737484813357966
0.339844,-0.548530974533115,0.10495103796890799,-33.02002,-86.28159499185604,-55.12678243086389
0.424072,-0.5985972080206129,0.09364435382299933,-27.160643,-62.98398092399947,-47.362157098171224
0.420532,-0.5524397432774516,0.06385291455793829,-21.606443,-26.279988670673205,-46.0343178687465
0.41333,-0.5980561610182524,0.1193985700630878,-19.104004,-4.138095129251365,-60.53719063020806
0.442017,-0.6641047513518996,0.15373906194858714,-13.97705,-1.0848054141085914,-71.52648754828596
0.360596,-0.630895944796116,0.11583892240873128,-6.103515,-10.451624106480105,-77.45450444154298
0.38208,-0.6913879443664275,0.09054634584987822,-2.441406,-34.614702715866635,-79.60789789407853
0.470825,-0.7227351359671564,0.04337025228812621,0.915527,-54.676073475524205,-79.36467933151931
-1.0979,-0.41100739125581276,-0.6574081921257835,20.629881,-96.66797789793684,-95.69363250083552
3.999878,1.2343164374449094,0.2496231363682194,5.676269,-64.93494063639827,-92.88719430632557
0.133789,-2.023281390258238,1.9795151568532359,-40.283199,-387.7319493226169,-200.31604525830082
-0.207886,-0.9066894672552711,0.4476224166117604,19.165039,-93.51420917332695,-197.58504379534492
1.617188,-0.34153939330588373,-0.5086857731539666,-16.296387,-65.52545215144708,-118.71165006501647
1.049072,-0.44111264570382935,-0.16962945972079224,12.145995,45.0352942576284,-14.990447807010565
0.920166,-0.5667844264858181,0.08896550310734136,18.005371,124.8450041241725,-47.58631560289524
0.67627,-0.5314590746406714,0.011650091247760577,34.973145,133.96387054150063,-121.09420101791329
