0.220947,-0.516846,0.858521,0.000000,0.000000,0.000000
0.226196,-0.516846,0.849243,0.000000,0.000000,0.000000
0.234009,-0.520020,0.844727,0.000000,0.000000,0.000000
0.236938,-0.516602,0.847778,0.915527,0.427246,0.305176
0.241211,-0.520630,0.851807,1.220703,0.122070,-0.122070
0.235352,-0.523682,0.848633,1.525879,0.305176,0.122070
0.233276,-0.521484,0.843750,1.342773,0.488281,0.305176
0.234375,-0.521362,0.835938,1.403808,0.000000,0.549316
0.239502,-0.517090,0.843018,1.403808,-0.427246,0.915527
0.238647,-0.515381,0.845947,1.220703,-0.305176,1.037598
0.238525,-0.523926,0.848145,1.525879,0.000000,1.342773
0.233398,-0.518799,0.847290,1.647949,0.671387,1.098633
0.230713,-0.514893,0.846680,1.647949,1.220703,0.854492
0.232544,-0.514282,0.846191,1.342773,1.464844,0.915527
0.217285,-0.508057,0.837036,1.403808,1.220703,0.793457
0.221069,-0.510498,0.846924,1.220703,0.488281,1.220703
0.229370,-0.515503,0.848999,1.342773,0.610352,0.976562
0.221313,-0.513062,0.848267,1.281738,0.671387,0.549316
0.223999,-0.516846,0.850952,1.159668,0.793457,0.366211
0.213379,-0.518311,0.840820,1.159668,0.732422,0.610352
0.224976,-0.519653,0.840454,1.159668,0.549316,0.610352
0.229980,-0.519165,0.846680,1.464844,0.305176,0.366211
0.225586,-0.516968,0.846802,1.464844,0.427246,0.244141
0.223145,-0.519043,0.846558,1.220703,0.183105,0.305176
0.233643,-0.515503,0.847656,1.037598,-0.244141,0.366211
0.227661,-0.516968,0.850586,1.647949,0.122070,0.183105
0.232544,-0.518677,0.855835,1.586914,-0.305176,0.000000
0.231201,-0.516357,0.856812,1.403808,-0.488281,0.244141
0.232300,-0.515503,0.853760,1.647949,0.061035,0.671387
0.240112,-0.520142,0.852051,2.014160,0.000000,2.319336
0.244751,-0.518433,0.859253,1.403808,-1.831055,2.868652
0.241821,-0.510254,0.857666,1.831055,-2.807617,3.234863
0.234863,-0.513306,0.875000,0.915527,-2.868652,5.187988
0.247681,-0.518799,0.876221,-0.061035,-3.723144,6.042480
0.243530,-0.513184,0.877930,0.000000,-2.441406,6.530761
0.234741,-0.508789,0.889038,-1.037598,-1.342773,6.896972
0.225708,-0.512695,0.905151,-3.479004,-2.807617,7.019042
0.235840,-0.511230,0.890015,-4.516602,-4.089355,6.652832
0.248535,-0.531616,0.886475,-6.103515,-3.784179,8.117676
0.261108,-0.536743,0.905640,-7.934570,-2.014160,9.033203
0.265137,-0.540527,0.909058,-8.850098,1.892090,10.009766
0.237183,-0.543091,0.920532,-10.131835,3.601074,10.131835
0.219971,-0.537598,0.922607,-12.207030,6.225585,9.338379
0.192993,-0.536987,0.906372,-13.366698,6.652832,8.422852
0.174561,-0.537476,0.901489,-15.319823,7.080078,7.141113
0.165771,-0.536377,0.918213,-17.456055,7.568359,6.286621
0.154419,-0.516357,0.899292,-19.042969,6.530761,5.615234
0.170410,-0.510498,0.902954,-21.118162,6.713867,6.652832
0.186890,-0.521118,0.930176,-23.986814,7.751464,6.835937
0.161377,-0.525513,0.932251,-26.672361,8.056641,5.187988
0.172729,-0.538208,0.890015,-28.076170,8.911133,2.563476
0.194702,-0.544067,0.875244,-29.235838,10.803222,0.854492
0.191406,-0.541992,0.863159,-29.968260,11.718749,0.000000
0.184814,-0.543335,0.824951,-30.517576,10.192870,-0.366211
0.196899,-0.550415,0.799927,-31.494139,7.934570,-0.305176
0.174438,-0.553955,0.782349,-31.555174,5.737304,-1.953125
0.191162,-0.563599,0.761719,-31.127928,5.920410,-2.868652
0.206543,-0.575317,0.765991,-29.418943,5.981445,-3.051758
0.187866,-0.573853,0.768921,-28.259275,4.516602,-3.723144
0.180908,-0.577515,0.776611,-26.977537,4.577637,-4.150391
0.194336,-0.578735,0.764038,-25.451658,4.638672,-4.943848
0.204346,-0.578979,0.747314,-23.559568,3.540039,-5.249023
0.217651,-0.580566,0.723389,-21.972654,2.685547,-5.371093
0.223511,-0.580200,0.718018,-20.019531,4.516602,-5.065917
0.213379,-0.578247,0.735229,-18.310547,4.638672,-4.882813
0.192383,-0.583740,0.738403,-17.089844,2.929687,-5.432128
0.194946,-0.590942,0.719727,-15.563964,1.831055,-4.760742
0.214478,-0.592651,0.696899,-13.610839,0.549316,-5.065917
0.212646,-0.590698,0.696289,-12.512206,-1.037598,-5.432128
0.198242,-0.593018,0.708862,-11.657714,-3.173828,-6.103515
0.209351,-0.595459,0.698608,-11.291503,-5.310058,-6.042480
0.206421,-0.594360,0.713745,-10.192870,-7.019042,-5.859375
0.215820,-0.590698,0.717407,-9.826660,-9.338379,-5.981445
0.225586,-0.598999,0.699463,-9.094238,-8.178711,-5.126953
0.218750,-0.603027,0.728271,-8.483887,-7.080078,-4.943848
0.210815,-0.603149,0.736938,-8.850098,-7.751464,-6.652832
0.202026,-0.607788,0.727051,-7.629394,-7.263183,-7.019042
0.203979,-0.611694,0.705566,-7.202148,-10.559081,-7.385253
0.218384,-0.613037,0.709595,-6.530761,-13.610839,-7.934570
0.192505,-0.617798,0.728760,-5.798339,-16.235352,-8.728027
0.173340,-0.606201,0.695679,-3.601074,-19.104004,-11.779784
0.193481,-0.608887,0.683105,-1.647949,-22.338865,-13.916015
0.172729,-0.593994,0.626953,1.159668,-21.545408,-14.404296
0.168091,-0.582153,0.596924,5.126953,-17.089844,-15.991210
0.207764,-0.580933,0.606079,7.141113,-16.845703,-19.226074
0.164185,-0.567871,0.566162,10.131835,-16.418457,-21.789549
0.204468,-0.559692,0.572510,14.648437,-11.230468,-23.925779
0.274048,-0.548706,0.583130,17.517090,-10.314940,-24.414061
0.286743,-0.544678,0.585449,22.583006,-8.728027,-25.024412
0.092163,-0.533203,0.432373,25.939939,-15.869140,-29.785154
-0.375366,-0.614380,-2.328613,48.156734,-20.935057,-56.396481
-0.587891,0.354614,1.939453,11.901855,4.211426,-47.668453
0.894897,-1.761719,3.000488,-111.694328,-306.762695,-55.419918
-0.098267,-0.976685,0.597778,96.130363,-112.792961,-119.323723
0.534912,-0.407349,0.743774,14.709472,-110.961906,-9.216309
1.160522,-0.462891,0.296753,35.461426,-35.644531,-24.108885
0.702026,-0.583496,0.569458,20.568846,-4.638672,-13.366698
0.400879,-0.410889,0.603271,35.278320,26.000975,-30.151365
0.377197,-0.480713,0.693726,49.316402,35.461426,-49.560543
0.437500,-0.582520,0.831055,52.185055,31.433104,-36.865234
0.378296,-0.557861,0.865845,49.621578,3.784179,-18.554688
0.372192,-0.545410,0.872559,47.424313,-20.263670,-6.225585
0.412231,-0.522705,0.801270,45.837399,-35.583496,-11.901855
0.367554,-0.489624,0.743286,50.903316,-37.231445,-23.376463
0.414551,-0.510254,0.829834,43.762203,-33.813477,-21.240232
0.462402,-0.520264,0.900391,40.222164,-25.512693,-13.549804
0.449219,-0.513794,0.912720,35.400391,-18.127441,-7.019042
0.410156,-0.500610,0.921753,30.944822,-14.343261,-6.958007
0.386841,-0.498413,0.959106,25.390623,-19.592285,-10.986327
0.419189,-0.506714,0.988525,20.141600,-27.221678,-12.573241
0.422852,-0.511230,1.012695,16.845703,-28.747557,-10.375976
0.425049,-0.521606,0.992676,14.343261,-27.526854,-8.483887
0.425415,-0.517212,0.967285,11.291503,-26.123045,-7.934570
0.420044,-0.526611,0.947632,9.338379,-22.155760,-8.117676
0.412842,-0.520264,0.929077,7.385253,-19.592285,-8.850098
0.430908,-0.531860,0.914063,5.737304,-17.761230,-9.338379
0.452148,-0.528809,0.892822,3.601074,-17.822266,-9.338379
0.458984,-0.510376,0.875732,2.075195,-16.662598,-8.239746
0.456665,-0.501221,0.861450,1.281738,-14.892577,-7.446289
0.449219,-0.496826,0.849609,0.122070,-12.145995,-6.286621
0.465576,-0.499756,0.848755,-0.732422,-9.521484,-5.676269
0.460327,-0.492188,0.849854,-0.610352,-6.652832,-5.432128
0.450928,-0.495483,0.845947,-0.915527,-2.929687,-5.859375
0.469482,-0.492065,0.833130,-0.915527,-1.953125,-5.981445
0.477539,-0.482544,0.820801,-0.915527,-1.403808,-4.943848
0.488281,-0.483521,0.809937,-1.037598,-1.098633,-3.540039
0.479004,-0.478149,0.807495,-0.122070,0.244141,-2.075195
0.455811,-0.474243,0.792114,0.000000,1.037598,-0.793457
0.463989,-0.471924,0.795044,-0.244141,1.342773,-0.244141
0.468994,-0.474365,0.793823,-0.305176,0.610352,0.122070
0.455566,-0.464355,0.780640,0.000000,-0.122070,0.183105
0.457031,-0.469116,0.765381,0.183105,-0.732422,0.488281
0.457764,-0.469116,0.765747,0.305176,-0.732422,0.549316
0.463501,-0.463135,0.765625,0.610352,-2.014160,0.549316
0.463623,-0.465942,0.772827,0.427246,-1.831055,1.525879
0.453003,-0.463379,0.765137,0.793457,-1.342773,2.075195
0.451172,-0.460327,0.766357,0.915527,-1.464844,2.136230
0.461304,-0.467529,0.770142,0.732422,-1.220703,2.563476
0.447876,-0.457764,0.776855,1.037598,-0.061035,2.136230
0.438477,-0.461060,0.775391,1.098633,0.610352,1.525879
0.422852,-0.459351,0.771362,1.037598,0.183105,0.854492
0.432861,-0.466187,0.786255,1.525879,-0.305176,0.427246
0.447998,-0.465332,0.775635,1.586914,-1.220703,0.610352
0.450439,-0.461304,0.777710,1.220703,-1.342773,0.915527
0.449463,-0.460693,0.785278,1.037598,-0.976562,0.732422
0.446655,-0.464111,0.789917,0.915527,-0.793457,0.122070
0.448975,-0.471191,0.788330,0.793457,-0.915527,-0.122070
0.449585,-0.469971,0.786255,0.854492,-1.220703,0.122070
0.450684,-0.468018,0.791992,0.549316,-1.525879,0.610352
0.447754,-0.467896,0.794556,0.122070,-1.098633,1.281738
0.450562,-0.466553,0.799561,0.000000,-0.671387,1.037598
0.452881,-0.466797,0.801880,-0.305176,-0.793457,0.671387
0.446167,-0.468140,0.788086,-0.305176,-0.854492,0.427246
0.449341,-0.470337,0.797119,-0.488281,-0.549316,0.366211
0.457642,-0.473145,0.791992,-0.549316,-0.061035,0.671387
0.458130,-0.472534,0.799438,-0.488281,0.183105,1.098633
0.449829,-0.474121,0.795044,-0.366211,0.549316,1.220703
0.456543,-0.474243,0.788330,-0.244141,0.366211,1.647949
0.448608,-0.476074,0.790039,-0.427246,0.671387,1.586914
0.448975,-0.473389,0.795410,-0.061035,0.793457,1.647949
0.446899,-0.476074,0.790405,0.000000,1.037598,1.708984
0.448608,-0.475708,0.802612,0.122070,1.525879,1.892090
0.452393,-0.475586,0.805420,0.244141,2.258301,2.258301
0.446533,-0.475220,0.801880,0.000000,2.258301,1.708984
0.453247,-0.472412,0.800781,0.122070,2.807617,2.136230
0.448486,-0.467773,0.792969,-0.244141,4.028320,2.258301
0.439087,-0.466187,0.787964,-0.305176,5.371093,2.136230
0.440552,-0.469238,0.786255,-0.488281,5.187988,1.953125
0.441772,-0.475098,0.797729,-0.732422,5.004883,2.136230
0.440308,-0.475586,0.799072,-0.671387,4.882813,2.258301
0.432495,-0.477661,0.802246,-0.732422,6.225585,2.197266
0.443115,-0.476074,0.799072,-0.732422,8.300781,1.831055
0.446411,-0.471680,0.805542,-0.854492,8.850098,1.281738
0.448975,-0.473999,0.800903,-1.098633,7.629394,0.732422
0.451416,-0.479126,0.804810,-1.525879,6.103515,1.525879
0.442383,-0.474976,0.796631,-1.892090,6.469726,2.441406
0.445190,-0.482178,0.807983,-2.197266,6.530761,3.295898
0.456421,-0.483643,0.801514,-2.685547,6.408691,3.906250
0.460938,-0.486206,0.810303,-2.929687,8.605957,4.272461
0.463257,-0.488403,0.817749,-3.234863,8.605957,4.394531
0.453003,-0.485962,0.814087,-3.417969,8.666992,4.638672
0.447021,-0.488647,0.825439,-3.906250,10.803222,4.943848
0.450806,-0.490112,0.807617,-4.821777,12.817382,5.798339
0.493408,-0.485229,0.816650,-4.943848,14.465331,5.004883
0.472778,-0.489624,0.828003,-5.920410,16.296387,7.568359
0.453857,-0.510620,0.839355,-7.324218,15.075683,7.568359
0.472778,-0.516724,0.858521,-8.361816,14.465331,7.995605
0.470215,-0.526978,0.846069,-8.605957,17.517090,10.498046
0.468872,-0.524780,0.861084,-7.873535,19.470215,12.878417
0.454468,-0.522217,0.863159,-7.873535,15.075683,15.014647
0.454956,-0.522095,0.852539,-7.995605,10.192870,16.235352
0.446045,-0.516602,0.880249,-7.446289,4.760742,18.371582
0.457275,-0.522827,0.908203,-8.361816,-1.037598,21.667479
0.440918,-0.518677,0.907471,-8.422852,-4.699707,25.390623
0.446167,-0.513062,0.911621,-10.375976,-2.929687,30.090330
0.435059,-0.508423,0.910400,-14.038085,-5.065917,32.348633
0.420654,-0.508301,0.878540,-17.395020,-7.263183,33.813477
0.404663,-0.506714,0.855347,-22.460936,-9.887695,34.667969
0.405396,-0.501221,0.870117,-26.855467,-14.831542,35.156250
0.406982,-0.496704,0.849121,-31.005857,-20.263670,35.827637
0.382324,-0.502686,0.853638,-35.095215,-23.803709,36.804199
0.394653,-0.523438,0.843872,-38.208008,-20.324705,36.987305
0.387695,-0.528809,0.826172,-39.428711,-16.540527,36.926270
0.358887,-0.529663,0.808105,-42.114254,-17.700195,36.804199
0.335083,-0.539063,0.769653,-44.433590,-19.836426,35.217285
0.334473,-0.543335,0.729736,-45.532223,-22.827147,34.423828
0.323364,-0.557739,0.729858,-46.813961,-24.353025,34.118652
0.338013,-0.566406,0.720459,-47.241207,-23.437498,32.897949
0.334351,-0.575806,0.720459,-47.302242,-23.986814,32.714844
0.321777,-0.566162,0.687256,-45.959469,-25.878904,32.165527
0.315430,-0.583984,0.670410,-43.823238,-23.803709,31.799314
0.341431,-0.578979,0.658447,-41.931149,-21.911619,29.541014
0.344849,-0.578613,0.644043,-40.100098,-18.676758,29.357908
0.310425,-0.576172,0.612793,-36.682129,-14.465331,28.686522
0.302612,-0.573364,0.604492,-33.203125,-7.507324,27.343748
0.261475,-0.577637,0.569702,-31.799314,-3.112793,24.597166
0.285034,-0.592773,0.568115,-29.296873,0.488281,20.935057
0.268799,-0.591309,0.573486,-27.160643,2.380371,17.333984
0.241333,-0.584229,0.550903,-24.230955,4.455566,11.474608
0.196777,-0.593872,0.506714,-21.362303,6.652832,7.873535
0.213135,-0.595703,0.486816,-18.859863,4.699707,2.502441
0.236084,-0.588257,0.514160,-17.578125,1.037598,-3.112793
0.218750,-0.581177,0.521606,-15.747069,-0.610352,-7.812500
0.205933,-0.600952,0.514038,-13.732909,1.831055,-11.718749
0.196167,-0.585938,0.529419,-11.108397,-0.305176,-18.127441
0.219849,-0.621216,0.575317,-9.094238,-5.554199,-24.169920
0.242065,-0.586792,0.520996,-4.760742,-6.713867,-27.465818
0.276611,-0.553223,0.380493,6.225585,3.295898,-31.372068
0.313721,-0.532227,0.364990,11.413573,12.207030,-30.822752
0.301270,-0.545166,0.388550,16.723633,17.089844,-36.315918
0.273804,-0.565430,0.433105,22.521971,19.531250,-44.494625
0.268311,-0.551147,0.483398,26.000975,10.681151,-50.476070
0.297241,-0.563599,0.508545,31.249998,4.455566,-51.269527
0.405396,-0.577026,0.573364,35.095215,3.234863,-51.757809
0.393066,-0.567261,0.543823,40.039063,1.159668,-56.762691
0.290649,-0.504883,0.452759,43.762203,-3.662109,-64.941406
-0.315430,-0.843872,-0.917480,49.133297,-39.428711,-78.002930
-0.105469,0.344971,0.630981,99.243156,9.033203,-107.055656
2.729736,-0.906982,1.807861,-97.228996,-259.826660,-117.370598
0.148071,-1.109375,1.240845,62.805172,-236.938461,-132.995605
0.054932,-0.294067,0.510376,50.231930,-41.381832,-41.564938
1.362305,-0.394775,0.425171,53.039547,-8.789063,-11.474608
1.295410,-0.582642,0.725464,31.433104,33.081055,-7.324218
0.681396,-0.502808,0.696045,43.029781,75.317383,-26.123045
0.546021,-0.446899,0.722412,52.062984,78.796387,-54.565426
0.663940,-0.600952,0.857422,57.495113,63.720699,-43.640133
0.639893,-0.666138,0.942261,51.330563,44.982906,-8.666992
0.519531,-0.596680,0.846069,47.363277,16.540527,7.385253
0.570435,-0.493530,0.741089,45.410152,-10.742187,-2.258301
0.529541,-0.522827,0.767944,39.611816,-23.803709,-13.610839
0.525024,-0.541016,0.843506,35.644531,-10.375976,-15.686034
0.508545,-0.518066,0.914185,28.564451,2.197266,-8.972168
0.506714,-0.524536,0.924805,24.047850,1.281738,-6.042480
0.520996,-0.559326,0.932739,20.385740,-5.432128,-5.432128
0.486694,-0.551636,0.920654,16.784668,-6.896972,-5.493164
0.555298,-0.526367,0.907471,13.122558,-10.375976,-6.713867
0.556274,-0.517700,0.866699,11.352538,-15.075683,-6.408691
0.544434,-0.512085,0.826294,11.352538,-15.075683,-6.774902
0.560913,-0.509766,0.823730,9.216309,-15.258788,-2.868652
0.572388,-0.508301,0.836304,7.019042,-12.756347,1.770019
0.560303,-0.503662,0.843262,6.591796,-6.774902,3.112793
0.545532,-0.504028,0.832886,5.798339,-1.708984,2.990722
0.543823,-0.501587,0.802734,5.615234,2.197266,2.319336
0.533936,-0.492310,0.788452,4.882813,3.173828,2.624511
0.510498,-0.485840,0.782593,4.272461,2.624511,2.441406
0.502930,-0.484131,0.761475,3.662109,1.098633,1.770019
0.522827,-0.476807,0.751465,3.662109,-0.610352,1.525879
0.533691,-0.471802,0.762451,2.990722,-2.197266,2.380371
0.531738,-0.458130,0.760742,3.417969,-1.464844,3.112793
0.545776,-0.455078,0.757935,3.784179,0.915527,3.723144
0.517212,-0.452148,0.750122,4.089355,3.540039,3.845215
0.510132,-0.447998,0.757813,4.211426,5.615234,3.356933
0.512695,-0.445679,0.754517,3.723144,6.591796,3.295898
0.494751,-0.445679,0.759644,3.112793,6.103515,2.746582
0.498169,-0.444702,0.759521,1.892090,4.577637,1.770019
0.504395,-0.454346,0.754028,0.793457,2.746582,0.793457
0.505615,-0.452026,0.751709,0.549316,0.366211,0.183105
0.510620,-0.452271,0.746582,-0.061035,-2.258301,0.610352
0.514404,-0.454590,0.741455,-0.183105,-2.014160,1.220703
0.517212,-0.459717,0.736816,-0.183105,-0.854492,0.488281
0.512939,-0.455200,0.732300,-0.122070,-0.488281,-0.305176
0.521118,-0.448364,0.720459,0.000000,0.000000,-0.610352
0.526855,-0.453247,0.723755,0.000000,-0.183105,-0.915527
0.518921,-0.450439,0.743774,0.122070,0.915527,-0.854492
0.527100,-0.452148,0.750610,0.427246,1.159668,-0.671387
0.519897,-0.455811,0.750610,0.976562,0.976562,0.061035
0.524658,-0.453491,0.736816,1.037598,0.427246,0.488281
0.523315,-0.460327,0.736450,1.403808,0.671387,0.183105
0.522705,-0.454834,0.743164,1.281738,0.915527,0.061035
0.516357,-0.463623,0.747925,1.281738,1.586914,-0.488281
0.513306,-0.463013,0.751709,1.159668,1.586914,-0.793457
0.517212,-0.457520,0.749756,0.671387,2.014160,-0.244141
0.522461,-0.460083,0.763184,0.244141,2.685547,-0.183105
0.532227,-0.464111,0.763550,0.061035,2.136230,-0.427246
0.517822,-0.458984,0.755981,-0.427246,1.831055,0.244141
0.518555,-0.458984,0.752808,-0.305176,1.770019,0.183105
0.509399,-0.465454,0.749878,-0.793457,1.708984,-0.061035
0.510620,-0.460938,0.748657,-0.976562,1.586914,-0.122070
0.510742,-0.471802,0.756104,-0.793457,1.464844,-0.488281
0.511230,-0.466431,0.751587,-0.549316,1.647949,-0.610352
0.512207,-0.468628,0.756104,-0.244141,2.380371,-0.732422
0.522705,-0.467163,0.750732,0.183105,3.112793,-0.854492
0.515747,-0.468750,0.758301,0.427246,4.028320,-0.793457
0.521851,-0.466064,0.768677,0.549316,5.249023,-0.671387
0.519287,-0.471069,0.768799,0.976562,6.713867,-0.671387
0.540405,-0.462036,0.752441,1.281738,7.507324,-2.929687
0.521851,-0.472778,0.777222,1.159668,16.601563,-2.136230
0.528076,-0.473022,0.791260,-0.915527,36.437988,-3.906250
0.539185,-0.437012,0.817627,-6.530761,48.522945,-6.042480
0.543457,-0.462158,0.814209,-10.131835,36.926270,-7.812500
0.558350,-0.507690,0.842285,-10.131835,28.625486,-5.798339
0.596191,-0.513062,0.873901,-7.324218,32.531738,-1.281738
0.595703,-0.509399,0.837891,-4.333496,31.860350,7.324218
0.557739,-0.509277,0.833618,-0.671387,24.414061,9.033203
0.479248,-0.505249,0.856079,-1.647949,7.080078,9.399414
0.468140,-0.502808,0.828369,-4.455566,2.624511,10.070800
0.488525,-0.501343,0.795288,-5.065917,-5.187988,11.230468
0.526611,-0.524658,0.835571,-8.117676,-9.643555,16.357422
0.537231,-0.520508,0.856201,-10.925292,-12.634276,18.310547
0.561157,-0.524414,0.860596,-11.230468,-5.126953,20.568846
0.555664,-0.514404,0.851563,-10.742187,5.798339,23.620604
0.530640,-0.523682,0.830688,-11.230468,8.850098,24.230955
0.531860,-0.537842,0.827881,-10.864257,10.681151,25.939939
0.498413,-0.530273,0.813354,-11.474608,12.451171,28.991697
0.485718,-0.532593,0.818115,-12.817382,10.681151,31.677244
0.453857,-0.525879,0.806763,-14.526366,7.019042,32.836914
0.457764,-0.528442,0.811890,-15.014647,3.173828,33.813477
0.453613,-0.519409,0.814209,-16.601563,1.037598,33.874512
0.440796,-0.528931,0.807007,-17.639160,1.098633,34.240723
0.436157,-0.532837,0.805176,-17.578125,3.845215,34.729004
0.462402,-0.540649,0.771973,-18.005371,6.713867,34.484863
0.456299,-0.528564,0.733032,-17.333984,9.887695,36.132813
0.431274,-0.526855,0.707764,-16.296387,13.610839,36.254883
0.434570,-0.535645,0.709717,-15.869140,16.784668,35.827637
0.420044,-0.524536,0.709229,-16.479492,13.305663,36.560059
0.416260,-0.517334,0.704956,-14.343261,15.014647,37.658691
0.355835,-0.529907,0.743774,-15.380858,14.465331,37.292480
0.362549,-0.527466,0.758911,-16.784668,15.319823,33.691406
0.401367,-0.524292,0.743408,-16.845703,18.432617,35.278320
0.386841,-0.532837,0.728638,-17.089844,19.104004,35.766602
0.372437,-0.522949,0.697510,-17.639160,16.357422,32.348633
0.370483,-0.522461,0.677246,-18.371582,13.427733,30.212400
0.361694,-0.538818,0.692993,-19.592285,10.742187,29.663084
0.331177,-0.538330,0.696899,-19.531250,9.338379,29.174803
0.332520,-0.544678,0.714966,-20.141600,8.361816,29.235838
0.336914,-0.543945,0.719727,-20.812986,9.033203,28.320311
0.340088,-0.546387,0.719482,-21.057127,9.704590,26.489256
0.312988,-0.544312,0.716797,-21.667479,9.704590,25.451658
0.311279,-0.547119,0.716309,-21.118162,9.216309,22.705076
0.305054,-0.551636,0.662598,-22.338865,6.530761,21.179197
0.292114,-0.547241,0.671143,-21.057127,8.422852,21.118162
0.298462,-0.544678,0.676147,-23.132322,5.981445,19.165039
0.301758,-0.548950,0.692017,-23.681639,4.028320,16.906738
0.266235,-0.553833,0.696289,-23.376463,5.493164,15.441894
0.267822,-0.563232,0.692261,-24.230955,6.774902,14.282226
0.247803,-0.556763,0.665161,-23.498533,7.446289,11.962890
0.229614,-0.548340,0.610229,-22.216795,8.911133,7.873535
0.246094,-0.562134,0.595215,-21.911619,6.835937,4.882813
0.223999,-0.571899,0.605103,-22.094725,3.295898,2.685547
0.224121,-0.574219,0.562622,-19.714355,5.371093,-0.549316
0.203857,-0.558472,0.555420,-17.272949,3.479004,-7.324218
0.168823,-0.563721,0.559082,-17.456055,-0.244141,-13.977050
0.133179,-0.577515,0.584595,-14.526366,-6.469726,-20.935057
0.127441,-0.592529,0.654785,-13.854980,-17.517090,-25.939939
0.111450,-0.540405,0.558960,-8.728027,-27.465818,-30.517576
0.234619,-0.481445,0.416626,-2.075195,-27.709959,-32.897949
0.334106,-0.533691,0.457397,1.098633,-23.315428,-33.264160
0.359253,-0.551392,0.440918,6.225585,-10.437011,-39.123535
0.311035,-0.547363,0.493164,13.793944,5.126953,-46.874996
0.300903,-0.591919,0.549805,20.568846,7.812500,-53.833004
0.352295,-0.628174,0.565186,26.428221,6.469726,-53.710934
0.388306,-0.589478,0.567383,33.264160,18.920898,-52.246090
0.375122,-0.601196,0.621338,38.024902,13.854980,-59.692379
0.367920,-0.510742,0.492554,42.114254,3.906250,-64.208984
0.434937,-0.563721,0.573364,41.381832,-11.535644,-59.814449
0.331787,-0.552124,0.468018,45.471188,-24.780272,-64.514160
-0.063843,-0.516968,-2.079346,99.304192,-31.494139,-83.312981
-0.256226,0.053223,1.965942,-78.308105,-129.455566,-53.710934
1.350708,-1.529297,2.771118,33.752441,-317.443848,-164.001450
-0.843872,-0.376343,0.435059,69.091797,17.578125,-22.338865
1.701172,-0.232910,0.236694,61.401363,46.447750,9.094238
1.461304,-0.708618,1.000000,21.972654,88.623039,35.461426
0.441040,-0.559937,0.890137,39.062500,98.510735,-21.301268
0.251831,-0.392822,0.584351,55.908199,73.913574,-58.715816
0.528931,-0.471924,0.673950,59.265133,44.128414,-37.353516
0.637329,-0.632935,0.932861,47.851559,3.234863,3.967285
0.506104,-0.591309,0.974854,39.794922,-29.541014,27.221678
0.470825,-0.536621,0.908447,33.691406,-45.349117,18.615723
0.483887,-0.542480,0.926880,29.602049,-42.724606,-3.356933
0.488281,-0.567871,0.953979,27.099607,-31.738279,-18.676758
0.458130,-0.539185,0.890381,26.184080,-27.221678,-20.812986
0.401245,-0.499634,0.779175,25.573729,-31.494139,-17.211914
0.476807,-0.538330,0.777710,21.972654,-40.283199,-10.131835
0.573608,-0.539307,0.828491,14.953612,-44.189449,-1.037598
0.581421,-0.517456,0.844360,13.244628,-38.330078,3.173828
0.545288,-0.501221,0.860474,13.427733,-26.794432,0.244141
0.497925,-0.494019,0.873047,13.488769,-15.380858,-3.479004
0.478638,-0.493042,0.875854,14.404296,-4.150391,-4.089355
0.475220,-0.477539,0.851318,14.099120,-0.244141,-2.929687
0.467896,-0.476685,0.821045,12.634276,-1.586914,-1.525879
0.468018,-0.470459,0.806396,10.192870,-6.042480,-1.281738
0.489258,-0.466064,0.813599,7.995605,-8.056641,-1.647949
0.507690,-0.467407,0.840332,4.577637,-8.605957,-1.159668
0.530762,-0.470581,0.851074,2.929687,-7.873535,-2.319336
0.520386,-0.466797,0.836914,1.403808,-7.202148,-2.258301
0.501587,-0.467285,0.812012,0.671387,-4.028320,-2.136230
0.491943,-0.458740,0.796875,0.671387,-3.112793,-3.051758
0.510498,-0.460083,0.770020,-0.122070,-3.662109,-3.662109
0.519775,-0.455566,0.762939,-0.427246,-4.394531,-3.601074
0.519775,-0.448242,0.759644,-0.732422,-5.065917,-3.234863
0.515625,-0.437744,0.748413,-0.671387,-5.065917,-3.540039
0.527222,-0.432373,0.741333,-0.488281,-4.699707,-3.906250
0.523682,-0.437012,0.746338,-0.915527,-4.211426,-3.356933
0.532593,-0.442749,0.754028,-0.122070,-3.173828,-3.356933
0.524292,-0.442871,0.754639,0.122070,-3.051758,-3.723144
0.532715,-0.454712,0.741333,0.366211,-2.441406,-3.906250
0.523438,-0.455444,0.734131,0.976562,-1.159668,-2.624511
0.514526,-0.439209,0.730225,1.098633,-0.366211,-2.746582
0.504028,-0.443115,0.727905,1.586914,-0.915527,-2.807617
0.522095,-0.449097,0.744263,1.098633,-1.525879,-2.685547
0.518433,-0.441162,0.759888,1.403808,-2.746582,-2.807617
0.536133,-0.448364,0.755249,1.098633,-3.662109,-3.051758
0.542969,-0.449219,0.756226,1.037598,-2.990722,-2.380371
0.534180,-0.453003,0.764282,0.549316,-2.075195,-2.380371
0.536499,-0.450928,0.757935,0.061035,-0.915527,-2.868652
0.537964,-0.448364,0.757080,-0.183105,0.244141,-2.868652
0.533813,-0.449707,0.752197,-0.366211,0.671387,-2.441406
0.530640,-0.448608,0.747070,-0.549316,-0.183105,-2.380371
0.546387,-0.455811,0.747803,-0.976562,-1.464844,-1.892090
0.541870,-0.458862,0.757446,-1.098633,-0.976562,-1.037598
0.535645,-0.455444,0.751953,-0.488281,0.671387,-0.671387
0.533203,-0.463257,0.742432,-0.183105,1.831055,-0.854492
0.526978,-0.456421,0.736450,0.366211,2.441406,-0.427246
0.515259,-0.458740,0.741699,0.732422,2.258301,-0.366211
0.521118,-0.462646,0.742920,1.159668,1.708984,-0.305176
0.528198,-0.463623,0.753662,1.098633,1.953125,0.000000
0.538208,-0.463257,0.768311,0.976562,2.319336,0.244141
0.532715,-0.461548,0.769653,1.281738,2.868652,0.610352
0.535522,-0.464722,0.775391,1.342773,4.699707,1.037598
0.534546,-0.458740,0.770752,0.915527,5.798339,1.220703
0.531250,-0.464600,0.779053,0.732422,6.591796,1.464844
0.524292,-0.467163,0.776245,0.366211,6.958007,1.770019
0.524414,-0.463623,0.785522,-0.122070,6.774902,1.831055
0.526123,-0.470703,0.783447,-0.488281,6.958007,1.647949
0.529175,-0.469116,0.779663,-0.427246,11.169433,1.525879
0.548096,-0.467529,0.775513,-0.671387,19.714355,0.732422
0.545898,-0.463745,0.800781,-1.831055,20.385740,-0.122070
0.535156,-0.464966,0.822266,-3.051758,23.376463,-0.793457
0.513184,-0.463623,0.799316,-5.798339,27.282713,-0.427246
0.497559,-0.469116,0.796143,-7.751464,22.033689,0.244141
0.515015,-0.476074,0.821411,-8.239746,15.502929,1.953125
0.513916,-0.479248,0.844482,-9.033203,12.145995,4.211426
0.520508,-0.479248,0.822998,-9.582520,15.808105,5.859375
0.523193,-0.476318,0.778076,-10.314940,22.460936,6.103515
0.539307,-0.480835,0.801514,-10.803222,24.047850,5.432128
0.605103,-0.495605,0.780029,-8.728027,20.446775,5.065917
0.498535,-0.489868,0.813232,-5.920410,18.676758,11.230468
0.461792,-0.496216,0.836060,-6.958007,19.958496,12.573241
0.482178,-0.495728,0.857666,-9.094238,17.761230,13.732909
0.490479,-0.499634,0.851074,-10.314940,15.624999,15.502929
0.488037,-0.498657,0.851929,-11.657714,15.869140,15.319823
0.490356,-0.502930,0.838501,-13.183593,19.897461,14.160155
0.504883,-0.501465,0.802856,-14.282226,19.775391,14.160155
0.494263,-0.497437,0.811646,-14.465331,20.446775,14.526366
0.506592,-0.505493,0.827393,-15.563964,22.338865,16.845703
0.518555,-0.516602,0.856689,-17.517090,23.925779,19.348145
0.508179,-0.515503,0.904907,-17.761230,20.812986,20.874022
0.474854,-0.505615,0.897583,-19.775391,14.770507,22.888182
0.441528,-0.505737,0.886353,-21.484373,12.939452,24.536131
0.426880,-0.507568,0.872192,-22.521971,13.916015,26.794432
0.427979,-0.499634,0.864868,-24.475096,10.925292,27.465818
0.436035,-0.506348,0.859619,-28.442381,2.197266,26.916502
0.471924,-0.506348,0.867065,-32.531738,-7.324218,26.550291
0.500854,-0.505005,0.828857,-36.865234,-9.399414,28.503416
0.503296,-0.506226,0.852051,-40.100098,-13.305663,30.456541
0.474487,-0.502441,0.845947,-41.687008,-6.225585,32.714844
0.446533,-0.504272,0.820801,-43.273922,-0.610352,33.203125
0.442017,-0.517578,0.768433,-44.311520,5.310058,33.996582
0.423462,-0.535034,0.716675,-44.677731,9.155273,35.034180
0.400391,-0.524414,0.668091,-46.508785,6.103515,35.217285
0.380859,-0.528564,0.650391,-47.729488,0.488281,36.193848
0.401978,-0.547852,0.681885,-49.987789,-1.403808,38.024902
0.393799,-0.545776,0.669678,-50.964352,-2.136230,39.489746
0.395752,-0.563599,0.680176,-50.354000,-3.112793,39.123535
0.356079,-0.577393,0.641968,-48.217770,1.586914,37.597656
0.307861,-0.577393,0.615845,-46.325680,2.380371,33.264160
0.287598,-0.586548,0.561035,-44.189449,-0.305176,29.479979
0.265381,-0.594482,0.548218,-41.625973,-4.150391,28.137205
0.275513,-0.597412,0.513428,-39.306641,-9.887695,27.282713
0.297119,-0.593018,0.484985,-34.301758,-9.033203,27.221678
0.271362,-0.607300,0.513306,-29.907225,-6.958007,26.794432
0.280518,-0.606812,0.549561,-27.832029,-3.967285,22.094725
0.272949,-0.599976,0.541260,-24.475096,1.159668,18.005371
0.245117,-0.606934,0.535522,-20.935057,5.371093,15.380858
0.222412,-0.614014,0.537598,-18.249512,7.019042,11.413573
0.222778,-0.618164,0.506714,-14.953612,6.469726,7.629394
0.227539,-0.617920,0.496582,-11.840819,5.249023,4.638672
0.207153,-0.615723,0.485718,-9.277344,2.502441,0.915527
0.218384,-0.621216,0.494873,-5.554199,0.671387,-3.601074
0.223022,-0.625610,0.493042,-3.051758,-1.098633,-7.141113
0.238892,-0.614014,0.481934,0.671387,0.427246,-11.291503
0.239014,-0.604858,0.489624,4.455566,2.685547,-13.671874
0.253540,-0.607544,0.512573,6.774902,0.854492,-18.066406
0.248047,-0.599731,0.507813,7.873535,-1.831055,-24.414061
0.235474,-0.588379,0.529053,9.643555,-7.263183,-29.418943
0.239014,-0.591431,0.525757,9.765625,-11.840819,-31.372068
0.251099,-0.592407,0.564453,10.803222,-14.343261,-34.240723
0.258423,-0.599243,0.575562,11.413573,-19.470215,-38.757324
0.262695,-0.626953,0.601807,12.451171,-23.071287,-44.128414
0.299927,-0.590942,0.572998,15.075683,-23.681639,-50.048824
0.297363,-0.555786,0.470947,22.888182,-10.375976,-51.025387
0.423218,-0.552490,0.406860,33.569336,6.408691,-50.476070
0.515625,-0.550293,0.421875,38.330078,21.118162,-50.292965
0.411743,-0.558594,0.525146,45.104977,42.480465,-52.490231
0.395142,-0.516479,0.583740,48.400875,40.832516,-60.974117
0.536499,-0.535889,0.662964,50.781246,16.845703,-61.889645
0.600586,-0.598633,0.717407,51.818844,11.535644,-59.326168
0.607300,-0.586548,0.675415,54.199215,1.525879,-52.673336
0.585693,-0.515747,0.573730,60.058590,5.187988,-55.236813
0.461426,-0.549805,0.268066,58.227535,-6.958007,-56.274410
3.999878,0.119141,-1.468628,87.463371,-42.846676,-69.763184
1.914307,-0.327515,2.460571,22.827147,-51.025387,-29.296873
1.126953,-1.383179,2.120850,-20.568846,-384.521454,-161.621078
-0.354980,-0.204590,0.481934,79.711914,-31.738279,-59.814449
1.922119,-0.397705,0.430176,46.569820,25.878904,20.507811
0.968262,-0.609131,0.865723,27.526854,47.973629,33.752441
0.325928,-0.481323,0.889771,34.912109,92.712395,-8.361816
0.396240,-0.393555,0.788208,35.583496,60.119625,-54.260250
0.641968,-0.556763,0.815430,37.658691,14.404296,-48.889156
0.647095,-0.607666,0.923950,35.156250,-17.944336,-10.253905
0.569824,-0.520142,0.873291,36.010742,-32.348633,21.606443
0.685669,-0.488892,0.807861,30.700682,-45.776363,20.141600
0.623901,-0.522339,0.859253,26.550291,-43.090816,4.211426
0.533325,-0.508911,0.883545,23.132322,-22.033689,-14.099120
0.455688,-0.493286,0.840820,23.315428,-9.338379,-16.601563
0.467163,-0.509521,0.820313,21.057127,-13.488769,-9.887695
0.506958,-0.492554,0.825317,15.747069,-26.916502,-2.990722
0.555054,-0.497925,0.823120,12.207030,-38.146973,-1.892090
0.599243,-0.493530,0.821411,9.582520,-40.222164,-4.211426
0.603760,-0.494263,0.824463,10.009766,-31.738279,-6.286621
0.573242,-0.473877,0.801880,11.169433,-20.141600,-6.591796
0.571167,-0.455566,0.791138,11.413573,-11.779784,-5.371093
0.566040,-0.449829,0.782715,12.329101,-7.751464,-3.112793
0.568604,-0.445801,0.781860,11.657714,-5.065917,-1.464844
0.557983,-0.440552,0.776611,10.803222,-3.906250,-1.037598
0.564453,-0.436157,0.771851,8.911133,-2.685547,-0.610352
0.573853,-0.431030,0.775269,7.324218,-2.807617,-0.610352
0.569946,-0.443359,0.799561,5.432128,-3.356933,-0.915527
0.571411,-0.453613,0.792847,4.089355,-3.662109,-1.159668
0.569824,-0.463501,0.784058,3.295898,-2.685547,-1.525879
0.576172,-0.457764,0.777222,2.624511,-0.671387,-1.403808
0.578369,-0.447632,0.764526,2.380371,0.854492,-1.464844
0.563599,-0.435547,0.733643,1.892090,0.122070,-1.525879
0.578491,-0.431030,0.736572,1.770019,-0.061035,-0.793457
0.589844,-0.433228,0.751465,0.915527,-0.122070,0.427246
0.583496,-0.436157,0.745728,0.610352,0.366211,1.281738
0.581421,-0.438110,0.747559,0.854492,1.220703,1.403808
0.577393,-0.445068,0.744263,0.366211,2.990722,1.647949
0.578491,-0.446655,0.752441,0.122070,5.065917,1.586914
0.570801,-0.442261,0.735596,-0.122070,4.455566,1.770019
0.558594,-0.438354,0.730591,0.183105,3.112793,2.136230
0.559082,-0.432129,0.718750,0.366211,1.464844,1.953125
0.577148,-0.434204,0.719360,-0.122070,0.122070,2.685547
0.575195,-0.434814,0.718384,0.061035,-0.183105,3.112793
0.571045,-0.435791,0.721191,-0.061035,0.061035,2.929687
0.569702,-0.434082,0.721191,-0.061035,1.037598,2.563476
0.553955,-0.432129,0.728149,-0.671387,1.892090,2.563476
0.545044,-0.434692,0.732910,-0.671387,1.953125,1.770019
0.552612,-0.441772,0.727173,-0.732422,2.502441,1.220703
0.548096,-0.442139,0.728149,-0.427246,2.441406,1.403808
0.556274,-0.440674,0.728027,-0.427246,2.502441,1.403808
0.564941,-0.438721,0.724365,-0.427246,1.892090,0.915527
0.556396,-0.432983,0.719849,-0.122070,1.953125,0.854492
0.560669,-0.435913,0.725586,-0.122070,2.868652,1.098633
0.553711,-0.434570,0.735229,0.000000,3.173828,1.159668
0.547119,-0.440796,0.726440,0.305176,3.356933,0.976562
0.556885,-0.441162,0.733887,0.122070,3.051758,0.732422
0.552612,-0.447632,0.725098,0.244141,2.746582,0.244141
0.563477,-0.451904,0.729980,0.244141,3.051758,0.366211
0.554932,-0.444092,0.726196,0.427246,3.479004,0.305176
0.562622,-0.451294,0.731323,0.976562,4.028320,0.793457
0.568115,-0.451660,0.749390,0.610352,4.760742,1.220703
0.548462,-0.452393,0.746704,0.244141,5.310058,0.915527
0.577148,-0.447510,0.750000,-0.061035,6.103515,0.122070
0.567139,-0.464722,0.764771,0.061035,5.859375,1.525879
0.564209,-0.452637,0.779419,-0.610352,9.399414,1.098633
0.571533,-0.450317,0.769653,-1.281738,13.793944,0.793457
0.602539,-0.453125,0.751953,-1.708984,15.197753,0.122070
0.585693,-0.461060,0.786255,-2.441406,11.413573,1.525879
0.561646,-0.468018,0.794189,-3.784179,14.099120,3.051758
0.565796,-0.466431,0.801392,-5.676269,14.526366,3.662109
0.571899,-0.465088,0.808472,-7.690429,15.136718,4.821777
0.588501,-0.468750,0.817017,-9.033203,15.258788,5.432128
0.581299,-0.471069,0.817505,-10.009766,16.174316,6.713867
0.587036,-0.462524,0.805298,-11.596679,23.742674,7.446289
0.585205,-0.460815,0.794922,-13.488769,29.418943,7.934570
0.654175,-0.463745,0.771240,-14.282226,29.235838,8.178711
0.586670,-0.477661,0.798950,-13.671874,24.291990,14.404296
0.527588,-0.490356,0.831787,-14.099120,20.019531,15.624999
0.538574,-0.491699,0.835571,-15.747069,17.395020,15.258788
0.544800,-0.469971,0.836548,-16.906738,15.075683,17.761230
0.537964,-0.464233,0.827271,-19.592285,18.920898,20.385740
0.557373,-0.480591,0.818848,-24.291990,13.854980,20.751951
0.575562,-0.495361,0.823486,-26.672361,6.896972,19.531250
0.582153,-0.491211,0.854492,-27.770994,1.892090,20.629881
0.571533,-0.500977,0.850220,-28.869627,1.220703,25.024412
0.533203,-0.504761,0.848022,-29.418943,2.136230,29.663084
0.518677,-0.500488,0.833496,-31.372068,2.807617,31.738279
0.500244,-0.499390,0.802612,-33.569336,-1.892090,32.592773
0.511230,-0.497192,0.762085,-36.193848,-6.103515,33.203125
0.520508,-0.508545,0.742798,-40.222164,-12.695312,35.156250
0.530151,-0.511841,0.747314,-42.358395,-13.732909,37.353516
0.511475,-0.520142,0.754028,-43.701168,-8.483887,40.039063
0.486084,-0.530273,0.745361,-45.166012,-2.380371,41.076656
0.479980,-0.549438,0.729980,-46.874996,-2.136230,40.100098
0.462158,-0.548096,0.707764,-47.302242,-3.356933,37.658691
0.412964,-0.544678,0.656860,-46.264645,-6.896972,35.461426
0.400513,-0.552734,0.613647,-45.715328,-10.314940,35.461426
0.401489,-0.562988,0.593262,-45.898434,-18.066406,37.109375
0.395020,-0.563599,0.596680,-46.325680,-22.644041,39.855957
0.414185,-0.578735,0.622314,-46.630856,-22.094725,41.381832
0.457397,-0.589355,0.643188,-45.532223,-15.258788,42.480465
0.427979,-0.589600,0.619873,-43.029781,-6.164550,41.870113
0.409912,-0.585083,0.603394,-38.879395,-0.061035,37.475586
0.369385,-0.588135,0.543457,-36.437988,-4.516602,35.156250
0.342773,-0.589233,0.537720,-33.264160,-6.042480,35.766602
0.313843,-0.606445,0.543335,-33.203125,-10.192870,35.705566
0.352905,-0.619751,0.528198,-31.555174,-11.474608,34.301758
0.339600,-0.608398,0.531128,-30.578611,-13.244628,31.982420
0.318237,-0.640747,0.509644,-29.846189,-13.183593,26.367186
0.291138,-0.649902,0.516479,-28.625486,-11.413573,21.484373
0.242676,-0.639038,0.525879,-24.841307,-4.211426,16.235352
0.191162,-0.631470,0.480103,-22.277830,-2.990722,9.460449
0.181030,-0.642334,0.438965,-18.859863,-1.892090,3.234863
0.212891,-0.638794,0.428101,-15.930175,-3.662109,-0.793457
0.255615,-0.622070,0.436279,-13.977050,-6.225585,-7.202148
0.301025,-0.619995,0.433472,-11.718749,-5.004883,-14.099120
0.254150,-0.637329,0.435547,-5.859375,-0.183105,-22.644041
0.300903,-0.624390,0.474609,-4.333496,3.112793,-31.738279
0.214966,-0.677612,0.566284,-1.159668,2.746582,-38.024902
0.131470,-0.649658,0.503052,8.666992,-5.310058,-52.368160
0.243286,-0.644897,0.466797,10.131835,-21.667479,-59.265133
0.300293,-0.547607,0.250122,22.827147,-21.667479,-59.692379
0.468262,-0.500366,0.125732,30.273436,-20.019531,-54.199215
0.648804,-0.524414,0.202148,36.865234,-5.004883,-48.706051
0.585327,-0.518066,0.327637,48.278805,29.846189,-46.325680
0.459595,-0.583130,0.517578,57.250973,44.738766,-53.039547
0.421265,-0.562866,0.527222,63.293453,40.527340,-60.302731
0.390869,-0.595825,0.561401,62.499996,21.179197,-62.072750
0.501465,-0.588257,0.559204,57.861324,12.390136,-60.424801
-1.087646,-0.581787,-0.965332,78.674316,-34.240723,-70.129395
2.480957,0.743042,1.707397,33.752441,-14.038085,-63.903805
1.441284,-2.505371,3.676758,-16.784668,-367.553680,-70.922852
-0.885864,-0.124756,-0.011963,88.928215,-39.062500,-83.068840
1.940430,-0.288330,0.130615,23.010252,-23.010252,-19.287109
1.360718,-0.725830,0.925049,22.705076,68.481445,33.996582
0.539673,-0.559814,0.818848,32.104492,119.995110,-13.549804
0.517334,-0.433838,0.505493,39.672852,73.547363,-67.382813
0.641968,-0.538086,0.553955,50.903316,49.133297,-48.522945
0.689819,-0.664429,0.795410,41.870113,4.455566,-2.136230
0.685669,-0.630127,0.802734,37.963867,-30.029295,24.963377
0.706177,-0.570801,0.792358,31.799314,-50.720211,19.104004
0.698486,-0.584961,0.843262,28.686522,-38.940430,1.342773
0.591431,-0.605957,0.878174,27.770994,-12.084960,-10.742187
0.504395,-0.578491,0.828003,24.169920,-2.014160,-12.878417
0.447266,-0.531128,0.722900,20.385740,-17.272949,-11.779784
0.504517,-0.556519,0.718750,14.892577,-36.560059,-8.422852
0.562378,-0.509644,0.730713,9.765625,-44.067379,-4.516602
0.620728,-0.531494,0.788696,7.446289,-41.687008,-3.356933
0.640259,-0.529541,0.806030,7.202148,-30.944822,-4.577637
0.630737,-0.519897,0.785889,9.460449,-17.761230,-4.882813
0.620361,-0.502930,0.745605,10.742187,-7.568359,-3.356933
0.608643,-0.496094,0.735107,10.742187,-0.793457,-1.342773
0.586914,-0.484619,0.724609,10.437011,1.831055,-1.647949
0.569214,-0.477173,0.704712,9.094238,1.098633,-0.732422
0.572510,-0.472778,0.705933,6.591796,-0.427246,0.000000
0.578247,-0.471924,0.715576,4.638672,-2.014160,1.098633
0.599243,-0.480225,0.715332,2.441406,-2.990722,1.159668
0.593994,-0.480591,0.714722,1.342773,-2.197266,0.854492
0.616089,-0.476685,0.701660,1.098633,-0.122070,-0.549316
0.588623,-0.483521,0.677612,1.159668,0.427246,-0.183105
0.588623,-0.476929,0.670166,1.525879,2.197266,-0.915527
0.606812,-0.471436,0.665039,1.525879,0.549316,0.000000
0.598877,-0.462280,0.654419,2.868652,0.366211,0.366211
0.576904,-0.461548,0.670776,3.112793,2.746582,1.403808
0.585571,-0.477905,0.678223,3.662109,4.882813,0.732422
0.581909,-0.477539,0.680298,3.662109,5.371093,-0.488281
0.586548,-0.482178,0.684448,3.479004,4.699707,-1.708984
0.586426,-0.481079,0.675903,3.173828,4.394531,-1.770019
0.581909,-0.480957,0.682495,3.112793,4.028320,-2.014160
0.581299,-0.472900,0.669312,3.234863,2.136230,-2.563476
0.588867,-0.471680,0.676758,2.563476,-0.183105,-1.892090
0.593140,-0.472412,0.677002,2.319336,-1.647949,-1.098633
0.600342,-0.483276,0.682861,2.380371,-1.342773,-0.488281
0.595703,-0.483398,0.695435,1.831055,-0.305176,-0.488281
0.598511,-0.480103,0.686890,1.953125,1.281738,-1.098633
0.597290,-0.484009,0.687134,1.770019,1.770019,-1.159668
0.598755,-0.484253,0.678589,1.342773,1.525879,-0.793457
0.592041,-0.480713,0.685913,0.976562,1.220703,-0.732422
0.600586,-0.485962,0.675903,1.159668,0.488281,-0.183105
0.628906,-0.482300,0.695557,1.220703,0.793457,0.671387
0.578979,-0.490967,0.695801,1.281738,0.305176,1.037598
0.584473,-0.484375,0.695557,1.281738,2.868652,0.366211
0.589966,-0.481934,0.687256,0.122070,1.464844,0.244141
0.586060,-0.483643,0.680908,0.854492,1.831055,-0.366211
0.572876,-0.479004,0.678955,0.305176,1.098633,-0.610352
0.579102,-0.487671,0.677002,0.244141,1.098633,-0.366211
0.584229,-0.481567,0.672852,0.000000,0.427246,-0.244141
0.604370,-0.471313,0.668701,0.366211,0.244141,-0.854492
0.592773,-0.488037,0.676636,0.549316,-0.427246,0.122070
0.589844,-0.477661,0.684570,0.671387,1.037598,-0.122070
0.591064,-0.481445,0.695923,0.305176,0.915527,-0.244141
0.597046,-0.483032,0.709229,0.427246,2.197266,-0.366211
0.588745,-0.483398,0.685547,0.610352,2.807617,0.305176
0.593872,-0.485352,0.699829,0.488281,3.112793,0.366211
0.586792,-0.480469,0.694458,0.061035,3.112793,0.305176
0.586914,-0.486450,0.688965,-0.122070,2.319336,0.061035
0.594482,-0.476807,0.683228,-0.671387,1.525879,0.366211
0.593872,-0.490845,0.699707,-0.915527,1.159668,0.854492
0.599854,-0.488037,0.701904,-0.976562,0.671387,0.732422
0.594360,-0.484375,0.695557,-1.220703,1.831055,1.525879
0.591919,-0.488037,0.705688,-0.976562,3.112793,1.647949
0.587158,-0.489258,0.706177,-0.976562,3.723144,1.403808
0.582153,-0.490723,0.692261,-1.037598,4.333496,1.586914
0.578491,-0.488647,0.697266,-1.281738,4.882813,1.647949
0.579956,-0.493896,0.695313,-1.770019,5.065917,1.464844
0.590332,-0.492432,0.701050,-1.770019,5.187988,1.708984
0.588135,-0.494751,0.722656,-2.136230,6.225585,1.831055
0.597168,-0.497437,0.729858,-2.075195,10.314940,1.831055
0.613037,-0.490845,0.753296,-2.563476,17.639160,1.281738
0.604004,-0.476196,0.740234,-4.882813,33.813477,0.305176
0.684204,-0.466187,0.723145,-9.582520,40.466305,-2.075195
0.654053,-0.517212,0.764648,-12.268065,39.978027,-0.061035
0.618286,-0.532593,0.791382,-13.122558,45.166012,2.441406
0.599121,-0.540405,0.826050,-14.343261,47.790524,6.103515
0.712769,-0.560669,0.864746,-11.718749,59.020992,6.958007
0.726440,-0.545166,0.861450,-8.422852,61.401363,16.174316
0.559326,-0.546875,0.882813,-6.408691,64.758301,18.737793
0.491821,-0.552612,0.854492,-6.286621,47.912594,11.413573
0.489258,-0.545044,0.761475,-3.112793,14.282226,11.962890
0.518921,-0.542603,0.770874,-10.131835,-12.023925,22.766111
0.580688,-0.512573,0.800415,-18.981934,-27.770994,33.081055
0.667114,-0.528076,0.821411,-25.329588,-29.052732,40.344234
0.677490,-0.497803,0.807007,-30.029295,-18.432617,45.349117
0.617798,-0.503052,0.825562,-33.508301,0.061035,46.081539
0.577271,-0.520020,0.809082,-37.170410,10.131835,43.395992
0.526855,-0.523438,0.782837,-40.527340,10.070800,44.128414
0.469971,-0.513306,0.710815,-43.701168,6.347656,46.081539
0.472534,-0.529053,0.648926,-48.645016,-6.530761,48.645016
0.501099,-0.526123,0.636597,-51.818844,-12.695312,50.292965
0.505005,-0.531738,0.663086,-54.504391,-18.005371,52.429195
0.509155,-0.542480,0.698364,-56.884762,-18.554688,54.504391
0.504761,-0.558105,0.723633,-57.861324,-15.380858,54.199215
0.495972,-0.580444,0.670532,-55.969234,-15.502929,52.124020
0.450928,-0.537842,0.569092,-46.936031,1.220703,51.696774
0.342285,-0.585693,0.595459,-48.034664,4.272461,48.339840
0.400757,-0.581299,0.578247,-48.095699,5.065917,40.832516
0.389893,-0.572754,0.587402,-46.630856,5.676269,43.212887
0.377808,-0.570190,0.550171,-46.264645,3.051758,40.527340
0.360596,-0.578613,0.523193,-44.189449,0.732422,37.170410
0.339355,-0.605347,0.533936,-42.175289,-0.061035,35.522461
0.317871,-0.610474,0.508179,-40.039063,-0.244141,31.433104
0.291138,-0.607544,0.481445,-36.499023,1.831055,26.245115
0.269653,-0.608521,0.463623,-33.874512,1.159668,21.911619
0.255615,-0.591431,0.427124,-29.907225,2.014160,21.789549
0.267090,-0.627563,0.436646,-30.090330,-3.845215,16.845703
0.254150,-0.627319,0.447510,-28.320311,-5.981445,9.399414
0.227417,-0.627930,0.428955,-25.512693,-5.554199,2.685547
0.221069,-0.645630,0.412231,-21.667479,-3.295898,-4.089355
0.220215,-0.639771,0.401001,-18.432617,-2.685547,-10.498046
0.173218,-0.617676,0.395874,-15.563964,-8.422852,-19.897461
0.148315,-0.612915,0.380127,-13.305663,-18.493652,-31.311033
0.217285,-0.634277,0.390015,-11.779784,-30.029295,-37.963867
0.243286,-0.634155,0.410522,-6.408691,-34.362793,-42.846676
0.264404,-0.680176,0.448975,0.427246,-35.156250,-48.034664
0.343506,-0.611938,0.295898,11.413573,-24.658201,-48.950191
0.542725,-0.587646,0.213989,24.658201,-5.981445,-48.889156
0.520874,-0.636841,0.375610,27.709959,8.544922,-53.710934
0.531372,-0.652954,0.411865,35.766602,13.977050,-61.523434
0.581787,-0.733276,0.495483,42.358395,11.596679,-60.607906
0.527588,-0.677856,0.390259,48.156734,13.793944,-52.795406
0.644165,-0.629883,0.410400,53.344723,11.596679,-48.706051
0.571533,-0.760864,0.520508,57.434078,15.624999,-47.912594
0.458374,-0.608887,0.335815,61.828609,30.151365,-56.762691
0.371216,-1.267212,-1.389893,71.228027,-7.141113,-65.124512
-2.203003,1.815430,1.720703,103.820793,26.550291,-38.208008
1.536255,-2.176880,3.965210,-64.636230,-330.444305,-106.323235
-1.217896,-0.232666,0.296753,83.557121,-58.776852,-121.765129
1.309692,-0.348511,0.401245,38.696289,-60.607906,-33.996582
1.661987,-0.516235,0.492432,32.348633,49.926754,16.662598
0.896851,-0.626465,0.769165,39.184570,145.263672,19.042969
0.684692,-0.532593,0.703247,45.227047,136.901855,-27.038572
0.468384,-0.583862,0.605103,57.434078,94.970695,-49.438473
0.472290,-0.650513,0.700806,57.556149,40.039063,-36.010742
0.542236,-0.653320,0.782104,54.687496,-13.000487,-6.591796
0.658936,-0.574097,0.759521,48.889156,-56.152340,2.441406
0.529175,-0.546631,0.682739,48.828121,-81.665031,-4.943848
0.522705,-0.455200,0.604614,46.081539,-73.242188,-22.766111
0.592285,-0.494263,0.674927,38.330078,-58.837887,-29.663084
0.684082,-0.484497,0.742065,32.348633,-41.381832,-26.794432
0.694702,-0.478027,0.768677,26.977537,-35.156250,-19.958496
0.664185,-0.483032,0.773315,25.268553,-36.437988,-17.272949
0.653076,-0.491577,0.767944,22.399900,-40.954586,-16.662598
0.667847,-0.497681,0.769043,20.080564,-42.663570,-16.296387
0.691162,-0.500122,0.762329,18.981934,-39.733887,-15.258788
0.671021,-0.486938,0.725342,18.493652,-37.231445,-14.831542
0.637451,-0.461182,0.661011,19.409180,-39.550781,-15.563964
0.667725,-0.462891,0.680420,17.639160,-34.606934,-12.268065
0.705811,-0.469238,0.729980,15.014647,-25.329588,-7.385253
0.700684,-0.464722,0.743530,14.099120,-15.563964,-5.554199
0.673706,-0.479126,0.742432,12.451171,-7.324218,-5.737304
0.653198,-0.451782,0.724854,10.498046,-3.662109,-7.202148
0.655396,-0.458740,0.704224,8.483887,-3.112793,-6.958007
0.656128,-0.459595,0.686279,7.263183,-6.530761,-7.751464
0.645020,-0.458252,0.656128,6.591796,-11.291503,-7.141113
0.675659,-0.446655,0.658325,6.042480,-13.793944,-6.103515
0.688721,-0.465576,0.689209,5.004883,-12.512206,-2.746582
0.689087,-0.466187,0.684326,5.554199,-7.812500,-1.708984
0.688477,-0.456787,0.693237,5.615234,-3.662109,-1.525879
0.682739,-0.457520,0.672729,5.249023,0.183105,-1.647949
0.675049,-0.447876,0.673828,5.371093,2.868652,-1.770019
0.649658,-0.446289,0.658203,5.004883,3.417969,-2.014160
0.637939,-0.441040,0.651611,4.516602,1.953125,-2.258301
0.660767,-0.451050,0.662720,3.356933,0.122070,-0.549316
0.657837,-0.455078,0.665771,2.380371,-0.305176,0.610352
0.662964,-0.455078,0.661743,1.708984,-0.488281,0.427246
0.658081,-0.457153,0.660034,1.281738,0.183105,-0.244141
0.664795,-0.452271,0.651489,0.915527,1.159668,-0.793457
0.665039,-0.447876,0.645508,0.183105,1.892090,-0.793457
0.658081,-0.447021,0.644897,0.427246,2.075195,-1.037598
0.658569,-0.451782,0.633301,0.610352,1.464844,-1.037598
0.662842,-0.451416,0.630371,0.976562,1.403808,-0.061035
0.652588,-0.456055,0.636841,1.037598,0.915527,0.671387
0.662476,-0.459106,0.642700,1.708984,2.197266,1.281738
0.661011,-0.459839,0.646606,1.342773,2.441406,1.892090
0.652588,-0.453979,0.648682,1.464844,3.234863,0.976562
0.651367,-0.446167,0.647583,1.281738,3.479004,0.183105
0.647339,-0.452637,0.652710,1.098633,3.601074,0.305176
0.650146,-0.447510,0.647705,0.976562,3.173828,0.610352
0.646240,-0.445557,0.639160,0.915527,3.601074,0.854492
0.650146,-0.448730,0.639526,0.854492,3.540039,1.159668
0.647827,-0.450562,0.639160,0.732422,3.295898,0.915527
0.651733,-0.453979,0.635132,0.549316,2.990722,1.098633
0.654785,-0.447021,0.635986,0.610352,2.075195,0.366211
0.652100,-0.449951,0.635498,0.366211,0.976562,0.244141
0.648682,-0.446655,0.646606,0.610352,0.915527,0.488281
0.656372,-0.447876,0.647339,0.427246,0.854492,0.671387
0.648804,-0.454834,0.649414,0.671387,1.892090,1.098633
0.651611,-0.450806,0.645630,0.854492,2.624511,1.586914
0.648560,-0.447876,0.641846,1.037598,3.295898,1.037598
0.660156,-0.449219,0.640503,1.220703,3.906250,1.098633
0.656250,-0.447021,0.651001,1.342773,4.455566,0.976562
0.648193,-0.448975,0.650635,1.525879,5.004883,1.281738
0.647949,-0.450928,0.656616,1.159668,5.676269,1.342773
0.654785,-0.461060,0.657593,1.403808,5.737304,1.464844
0.647339,-0.463623,0.674072,1.220703,6.103515,1.831055
0.649658,-0.468384,0.678467,0.793457,5.249023,1.342773
0.657959,-0.464111,0.678223,0.854492,5.920410,1.342773
0.661499,-0.463379,0.683960,0.610352,8.178711,1.770019
0.683350,-0.457886,0.678467,0.427246,12.451171,1.464844
0.700684,-0.462891,0.705322,0.183105,16.601563,1.708984
0.683105,-0.455566,0.693726,-0.366211,24.047850,2.197266
0.681030,-0.473267,0.714355,-1.708984,25.451658,2.746582
0.675537,-0.480103,0.725342,-2.624511,28.076170,3.540039
0.668579,-0.483765,0.753662,-3.417969,29.968260,5.310058
0.686890,-0.495239,0.740479,-5.065917,39.001465,6.530761
0.708496,-0.510986,0.730713,-5.737304,42.663570,8.666992
0.710938,-0.512085,0.759888,-5.737304,42.663570,9.338379
0.689453,-0.515015,0.778076,-5.432128,46.081539,11.047362
0.740356,-0.517578,0.776367,-3.723144,50.842281,14.404296
0.651855,-0.532104,0.802612,-2.014160,50.537106,20.874022
0.614014,-0.539551,0.856934,-1.098633,48.583981,21.118162
0.633545,-0.510376,0.810303,-2.075195,44.189449,21.423338
0.661255,-0.509033,0.802490,-3.845215,31.005857,26.611326
0.643433,-0.495117,0.790527,-6.408691,21.789549,31.738279
0.615967,-0.491089,0.798706,-10.925292,18.737793,35.339355
0.618774,-0.476929,0.800659,-14.221190,14.282226,36.010742
0.630981,-0.478394,0.815063,-17.272949,13.183593,38.818359
0.628906,-0.482056,0.782837,-21.362303,11.352538,40.283199
0.625244,-0.492554,0.773682,-22.827147,18.310547,40.283199
0.594360,-0.487793,0.776733,-23.986814,25.268553,40.649410
0.555908,-0.492676,0.759644,-26.428221,23.071287,41.320797
0.529053,-0.497803,0.719849,-28.808592,19.714355,42.663570
0.499634,-0.500854,0.716309,-31.921385,15.380858,44.494625
0.487305,-0.488770,0.693481,-34.667969,8.117676,45.471188
0.468384,-0.500488,0.670776,-36.743164,6.347656,46.936031
0.481445,-0.507446,0.684937,-39.123535,4.699707,47.729488
0.519043,-0.501587,0.699097,-41.076656,3.845215,47.119137
0.498535,-0.492188,0.691650,-41.259762,5.065917,46.630856
0.462769,-0.499390,0.673218,-41.137691,5.676269,44.921871
0.443115,-0.512451,0.634521,-40.283199,3.906250,41.870113
0.438110,-0.509766,0.549683,-37.353516,5.310058,42.114254
0.373291,-0.534790,0.544800,-37.109375,2.441406,41.320797
0.398315,-0.545654,0.543091,-36.987305,1.037598,38.085938
0.408447,-0.548462,0.559082,-35.705566,1.892090,38.635254
0.391968,-0.557495,0.590210,-34.423828,3.112793,36.010742
0.395874,-0.562256,0.593140,-32.592773,7.995605,32.775879
0.368164,-0.561890,0.573364,-30.761717,10.437011,28.930662
0.349854,-0.564209,0.531494,-28.686522,12.817382,25.390623
0.350464,-0.564087,0.509766,-26.428221,11.169433,23.132322
0.343750,-0.570190,0.502075,-24.719236,7.385253,20.446775
0.346313,-0.585205,0.516479,-23.498533,3.845215,19.042969
0.342896,-0.588135,0.536499,-22.033689,2.136230,16.662598
0.333618,-0.584961,0.540527,-21.179197,1.342773,14.953612
0.332764,-0.593750,0.539551,-20.568846,2.075195,12.329101
0.340088,-0.591919,0.520874,-18.859863,2.441406,8.789063
0.307983,-0.599976,0.535522,-17.944336,1.281738,7.385253
0.297241,-0.592529,0.532104,-17.150879,2.380371,4.821777
0.278931,-0.593994,0.498047,-15.930175,1.220703,2.441406
0.264526,-0.584839,0.479736,-14.709472,-3.723144,-1.770019
0.271484,-0.590576,0.464233,-13.916015,-6.408691,-4.943848
0.376953,-0.590942,0.427246,-13.061522,-5.920410,-4.394531
0.374390,-0.596924,0.431763,-10.009766,1.708984,-2.624511
0.307495,-0.582397,0.460449,-6.347656,7.873535,-8.972168
0.278076,-0.577148,0.539551,-9.948730,2.502441,-21.728514
0.287476,-0.557495,0.535034,-6.408691,-10.925292,-36.499023
0.283569,-0.609863,0.468750,-2.258301,-26.489256,-46.936031
0.341187,-0.622192,0.447632,-1.342773,-39.184570,-45.288082
0.371216,-0.631958,0.399658,3.356933,-31.738279,-44.677731
0.432373,-0.629639,0.364746,9.521484,-26.245115,-46.936031
0.479736,-0.644653,0.448853,14.221190,-14.465331,-49.072262
0.373657,-0.660522,0.494751,21.850584,3.601074,-56.518551
0.411865,-0.697388,0.555298,26.977537,12.329101,-61.523434
0.467773,-0.680542,0.567871,31.066893,14.831542,-59.936520
0.459106,-0.622803,0.464355,35.766602,9.521484,-62.316891
0.511597,-0.587036,0.366333,39.672852,-5.065917,-63.476559
0.474854,-0.876343,-0.177002,45.227047,-34.912109,-61.889645
-3.205200,1.099121,-1.115601,75.134277,6.835937,-34.484863
3.472290,-1.508911,2.560669,-67.687988,-339.904755,-127.441399
-0.498901,-1.119873,0.955200,84.167473,-70.251465,-134.338379
0.432739,-0.314331,0.036621,41.381832,-57.067867,-41.442867
1.929688,-0.552979,0.337891,24.963377,21.606443,24.780272
1.048706,-0.682495,0.718994,37.048340,121.093742,8.178711
0.482056,-0.444580,0.586182,51.696774,128.784180,-40.283199
0.474609,-0.466919,0.552246,58.593746,96.252434,-65.246582
0.602295,-0.603027,0.643555,58.532711,55.297848,-41.687008
0.640625,-0.601074,0.755493,53.771969,3.295898,-4.882813
0.592041,-0.556396,0.789917,47.485348,-33.325195,7.873535
0.745605,-0.526123,0.777710,41.076656,-49.011227,-3.234863
0.682617,-0.581665,0.855957,35.644531,-44.799801,-18.188477
0.618652,-0.534790,0.810669,31.921385,-27.038572,-32.226563
0.508545,-0.486816,0.724487,28.808592,-27.648924,-35.461426
0.552368,-0.487549,0.701782,21.057127,-35.156250,-27.465818
0.637451,-0.503662,0.752441,13.977050,-46.264645,-17.456055
0.677612,-0.479492,0.746704,11.962890,-51.940914,-14.343261
0.700317,-0.482544,0.742920,9.643555,-50.109859,-13.732909
0.706909,-0.484497,0.750854,8.544922,-41.992184,-13.549804
0.706909,-0.484863,0.758057,9.033203,-31.066893,-12.268065
0.700928,-0.478027,0.752686,8.972168,-22.888182,-9.704590
0.684692,-0.487305,0.734985,9.643555,-15.441894,-7.507324
0.673706,-0.485107,0.725708,9.582520,-9.704590,-6.591796
0.651733,-0.474731,0.699341,8.728027,-8.056641,-6.896972
0.644409,-0.468628,0.669556,8.300781,-8.544922,-7.324218
0.651978,-0.463135,0.665039,6.591796,-11.291503,-6.042480
0.679932,-0.453857,0.670288,4.821777,-12.390136,-3.662109
0.682861,-0.466675,0.704712,3.540039,-11.108397,-1.403808
0.664917,-0.467773,0.718140,3.295898,-9.155273,-2.258301
0.665649,-0.467529,0.705566,3.112793,-6.774902,-3.234863
0.658447,-0.474243,0.691772,3.051758,-4.699707,-3.723144
0.658813,-0.466309,0.676880,3.295898,-2.136230,-3.356933
0.653809,-0.462646,0.678955,3.295898,-0.732422,-2.746582
0.643188,-0.457031,0.670654,3.356933,-0.732422,-3.173828
0.652832,-0.455322,0.664063,4.028320,-1.342773,-3.417969
0.649658,-0.458130,0.666382,3.601074,-1.159668,-2.441406
0.664673,-0.451904,0.663696,3.051758,-1.281738,-1.770019
0.664429,-0.450439,0.663574,2.685547,-0.671387,-1.647949
0.668823,-0.452026,0.664917,1.831055,0.305176,-2.380371
0.655396,-0.458862,0.658081,0.915527,0.915527,-2.990722
0.657227,-0.450806,0.652466,0.427246,1.159668,-3.234863
0.642456,-0.458252,0.641235,0.000000,0.671387,-3.112793
0.647095,-0.453369,0.631348,-0.305176,-1.647949,-3.173828
0.642822,-0.450562,0.626343,-0.427246,-3.784179,-2.685547
0.668335,-0.445679,0.633789,-1.159668,-5.187988,-1.892090
0.668335,-0.444946,0.635376,-0.793457,-5.004883,-1.892090
0.668823,-0.456177,0.640991,-0.427246,-3.234863,-2.014160
0.671631,-0.452393,0.634277,0.366211,-0.793457,-1.647949
0.673340,-0.463135,0.632568,0.549316,1.525879,-0.549316
0.662842,-0.458252,0.629395,0.854492,3.112793,-0.305176
0.650513,-0.447266,0.623291,1.159668,2.685547,-0.671387
0.643677,-0.451294,0.625244,0.915527,1.525879,-0.488281
0.647827,-0.453735,0.630615,0.793457,0.610352,-0.305176
0.643677,-0.450439,0.634399,1.037598,0.366211,0.427246
0.646851,-0.453857,0.650391,0.671387,0.366211,0.610352
0.654907,-0.457764,0.647827,0.854492,0.732422,0.061035
0.654053,-0.460083,0.636108,0.610352,1.464844,-0.122070
0.653564,-0.456909,0.635254,0.366211,1.953125,-0.305176
0.663574,-0.454468,0.638306,0.488281,1.770019,-0.671387
0.655762,-0.457031,0.637207,0.549316,1.770019,-0.549316
0.654785,-0.452026,0.633301,0.549316,1.281738,0.061035
0.662476,-0.458496,0.641724,0.793457,1.647949,0.915527
0.655762,-0.452148,0.649292,0.549316,1.953125,1.342773
0.651855,-0.450806,0.631592,0.671387,2.197266,1.159668
0.658813,-0.455933,0.646606,0.366211,2.319336,0.671387
0.653564,-0.455566,0.648315,-0.061035,2.990722,0.854492
0.641479,-0.462891,0.645020,-0.305176,3.356933,1.220703
0.637817,-0.453369,0.648804,-0.244141,3.723144,1.220703
0.649414,-0.459229,0.650024,0.000000,3.906250,1.342773
0.649414,-0.462646,0.646240,0.366211,4.150391,1.159668
0.645142,-0.460449,0.645874,0.427246,5.432128,0.915527
