0.569092,-0.570190,0.562988,0.000000,0.000000,0.000000
0.587280,-0.564209,0.585449,0.000000,0.000000,0.000000
0.619141,-0.549316,0.612305,0.000000,0.000000,0.000000
0.628052,-0.535645,0.620728,0.000000,0.000000,0.000000
0.629395,-0.529419,0.622803,-0.854492,-13.305663,-8.666992
0.632935,-0.530518,0.624878,-1.892090,-8.422852,-8.178711
0.629639,-0.541992,0.616089,-3.234863,-3.173828,-7.751464
0.623413,-0.546997,0.602295,-3.662109,1.770019,-6.713867
0.593750,-0.559937,0.585083,-3.723144,4.638672,-5.126953
0.574707,-0.567139,0.585083,-3.051758,5.065917,-3.234863
0.579712,-0.557251,0.589844,-2.746582,2.197266,-1.892090
0.587646,-0.565063,0.586548,-2.136230,-3.234863,0.000000
0.593018,-0.556152,0.572510,-0.793457,-6.469726,0.488281
0.595947,-0.549438,0.578735,-0.976562,-6.958007,1.098633
0.592407,-0.548462,0.574341,-1.464844,-6.896972,1.831055
0.587280,-0.557739,0.565674,-0.793457,-7.141113,2.624511
0.582886,-0.555054,0.555420,0.305176,-6.652832,3.417969
0.557495,-0.555054,0.562988,1.098633,-5.371093,3.906250
0.542236,-0.541138,0.585449,1.159668,-3.723144,3.662109
0.549194,-0.543213,0.596069,1.342773,-2.807617,3.234863
0.562622,-0.548340,0.600586,1.159668,-2.014160,3.112793
0.564087,-0.558960,0.583740,1.220703,0.366211,2.502441
0.548462,-0.561646,0.572998,2.014160,2.746582,1.342773
0.532349,-0.562012,0.570923,1.770019,3.479004,0.122070
0.505371,-0.558716,0.580322,2.014160,1.220703,-0.732422
0.484375,-0.552002,0.584106,2.258301,-1.953125,-1.647949
0.492920,-0.547607,0.592041,2.136230,-5.249023,-3.051758
0.496948,-0.537109,0.622925,1.892090,-7.263183,-4.394531
0.526001,-0.539551,0.629150,1.647949,-9.216309,-5.615234
0.604614,-0.551636,0.684692,1.708984,-16.906738,-6.103515
0.670898,-0.542358,0.738037,1.281738,-26.428221,-5.126953
0.642212,-0.532593,0.707397,-2.014160,-23.437498,-4.333496
0.590576,-0.526855,0.625977,-5.371093,-23.620604,-3.906250
0.509399,-0.562866,0.530884,-5.981445,-26.428221,-6.286621
0.430542,-0.583374,0.470093,-3.356933,-30.700682,-13.366698
0.516602,-0.565796,0.535034,-3.173828,-38.391113,-17.211914
0.558105,-0.534790,0.600464,-3.723144,-40.649410,-15.869140
0.652222,-0.523804,0.726440,-7.568359,-40.283199,-12.756347
0.843384,-0.563721,0.728271,-4.333496,-45.471188,-7.934570
0.794189,-0.636230,0.417236,0.610352,-54.077145,-3.295898
0.819580,-0.686401,0.121582,-0.671387,-52.307125,-1.586914
0.960571,-0.594971,0.066528,11.047362,-21.667479,1.159668
0.665039,-0.543213,0.177856,21.911619,44.433590,4.028320
0.369751,-0.442261,0.414917,21.789549,95.947258,-6.042480
0.410889,-0.495850,0.614868,16.174316,109.191887,-9.582520
0.699951,-0.542847,0.708252,12.329101,98.083488,-2.929687
0.835815,-0.550903,0.737549,10.803222,90.881340,7.629394
0.769287,-0.453857,0.805298,4.882813,97.778313,11.779784
0.649658,-0.373779,0.815918,-6.042480,108.520500,11.291503
0.475342,-0.387329,0.834106,-15.319823,118.957512,7.568359
0.523193,-0.391846,0.847534,-22.705076,127.624504,7.934570
0.598022,-0.375854,0.914429,-28.442381,124.450676,13.793944
0.562378,-0.492310,0.872314,-33.325195,114.685051,22.094725
0.537109,-0.532959,0.890625,-39.245605,99.914543,26.428221
0.674438,-0.571411,0.831055,-38.330078,85.327141,32.287598
0.717651,-0.576050,0.733032,-38.391113,80.871574,40.832516
0.658081,-0.556152,0.631958,-39.367676,76.843262,47.241207
0.566895,-0.570435,0.661011,-40.527340,67.504883,53.649899
0.634888,-0.506470,0.745850,-39.367676,63.476559,57.739254
0.575073,-0.486084,0.719360,-40.466305,54.565426,67.565918
0.409790,-0.532593,0.678467,-43.518063,56.579586,66.284180
0.100830,-0.576782,0.584717,-52.246090,57.556149,61.279293
0.041138,-0.611816,0.534058,-53.039547,42.541500,52.062984
0.322144,-0.757813,0.334839,-49.438473,14.831542,51.574703
0.672607,-0.863647,0.288330,-33.935547,-5.981445,57.067867
0.992432,-0.808350,0.391968,-15.014647,-6.896972,69.091797
0.506836,-0.582764,0.697510,-5.310058,7.324218,88.012688
-0.039795,-0.427490,0.800049,-15.624999,12.695312,85.266106
-0.244995,-0.583252,0.726196,-25.085447,-26.000975,76.416016
-0.192261,-0.681763,0.716064,-28.686522,-78.552246,67.871094
0.132080,-0.810181,0.426392,-26.062010,-123.840324,63.903805
0.677612,-0.906250,0.122070,-13.061522,-149.230957,64.819336
0.569214,-0.799194,0.285278,11.474608,-131.408691,74.340820
0.261475,-0.643188,0.568726,15.869140,-60.791012,68.725586
0.148560,-0.580322,0.802856,9.704590,-25.207518,55.908199
0.114380,-0.668457,0.900146,5.187988,-20.019531,46.691891
-0.158325,-0.571045,1.018066,1.098633,-38.208008,44.799801
-0.333618,-0.619019,0.989868,-12.145995,-77.148438,32.531738
-0.186890,-0.787109,0.504761,-23.559568,-137.573242,17.517090
0.245483,-0.807495,0.031494,-13.549804,-176.696762,8.972168
0.779297,-0.939575,-0.429932,14.282226,-173.461899,12.207030
0.558350,-0.906372,0.376465,49.011227,-131.042480,28.015135
-0.080933,-0.719116,0.841919,50.720211,-90.270988,23.498533
-0.300903,-0.545166,0.887817,28.808592,-100.463860,-4.211426
-0.184814,-0.552002,0.940796,11.840819,-145.324707,-24.414061
-0.036865,-0.510132,0.722778,0.549316,-183.471664,-37.719727
0.490112,-0.625366,0.456299,-5.310058,-190.856918,-53.039547
0.690918,-0.802979,0.326904,2.014160,-173.767075,-45.471188
0.922729,-0.696167,0.197388,9.887695,-137.878418,-41.687008
0.875122,-0.758057,0.355469,23.620604,-87.036125,-34.973145
0.768799,-0.675903,0.486572,28.747557,-61.218258,-28.076170
0.660889,-0.551514,0.692871,24.902342,-45.776363,-23.681639
0.546997,-0.567993,0.760254,7.446289,-33.813477,-26.672361
0.533203,-0.505859,0.755493,-11.108397,-23.559568,-30.578611
0.583496,-0.717285,0.513184,-21.179197,-17.822266,-31.677244
0.521240,-0.734741,0.351685,-18.188477,-2.807617,-27.770994
0.553467,-0.755981,0.419189,-9.521484,3.295898,-31.066893
0.630005,-0.656616,0.553833,-1.037598,-6.225585,-30.334471
0.871948,-0.550659,0.574341,0.549316,-17.028809,-21.423338
1.106079,-0.630371,0.626343,-1.831055,-14.892577,-7.629394
1.082275,-0.638794,0.621338,-8.789063,18.676758,2.685547
0.903076,-0.540649,0.549927,-17.700195,71.777344,11.108397
0.652954,-0.549072,0.430786,-26.000975,129.333496,9.704590
0.397339,-0.640625,0.335327,-27.038572,162.536606,2.441406
0.389282,-0.687866,0.317261,-24.108885,169.128403,-1.831055
0.428833,-0.666748,0.400024,-21.484373,166.198715,-2.990722
0.546753,-0.659058,0.477661,-19.592285,157.714844,-0.915527
0.620605,-0.646118,0.557495,-20.019531,149.780273,5.187988
0.882324,-0.720215,0.634399,-20.629881,149.108887,9.521484
0.905518,-0.625122,0.620728,-24.353025,165.161118,18.676758
0.768311,-0.621582,0.472290,-26.184080,198.059067,21.972654
0.723999,-0.619751,0.437866,-32.165527,224.426254,17.089844
0.566650,-0.591797,0.284302,-33.813477,248.779282,19.775391
0.203857,-0.748901,0.241455,-31.066893,251.770004,25.207518
0.067017,-0.821289,0.133423,-23.742674,219.360336,25.756834
0.144653,-0.740723,0.101685,-16.418457,198.730453,22.766111
-0.132080,-0.929443,0.142578,-9.643555,193.603500,18.737793
-0.176270,-0.999146,0.261108,4.150391,166.137680,24.902342
-0.245972,-0.914795,0.478027,11.657714,128.601074,20.324705
-0.304565,-0.753906,0.656616,16.723633,107.849113,8.300781
-0.286377,-0.723755,0.776123,13.977050,83.068840,-11.413573
-0.162964,-0.683838,0.889526,9.033203,53.771969,-23.498533
-0.102661,-0.635376,0.946411,4.943848,17.211914,-28.015135
0.061646,-0.630981,0.928223,0.976562,-10.986327,-27.160643
0.262451,-0.620117,0.948730,-1.037598,-34.484863,-23.803709
0.330811,-0.629883,0.915894,-1.220703,-41.137691,-15.380858
0.284180,-0.659668,0.791992,-2.197266,-36.682129,-10.437011
0.325073,-0.681641,0.662964,-2.624511,-22.460936,-11.108397
0.197998,-0.687622,0.640381,-0.427246,-21.545408,-10.131835
0.050659,-0.658325,0.648682,-0.732422,-18.798828,-9.643555
0.014160,-0.677246,0.668091,-1.647949,-26.184080,-14.526366
0.071045,-0.693726,0.670044,-1.159668,-39.245605,-18.310547
0.239868,-0.700684,0.674805,-0.915527,-48.400875,-18.798828
0.366455,-0.704346,0.589111,0.854492,-53.405758,-16.479492
0.471558,-0.757813,0.578613,1.953125,-49.804684,-12.268065
0.440186,-0.722290,0.589722,5.249023,-40.832516,-9.216309
0.307007,-0.707031,0.580078,5.615234,-27.465818,-8.605957
0.255737,-0.678589,0.644653,5.249023,-22.155760,-11.535644
0.220581,-0.667114,0.703735,2.563476,-31.433104,-12.512206
0.190674,-0.674438,0.714722,-0.671387,-46.630856,-11.413573
0.180420,-0.674194,0.707642,-3.662109,-58.593746,-12.573241
0.317017,-0.657837,0.653809,-4.821777,-60.241695,-14.526366
0.435425,-0.668091,0.624390,-3.234863,-57.189938,-14.160155
0.475830,-0.685181,0.609253,-1.342773,-45.471188,-11.352538
0.431885,-0.693970,0.596313,-0.122070,-26.550291,-8.483887
0.336182,-0.702148,0.572632,0.061035,-10.681151,-8.361816
0.243774,-0.703125,0.555786,-0.488281,-5.310058,-9.460449
0.171509,-0.702271,0.555054,0.427246,-9.399414,-12.390136
0.110718,-0.696289,0.560913,1.892090,-21.362303,-17.272949
0.106934,-0.691895,0.592773,2.502441,-38.024902,-21.179197
0.244141,-0.706909,0.626099,4.394531,-54.992672,-23.010252
0.409790,-0.645508,0.694702,5.371093,-68.908691,-20.324705
0.464844,-0.649170,0.702881,2.990722,-70.495605,-19.897461
0.534302,-0.643311,0.682373,1.220703,-58.959957,-20.141600
0.604492,-0.661987,0.652466,-0.610352,-47.119137,-20.812986
0.537231,-0.717529,0.564453,-0.854492,-28.747557,-19.714355
0.379272,-0.701050,0.459351,0.305176,-7.873535,-20.202635
0.391113,-0.707275,0.479004,2.746582,5.371093,-25.939939
0.410645,-0.739258,0.466187,6.225585,5.371093,-24.169920
0.513428,-0.763062,0.471924,7.751464,2.746582,-20.202635
0.671875,-0.747803,0.485107,13.183593,11.291503,-16.479492
0.715698,-0.654297,0.635986,15.014647,43.212887,-16.601563
0.560913,-0.515991,0.798828,8.911133,80.017090,-20.996092
0.495239,-0.497314,0.777222,-1.403808,119.995110,-25.085447
0.510254,-0.587158,0.674072,-8.300781,143.798828,-26.062010
0.448975,-0.666504,0.526978,-7.751464,153.747559,-24.597166
0.359985,-0.682251,0.452515,-3.479004,155.151367,-22.888182
0.306274,-0.681152,0.407593,1.525879,154.235840,-19.287109
0.330322,-0.710571,0.425171,7.019042,145.263672,-14.404296
0.312988,-0.742065,0.479004,11.840819,127.807610,-5.249023
0.312012,-0.707153,0.594727,18.615723,104.736320,-0.122070
0.316528,-0.649170,0.864136,22.583006,86.730949,6.347656
0.267822,-0.633911,0.952759,21.545408,75.378418,8.239746
0.071167,-0.627563,0.822998,15.136718,75.012207,4.638672
0.082031,-0.628418,0.678833,11.108397,64.270020,-0.122070
0.272461,-0.660767,0.542358,11.169433,52.429195,1.953125
0.238037,-0.556030,0.794922,13.916015,54.199215,8.789063
0.051758,-0.573486,0.989990,9.338379,38.452148,9.094238
0.124390,-0.496216,1.129639,5.065917,1.342773,11.474608
0.260376,-0.453857,1.191895,-7.080078,-27.526854,20.629881
0.197998,-0.513794,1.108521,-18.310547,-43.457027,25.817869
0.012085,-0.571045,0.844360,-26.428221,-50.659176,21.362303
0.104004,-0.699463,0.517822,-29.479979,-69.213867,17.517090
0.413940,-0.822998,0.314819,-20.751951,-76.843262,20.690916
0.517944,-0.810181,0.359863,-7.934570,-58.410641,29.663084
0.399048,-0.628662,0.631592,-1.464844,-20.141600,28.930662
0.151001,-0.459839,1.067505,-4.333496,5.432128,27.038572
0.119507,-0.431763,1.316406,-18.371582,-4.760742,22.705076
0.390503,-0.599121,1.144287,-33.447266,-44.921871,19.775391
0.196655,-0.717041,0.813110,-42.297359,-105.346672,31.982420
0.211182,-0.814819,0.142090,-42.175289,-173.095688,44.616695
0.070313,-0.865479,0.171753,-25.512693,-237.976059,60.424801
-0.012085,-0.831299,0.413574,-11.230468,-265.686035,63.964840
0.560791,-0.747437,0.470093,-6.835937,-272.644043,51.513668
0.987427,-0.730957,0.821899,-2.929687,-262.817383,61.279293
0.947388,-0.521606,0.885254,-7.629394,-199.401840,71.716309
0.678467,-0.595703,0.671631,-17.456055,-144.531250,66.528320
0.163452,-0.669434,0.487305,-20.446775,-122.802727,64.453125
-0.246826,-0.753906,0.541138,-18.188477,-138.671875,52.795406
-0.331787,-0.722534,0.507446,-15.014647,-176.696762,35.522461
-0.217041,-0.785767,0.327393,-9.887695,-220.886215,23.254393
0.222778,-0.807861,0.031616,3.662109,-234.924301,5.493164
0.559082,-0.903198,-0.144165,26.184080,-221.008286,1.464844
0.643188,-0.758423,0.459839,44.982906,-180.175766,4.089355
0.261841,-0.703979,0.847412,34.606934,-120.605461,-6.652832
-0.107910,-0.554321,0.890137,15.563964,-101.135246,-21.545408
0.165649,-0.500488,0.617676,3.845215,-117.248528,-43.212887
0.677124,-0.577393,0.509644,5.798339,-111.755363,-42.968746
0.817017,-0.754272,0.322632,10.192870,-69.946289,-39.611816
0.822876,-0.763794,0.218140,19.592285,-22.644041,-36.193848
0.739746,-0.834961,0.354370,28.198240,-2.807617,-31.188963
0.744629,-0.754761,0.556641,26.550291,1.953125,-25.634764
0.893677,-0.700928,0.510376,16.235352,13.305663,-20.080564
0.948730,-0.710327,0.376465,8.544922,39.550781,-12.329101
0.861816,-0.629883,0.368774,12.573241,84.472649,-3.479004
0.693359,-0.604370,0.351196,12.329101,134.399414,-2.807617
0.481201,-0.648804,0.544434,9.094238,171.874985,-12.268065
0.444336,-0.657837,0.690308,0.305176,168.579086,-17.395020
0.576294,-0.671021,0.788330,-8.117676,149.414063,-9.399414
0.804321,-0.580322,0.705322,-14.709472,144.348145,2.624511
0.875732,-0.511597,0.565552,-15.747069,166.564926,11.413573
0.667480,-0.572632,0.441162,-16.113281,209.716782,12.939452
0.372437,-0.610352,0.348022,-15.319823,236.694321,5.187988
0.085449,-0.634033,0.315796,-14.709472,236.145004,-2.136230
-0.186646,-0.687378,0.381958,-11.474608,209.655746,-8.666992
-0.190308,-0.674194,0.461304,-7.568359,150.939941,-9.765625
-0.144043,-0.734741,0.506836,-5.065917,82.092278,-3.906250
0.221069,-0.735718,0.555420,-1.770019,29.907225,-4.211426
0.445190,-0.753906,0.702026,2.319336,31.433104,-3.967285
0.551147,-0.784180,0.676880,1.892090,26.672361,-3.967285
0.464233,-0.770630,0.668945,1.647949,43.273922,1.098633
0.386597,-0.721191,0.692017,0.915527,43.212887,1.953125
0.249512,-0.638794,0.708008,-0.976562,44.067379,0.488281
0.178589,-0.613892,0.716919,-3.295898,30.578611,-2.075195
0.183472,-0.636230,0.710693,-5.798339,12.084960,-5.371093
0.228516,-0.632080,0.697510,-8.300781,-4.577637,-8.117676
0.253540,-0.659912,0.645142,-9.338379,-16.418457,-9.338379
0.311401,-0.724121,0.565186,-8.972168,-20.507811,-7.019042
0.386475,-0.749878,0.515015,-4.516602,-20.446775,-4.394531
0.415283,-0.782593,0.498291,0.488281,-17.578125,-2.136230
0.403931,-0.754272,0.517700,5.798339,-10.681151,-0.976562
0.357300,-0.694092,0.562500,8.422852,-3.112793,-1.586914
0.283569,-0.658936,0.627197,8.422852,1.770019,-3.784179
0.261597,-0.643433,0.682007,6.591796,2.563476,-7.568359
0.245483,-0.640137,0.703613,4.699707,-2.685547,-10.314940
0.219238,-0.646118,0.716797,2.929687,-11.291503,-11.596679
0.234375,-0.663330,0.706299,1.403808,-20.507811,-12.390136
0.263672,-0.658691,0.703491,1.464844,-31.005857,-12.268065
0.322754,-0.662964,0.671875,1.892090,-40.283199,-11.169433
0.360107,-0.659302,0.694092,2.563476,-46.630856,-10.131835
0.404175,-0.650879,0.700928,2.258301,-47.241207,-9.948730
0.409546,-0.652222,0.636597,0.549316,-43.212887,-9.338379
0.429443,-0.671753,0.603394,-1.708984,-35.522461,-8.972168
0.505127,-0.686035,0.588013,-2.197266,-28.381346,-10.253905
0.530640,-0.695679,0.583618,-0.793457,-17.822266,-9.582520
0.489136,-0.695557,0.563354,0.915527,-5.493164,-8.117676
0.417847,-0.677734,0.576172,1.403808,2.929687,-6.774902
0.386597,-0.670166,0.625732,1.464844,4.028320,-7.019042
0.362427,-0.652954,0.643799,0.549316,-0.915527,-7.080078
0.348511,-0.643555,0.668335,-1.464844,-4.760742,-7.507324
0.356689,-0.647583,0.678101,-3.601074,-6.530761,-9.094238
0.356689,-0.668457,0.643188,-5.065917,-8.361816,-11.291503
0.378296,-0.667725,0.626465,-5.920410,-6.652832,-12.084960
0.374146,-0.658936,0.638428,-5.554199,-5.676269,-11.474608
0.408325,-0.661255,0.625610,-3.723144,-6.896972,-10.742187
0.429688,-0.678955,0.615601,-2.136230,-17.700195,-8.666992
0.518555,-0.678711,0.644531,-1.403808,-22.888182,-7.141113
0.462158,-0.646484,0.680542,-2.258301,-19.714355,-5.310058
0.497314,-0.662109,0.602417,-4.333496,-5.310058,-10.864257
0.759644,-0.739502,0.592773,-4.333496,11.413573,-14.953612
0.908325,-0.810913,0.541626,-1.342773,40.588375,-12.145995
0.780762,-0.760742,0.371704,5.737304,85.266106,-8.361816
0.596680,-0.703979,0.149536,13.305663,119.079582,-8.239746
0.363892,-0.622437,0.096069,22.949217,153.747559,-10.437011
0.292358,-0.661011,0.237793,28.137205,168.579086,-8.850098
0.025635,-0.676636,0.466309,27.038572,169.494614,-8.300781
-0.069458,-0.587891,0.761230,21.179197,152.282715,-5.920410
0.059814,-0.540283,0.926636,13.305663,120.239250,-4.943848
0.288818,-0.497314,0.997559,6.103515,94.604485,-1.342773
0.487671,-0.626953,0.908936,3.967285,76.354980,5.126953
0.516602,-0.672729,0.771851,2.441406,80.688469,10.192870
0.377075,-0.638428,0.689697,3.662109,91.918938,15.380858
0.157715,-0.676147,0.694824,4.821777,92.041008,16.723633
-0.008423,-0.667358,0.712036,7.751464,83.618156,19.226074
0.201172,-0.682007,0.669922,11.108397,60.485836,21.789549
0.356934,-0.671753,0.698730,13.427733,43.518063,27.709959
0.303589,-0.577881,0.730713,10.070800,54.931637,28.503416
0.137939,-0.489380,0.942505,5.187988,63.293453,21.850584
0.062988,-0.480103,1.106323,-6.164550,55.419918,19.104004
0.057739,-0.545044,1.104370,-16.967773,39.611816,18.798828
-0.073853,-0.577759,0.962036,-22.888182,9.094238,17.456055
-0.115479,-0.611816,0.792603,-28.747557,-28.015135,17.456055
-0.075195,-0.703613,0.548584,-26.184080,-60.546871,18.981934
0.111938,-0.763672,0.513550,-18.859863,-64.636230,18.615723
0.304688,-0.695435,0.642944,-13.549804,-59.570309,22.644041
0.397095,-0.637207,0.750854,-9.338379,-25.878904,23.071287
0.226929,-0.590698,0.818726,-12.512206,9.704590,19.165039
-0.016602,-0.562744,0.958862,-17.211914,8.361816,13.427733
0.041870,-0.586670,0.827881,-25.085447,-23.498533,12.023925
0.135254,-0.726685,0.614990,-24.658201,-91.186516,23.803709
-0.034424,-0.839111,0.512573,-21.179197,-170.410141,36.682129
0.331543,-0.853149,0.250244,-6.469726,-238.952621,41.381832
0.692383,-0.726807,0.618896,8.361816,-248.474106,64.147949
0.792725,-0.575073,0.804077,4.882813,-194.274887,72.875977
0.644653,-0.503418,0.921631,-9.887695,-132.019043,62.316891
0.263672,-0.511230,0.976074,-26.794432,-108.276360,54.321285
-0.074829,-0.691528,0.816528,-37.597656,-136.291504,49.743649
-0.280029,-0.794922,0.607056,-36.376953,-191.833481,41.320797
-0.136719,-0.916748,0.112061,-20.141600,-239.929184,32.165527
0.285645,-0.844238,0.028198,6.835937,-252.075180,29.418943
0.497925,-0.693848,0.513184,19.348145,-207.702621,34.179688
0.293945,-0.676758,0.826050,10.498046,-146.972656,19.226074
-0.060181,-0.597046,0.874512,-3.112793,-116.455070,0.183105
-0.279297,-0.607178,0.778076,-13.122558,-122.314445,-22.888182
-0.208984,-0.690430,0.469971,-12.268065,-139.587402,-39.733887
0.174072,-0.708130,0.420898,-1.708984,-156.616211,-45.776363
0.514771,-0.737427,0.284790,7.934570,-149.414063,-46.874996
0.728516,-0.768555,0.195801,17.272949,-127.502434,-37.292480
0.825562,-0.742065,0.097900,34.118652,-86.853020,-38.757324
1.003784,-0.728149,0.491821,38.574219,-71.594238,-36.743164
0.743286,-0.599731,0.783325,34.362793,-33.874512,-25.024412
0.616577,-0.541382,0.782837,14.526366,0.061035,-30.700682
0.728882,-0.707764,0.692261,-9.033203,32.653809,-36.315918
0.677979,-0.768066,0.476807,-14.404296,56.457516,-29.418943
0.662354,-0.796753,0.406738,-10.070800,63.476559,-29.541014
0.781982,-0.679199,0.453125,4.394531,72.082520,-16.723633
0.827026,-0.592163,0.484619,6.042480,82.336418,-9.460449
1.005371,-0.560181,0.472534,3.417969,108.825676,0.488281
1.027710,-0.535156,0.446045,-0.854492,147.094727,9.155273
0.809448,-0.559937,0.452515,-6.469726,201.293930,17.639160
0.522583,-0.637573,0.360840,-9.094238,244.018539,16.296387
0.305786,-0.656738,0.319824,-9.765625,268.249512,4.760742
0.054810,-0.769409,0.303467,-7.995605,257.446289,9.399414
0.125122,-0.864746,0.323242,-2.136230,208.496078,11.474608
0.070313,-0.834229,0.321045,7.507324,175.231918,13.854980
0.044434,-0.808228,0.421753,14.343261,159.057617,14.953612
-0.034912,-0.709961,0.523315,13.549804,156.555176,8.911133
-0.187866,-0.644897,0.600952,19.836426,148.376465,2.441406
-0.206787,-0.692261,0.655518,22.033689,134.704590,-10.681151
-0.107422,-0.691162,0.742798,21.423338,114.562981,-15.624999
0.065186,-0.653320,0.880005,23.498533,93.505852,-21.667479
0.314819,-0.613525,1.033447,21.179197,61.828609,-21.850584
0.372192,-0.523193,1.106567,15.014647,38.879395,-12.451171
0.311401,-0.512085,1.130371,3.479004,12.939452,-3.234863
0.233521,-0.537476,1.063354,-8.728027,-13.427733,0.366211
0.213013,-0.562378,0.954102,-17.028809,-33.752441,0.732422
0.288696,-0.605713,0.811523,-22.705076,-40.893551,0.000000
0.350464,-0.641479,0.686157,-21.972654,-40.649410,2.136230
0.312012,-0.692139,0.587402,-18.920898,-36.254883,5.493164
0.269409,-0.725098,0.539673,-16.540527,-23.742674,7.202148
0.229614,-0.718140,0.531128,-12.451171,-8.972168,6.042480
0.166504,-0.703491,0.551636,-8.239746,0.915527,2.868652
0.093018,-0.703613,0.554932,-5.432128,8.422852,-0.854492
-0.002197,-0.713867,0.544434,-2.929687,8.422852,-5.371093
-0.021973,-0.715210,0.508545,0.610352,1.464844,-9.765625
0.094360,-0.717896,0.581787,3.967285,-9.887695,-13.793944
0.228027,-0.721680,0.621948,8.544922,-20.751951,-15.014647
0.328369,-0.706421,0.674316,13.000487,-27.343748,-13.061522
0.378540,-0.679565,0.708984,14.282226,-26.489256,-10.192870
0.388916,-0.655884,0.750610,12.756347,-18.371582,-8.483887
0.367676,-0.636597,0.775269,9.826660,-11.108397,-7.873535
0.312622,-0.624390,0.777832,5.676269,-6.530761,-8.422852
0.231323,-0.627563,0.734741,1.098633,-5.310058,-9.765625
0.193237,-0.648315,0.725220,-3.234863,-11.352538,-9.887695
0.190186,-0.665283,0.684692,-5.432128,-22.338865,-10.253905
0.213257,-0.671387,0.678833,-5.187988,-34.301758,-9.765625
0.256348,-0.675659,0.659424,-4.211426,-45.776363,-8.850098
0.272827,-0.670410,0.674561,-2.502441,-52.673336,-7.568359
0.300537,-0.650146,0.691162,-1.892090,-54.443356,-6.652832
0.320923,-0.625732,0.747192,-2.868652,-54.870602,-7.324218
0.322632,-0.620850,0.742065,-5.737304,-50.048824,-8.361816
0.307251,-0.629517,0.722290,-9.399414,-44.799801,-9.582520
0.308716,-0.654785,0.663940,-12.573241,-38.757324,-11.840819
0.352173,-0.673218,0.603760,-13.793944,-32.958984,-13.488769
0.457275,-0.704224,0.602417,-13.488769,-28.625486,-12.268065
0.500366,-0.711060,0.618530,-8.789063,-24.841307,-8.972168
0.470337,-0.666138,0.655396,-5.310058,-12.939452,-5.981445
0.360840,-0.621094,0.666016,-7.507324,3.173828,-5.554199
0.348511,-0.610474,0.691772,-11.596679,17.028809,-9.765625
0.509521,-0.654663,0.686523,-14.465331,30.212400,-14.282226
0.579834,-0.685303,0.654663,-13.610839,41.320797,-12.939452
0.590332,-0.726196,0.567749,-11.901855,58.532711,-8.666992
0.656494,-0.760986,0.623413,-10.620116,83.862297,-5.615234
0.592163,-0.769409,0.606079,-5.554199,106.689445,-2.563476
0.416626,-0.768311,0.472290,-4.028320,133.666992,-6.225585
0.083862,-0.747559,0.337402,-6.958007,161.499008,-17.272949
-0.167236,-0.598022,0.197998,-2.868652,185.302719,-34.912109
-0.209473,-0.628662,0.211670,6.469726,173.889145,-48.889156
0.053345,-0.784180,0.268921,11.230468,160.522461,-44.433590
0.193848,-0.727905,0.540405,25.329588,124.267570,-25.146482
0.345703,-0.681641,0.872803,32.226563,113.830559,-11.779784
0.293335,-0.607178,1.133789,32.043457,108.093254,-4.150391
0.211182,-0.590820,1.230225,22.827147,101.623528,0.976562
-0.102173,-0.633911,1.033081,12.084960,78.735352,0.915527
-0.223022,-0.657471,0.551147,4.333496,39.855957,1.159668
0.312500,-0.718018,0.396973,5.249023,-3.845215,-2.746582
0.460205,-0.522827,0.978027,12.145995,-10.375976,5.004883
-0.021118,-0.444336,1.211304,5.432128,-16.784668,19.714355
0.042358,-0.480957,1.134399,-11.962890,-45.410152,17.944336
0.058594,-0.494995,1.226318,-25.817869,-65.856934,16.784668
0.151367,-0.525146,1.167114,-34.240723,-79.101563,15.502929
0.219849,-0.646729,0.934937,-44.677731,-87.707512,12.207030
0.226318,-0.708008,0.621582,-47.668453,-100.646965,14.953612
0.217407,-0.702759,0.415039,-43.273922,-118.835442,23.864744
0.311890,-0.670898,0.439331,-33.264160,-136.779785,34.362793
0.361450,-0.683838,0.541504,-23.681639,-148.315430,40.405270
0.153687,-0.704346,0.644775,-24.108885,-143.005371,43.518063
0.150269,-0.760498,0.615967,-29.235838,-148.315430,38.208008
0.664795,-0.845337,0.390015,-24.169920,-158.874512,32.348633
0.831787,-0.731445,0.668945,-10.498046,-158.691406,53.405758
0.575928,-0.612549,0.733276,-15.563964,-128.906250,66.650391
0.357666,-0.689453,0.427856,-20.996092,-118.164055,61.828609
0.079834,-0.729126,0.590454,-15.991210,-132.446289,63.476559
-0.205078,-0.665405,0.742065,-16.296387,-159.423828,56.213375
-0.170410,-0.702393,0.791992,-19.226074,-195.861801,40.710445
-0.104614,-0.740967,0.531982,-21.728514,-220.703110,28.564451
0.119019,-0.822876,0.183228,-14.648437,-217.712387,12.634276
0.500732,-0.739990,0.079224,4.150391,-185.974106,4.455566
0.732788,-0.936157,0.022095,23.864744,-134.521484,12.451171
0.487793,-0.854858,0.454712,39.855957,-90.148918,16.357422
0.057495,-0.656372,0.790649,33.264160,-61.279293,5.493164
-0.197266,-0.561401,0.854980,14.099120,-54.565426,-16.052246
-0.141235,-0.534058,0.809692,-2.746582,-66.162109,-36.193848
0.223511,-0.611572,0.628296,-5.798339,-74.035645,-48.034664
0.472046,-0.706909,0.573364,0.793457,-71.472168,-48.889156
0.612183,-0.755615,0.522827,7.934570,-57.800289,-48.767086
0.882690,-0.760010,0.402344,16.601563,-46.569820,-42.968746
1.026001,-0.797974,0.426636,20.324705,-33.020020,-22.399900
0.978271,-0.796509,0.448486,21.118162,-12.329101,-5.310058
0.870605,-0.766602,0.576294,17.150879,10.559081,1.953125
0.863403,-0.762573,0.534058,7.080078,47.302242,2.197266
0.758911,-0.629150,0.425903,2.319336,90.087883,1.586914
0.757813,-0.594971,0.322021,5.310058,143.615723,5.249023
0.608643,-0.733643,0.312256,7.324218,201.293930,2.685547
0.341675,-0.745728,0.392822,5.126953,237.121567,-8.728027
0.371094,-0.653564,0.525635,-0.549316,249.633774,-14.831542
0.335083,-0.651001,0.511841,-0.793457,257.141113,-8.789063
0.301025,-0.678589,0.499634,0.793457,265.258789,-7.446289
0.234863,-0.638428,0.479370,2.197266,269.165039,-15.319823
-0.010742,-0.639038,0.436890,6.103515,256.042480,-14.892577
-0.268677,-0.726074,0.468872,9.155273,205.993637,-12.939452
-0.066040,-0.693604,0.500854,9.521484,123.168938,-10.314940
0.018433,-0.718628,0.392456,19.165039,81.603996,-2.258301
0.055664,-0.772583,0.372314,27.770994,54.931637,2.075195
0.269287,-0.874634,0.427734,33.203125,38.635254,-0.305176
0.417114,-0.786621,0.571167,41.442867,40.222164,0.244141
0.335938,-0.647705,0.777588,42.907711,68.481445,-0.732422
0.180420,-0.577759,0.979492,35.400391,84.045403,-4.333496
0.049438,-0.572144,1.176636,21.606443,84.228508,-11.901855
-0.008057,-0.531494,1.180786,10.070800,67.932129,-19.104004
-0.038330,-0.522827,1.083496,-1.281738,39.794922,-22.033689
-0.012695,-0.564453,0.964111,-8.300781,6.958007,-20.812986
0.162354,-0.611816,0.833130,-8.728027,-15.014647,-15.624999
0.310303,-0.620117,0.781128,-3.906250,-40.466305,-5.859375
0.302124,-0.624878,0.762329,-1.586914,-61.828609,7.751464
0.256714,-0.621216,0.734619,-1.403808,-64.575195,14.465331
0.221802,-0.632324,0.681763,-2.197266,-58.105465,10.131835
0.239014,-0.650635,0.653564,-1.770019,-47.851559,2.746582
0.249512,-0.668579,0.612183,-0.488281,-34.912109,-2.746582
0.287842,-0.692261,0.614136,0.488281,-17.517090,-5.371093
0.245728,-0.707397,0.612915,3.051758,-5.065917,-5.981445
0.164795,-0.688843,0.623169,5.676269,2.441406,-5.859375
0.129883,-0.675415,0.646973,7.385253,1.647949,-6.469726
0.141846,-0.671265,0.649658,9.582520,-4.455566,-7.324218
0.156738,-0.673950,0.644043,10.681151,-10.253905,-7.934570
0.208008,-0.671021,0.686768,11.169433,-14.465331,-8.850098
0.229370,-0.662720,0.676636,12.084960,-21.423338,-8.666992
0.251831,-0.670044,0.682373,11.718749,-24.414061,-7.263183
0.300537,-0.661865,0.713379,11.169433,-26.062010,-8.300781
0.331299,-0.645142,0.730713,10.070800,-25.085447,-8.178711
0.326050,-0.627930,0.760498,8.850098,-22.094725,-7.202148
0.292236,-0.616089,0.780151,6.530761,-18.676758,-6.591796
0.253296,-0.608765,0.788086,4.699707,-18.493652,-6.286621
0.224365,-0.611206,0.777466,2.624511,-22.460936,-6.225585
0.185791,-0.615845,0.770996,1.037598,-28.808592,-6.713867
0.194946,-0.618896,0.740723,-0.488281,-35.400391,-7.507324
0.210083,-0.615479,0.740356,-1.464844,-41.198727,-7.934570
0.220703,-0.622070,0.705933,-2.441406,-45.532223,-8.605957
0.236328,-0.627563,0.715698,-2.502441,-49.011227,-9.765625
0.232544,-0.605957,0.748169,-1.892090,-53.527828,-11.535644
0.240845,-0.607056,0.753296,-3.784179,-55.419918,-14.404296
0.243530,-0.601929,0.754639,-5.737304,-57.678219,-18.737793
0.262085,-0.605835,0.744751,-9.155273,-55.603024,-22.766111
0.301636,-0.608521,0.731812,-12.084960,-54.016109,-25.268553
0.347168,-0.592163,0.721558,-11.596679,-54.565426,-23.559568
0.397583,-0.615479,0.690918,-11.962890,-50.720211,-22.094725
0.387573,-0.619873,0.664185,-9.704590,-45.043941,-19.958496
0.385498,-0.616211,0.661255,-9.765625,-41.137691,-19.287109
0.403687,-0.634644,0.683105,-11.596679,-37.048340,-21.301268
0.401733,-0.604736,0.707275,-14.221190,-29.785154,-23.925779
0.453979,-0.620361,0.703979,-20.263670,-17.700195,-27.709959
0.617920,-0.635376,0.592773,-21.301268,0.915527,-27.893064
0.778564,-0.675537,0.554321,-16.906738,32.226563,-23.864744
0.835327,-0.733521,0.522949,-12.084960,60.485836,-17.883301
0.713501,-0.770508,0.496948,-7.385253,91.430656,-10.742187
0.466797,-0.731323,0.391602,-2.807617,115.112297,-14.953612
0.302368,-0.658936,0.303833,-0.549316,134.216309,-27.587889
0.169800,-0.610229,0.276245,-2.563476,143.798828,-33.630371
0.205811,-0.651611,0.325073,3.356933,141.113281,-34.423828
0.383179,-0.694214,0.425293,11.535644,150.756836,-26.489256
0.332764,-0.721802,0.578979,21.179197,158.874512,-19.470215
0.133789,-0.680298,0.768433,25.146482,166.870102,-19.409180
0.006958,-0.626831,1.000732,22.766111,147.094727,-22.216795
-0.026001,-0.537354,1.072754,19.653320,111.511223,-20.202635
0.120361,-0.560181,0.812622,11.352538,86.608879,-18.432617
0.499634,-0.617554,0.709839,10.192870,84.045403,-15.991210
0.278809,-0.542358,0.839844,11.108397,74.279785,-4.455566
0.095703,-0.549316,0.937256,5.676269,51.208492,-0.610352
0.196655,-0.455688,1.147827,-0.488281,16.357422,1.831055
0.354126,-0.453125,1.224487,-10.192870,-18.066406,13.610839
0.426880,-0.503418,1.148926,-18.554688,-39.916992,29.724119
0.391235,-0.588257,0.985107,-27.893064,-43.273922,35.400391
0.242920,-0.566406,0.878174,-34.545898,-41.809078,35.400391
0.243530,-0.595947,0.679321,-39.001465,-42.297359,36.193848
0.207764,-0.627930,0.529541,-37.841797,-37.414551,34.729004
0.102539,-0.552246,0.741943,-34.057617,-31.249998,32.043457
0.147949,-0.510986,0.902954,-32.897949,-38.940430,33.203125
0.171753,-0.571777,0.971802,-36.926270,-48.217770,34.240723
0.245117,-0.710815,0.733521,-42.724606,-81.054680,35.949707
0.329468,-0.876709,0.334839,-38.818359,-131.164551,44.006344
0.424316,-0.921509,0.113892,-29.907225,-172.485336,61.828609
0.558228,-0.771118,0.331421,-9.277344,-186.828598,75.256348
0.273438,-0.494873,0.902954,-4.638672,-184.326157,81.665031
0.176636,-0.485596,1.065308,-21.911619,-152.404785,61.096188
0.366333,-0.638916,0.725220,-31.188963,-155.822754,47.790524
0.378296,-0.659668,0.663940,-24.414061,-176.574692,61.889645
-0.046875,-0.729004,0.599365,-18.493652,-193.664536,67.810059
0.187134,-0.983887,-0.151978,-8.544922,-196.899399,50.659176
0.231567,-0.923828,0.042603,24.291990,-199.340805,51.269527
0.238159,-0.644409,0.815552,28.808592,-164.611801,49.377438
0.281128,-0.624268,0.772949,15.624999,-129.333496,36.132813
-0.048584,-0.671143,0.740479,11.718749,-115.661613,19.531250
-0.198242,-0.605469,0.767944,6.835937,-113.220207,-0.122070
-0.093384,-0.608154,0.524780,5.187988,-120.849602,-17.395020
0.107788,-0.730225,0.421631,8.239746,-122.802727,-29.968260
0.190186,-0.767578,0.458740,15.197753,-124.572746,-34.118652
0.516357,-0.759766,0.342163,19.592285,-118.896477,-38.208008
0.615234,-0.691162,0.303711,28.930662,-95.336906,-33.508301
0.591553,-0.629761,0.589111,31.494139,-71.228027,-35.705566
0.496948,-0.596802,0.804688,20.690916,-51.330563,-42.236324
0.554810,-0.517578,0.645874,9.338379,-35.705566,-45.043941
0.508789,-0.553345,0.599365,4.577637,-22.766111,-52.185055
0.651367,-0.650269,0.556763,1.220703,-13.671874,-51.513668
0.757813,-0.687378,0.551147,1.464844,4.028320,-48.828121
0.785156,-0.715210,0.540771,0.793457,24.902342,-45.349117
0.985474,-0.734741,0.642090,1.281738,37.963867,-31.799314
0.994873,-0.728271,0.604858,0.427246,64.453125,-14.465331
0.900391,-0.686401,0.543579,-1.892090,100.097649,-5.859375
0.821655,-0.552490,0.448486,-4.028320,140.197754,-5.737304
0.787109,-0.540894,0.392822,-5.432128,174.682602,-6.530761
0.673828,-0.658691,0.432983,-5.065917,203.613266,-2.319336
0.491089,-0.732422,0.545776,-3.967285,218.017563,-1.159668
0.401855,-0.637329,0.609497,-7.324218,226.745590,-4.943848
0.243652,-0.585449,0.601563,-10.009766,228.515610,-11.291503
0.355957,-0.557373,0.575317,-11.169433,215.759262,-14.404296
0.173584,-0.567871,0.554688,-13.122558,191.162094,-4.516602
0.000366,-0.675903,0.532837,-13.488769,144.592285,6.896972
0.245972,-0.699463,0.473511,-7.873535,103.210442,8.850098
0.105713,-0.808228,0.459106,-4.821777,79.406738,7.873535
0.221313,-0.762573,0.466064,2.990722,67.504883,4.577637
0.238159,-0.754761,0.464111,7.019042,54.504391,5.310058
0.214966,-0.713379,0.498657,10.375976,58.715816,3.662109
0.131714,-0.650757,0.772339,3.784179,66.711426,-3.601074
0.077393,-0.610962,0.951782,-2.868652,57.617184,-10.314940
0.133789,-0.618042,0.993530,-5.859375,24.108885,-12.817382
0.238159,-0.604004,0.933350,-4.333496,-4.272461,-8.361816
0.325684,-0.618530,0.804199,-2.563476,-28.869627,0.122070
0.447876,-0.610474,0.734497,-0.854492,-38.635254,9.826660
0.528320,-0.639282,0.763550,-0.549316,-42.358395,18.615723
0.507080,-0.632690,0.747314,-1.831055,-39.001465,23.986814
0.417114,-0.643799,0.646240,-3.417969,-24.841307,22.033689
0.327637,-0.654175,0.592041,-2.807617,-9.521484,17.211914
0.220581,-0.666504,0.596069,-1.220703,0.793457,12.329101
0.127808,-0.677612,0.609497,0.671387,7.568359,7.568359
0.066528,-0.663208,0.638062,3.417969,11.047362,3.356933
0.034790,-0.655518,0.636963,5.493164,8.666992,0.244141
0.061401,-0.653809,0.661133,7.995605,3.051758,-1.220703
0.114258,-0.654541,0.688232,10.253905,-1.647949,-2.136230
0.156494,-0.648071,0.681885,11.779784,-4.943848,-2.807617
0.239624,-0.655640,0.701904,11.535644,-8.300781,-4.455566
0.337280,-0.656982,0.717896,11.230468,-10.925292,-4.821777
0.384644,-0.654419,0.717773,10.437011,-13.366698,-4.150391
0.413940,-0.639404,0.748535,8.361816,-12.817382,-3.356933
0.388428,-0.635010,0.745728,5.371093,-9.460449,-2.380371
0.363281,-0.627197,0.750610,2.136230,-5.065917,-3.173828
0.321289,-0.635254,0.736816,-0.854492,-1.953125,-4.089355
0.267090,-0.625977,0.713989,-2.563476,-2.807617,-4.089355
0.217285,-0.640625,0.696777,-3.784179,-5.126953,-3.662109
0.198364,-0.646851,0.682129,-3.967285,-10.986327,-2.868652
0.216553,-0.649414,0.663452,-3.234863,-20.080564,-2.197266
0.257324,-0.645508,0.668091,-1.037598,-27.893064,-2.136230
0.295654,-0.646484,0.661865,-0.305176,-30.517576,-1.831055
0.339233,-0.657837,0.679932,0.183105,-28.686522,-2.197266
0.327148,-0.648438,0.704224,0.122070,-23.925779,-2.685547
0.284424,-0.625000,0.739990,-0.427246,-16.113281,-4.760742
0.242432,-0.618164,0.752441,-3.112793,-9.582520,-8.483887
0.202393,-0.601196,0.767090,-5.310058,-7.324218,-12.329101
0.162354,-0.608643,0.740479,-8.056641,-9.887695,-14.953612
0.134521,-0.621338,0.711670,-9.643555,-18.066406,-17.150879
0.124268,-0.627197,0.662354,-9.826660,-30.822752,-18.981934
0.190796,-0.643066,0.669678,-10.070800,-41.625973,-20.446775
0.300781,-0.648804,0.675171,-8.850098,-52.062984,-21.606443
0.399536,-0.644409,0.724487,-7.019042,-57.128902,-22.644041
0.386841,-0.629517,0.748047,-10.131835,-56.945797,-23.010252
0.411255,-0.616089,0.746582,-14.038085,-49.865719,-25.573729
0.508057,-0.642456,0.651733,-18.310547,-50.415035,-27.832029
0.829834,-0.706665,0.517456,-19.409180,-41.687008,-24.719236
1.164185,-0.789917,0.341797,-12.512206,-16.357422,-13.000487
1.231567,-0.884888,0.255859,-0.427246,30.578611,-1.281738
0.666016,-0.756226,0.101807,12.634276,94.604485,3.967285
0.320679,-0.590698,0.156250,18.554688,171.386703,-9.277344
0.197632,-0.669434,0.324341,15.930175,218.444809,-22.583006
-0.097290,-0.663940,0.355347,17.333984,239.013657,-26.184080
-0.163452,-0.705200,0.496704,20.019531,231.933578,-32.714844
0.070923,-0.569946,0.938965,24.047850,207.397446,-33.020020
0.359497,-0.495605,1.372437,24.841307,190.246567,-19.958496
0.383911,-0.484253,1.361206,14.404296,177.734360,-8.178711
-0.057861,-0.557861,1.106445,0.671387,154.052734,-7.812500
-0.268555,-0.591431,0.806030,-5.554199,90.087883,-4.760742
-0.073730,-0.648438,0.569702,-2.258301,15.869140,6.408691
0.227051,-0.688721,0.402344,5.065917,-21.850584,15.991210
0.517090,-0.557495,0.866821,9.887695,-15.563964,18.615723
0.360474,-0.512451,1.087646,8.117676,3.540039,24.536131
0.138062,-0.566284,0.969360,-4.638672,16.723633,20.874022
0.062866,-0.572021,0.887207,-15.808105,5.249023,14.648437
-0.042847,-0.514893,0.963745,-22.460936,-20.568846,15.502929
0.166504,-0.599854,0.838501,-31.005857,-37.719727,14.526366
0.221436,-0.632568,0.718018,-30.761717,-51.513668,16.052246
0.278198,-0.657227,0.589111,-28.076170,-55.297848,21.240232
0.206055,-0.634766,0.732544,-23.681639,-47.546383,25.207518
0.292114,-0.639282,0.760986,-24.353025,-67.382813,27.526854
0.281982,-0.711060,0.625977,-25.329588,-89.599602,35.278320
0.150635,-0.715454,0.512329,-25.451658,-104.431145,39.855957
0.420166,-0.696167,0.485107,-21.972654,-132.080078,39.306641
0.712158,-0.711792,0.786133,-14.465331,-158.203125,52.856441
0.808838,-0.630493,0.949829,-13.732909,-161.437973,73.608398
0.513794,-0.640991,0.890015,-17.028809,-155.029297,83.190910
0.026855,-0.641724,0.655884,-22.216795,-151.306152,81.787102
-0.375000,-0.636108,0.612793,-21.057127,-170.776352,71.044922
-0.357178,-0.726318,0.448730,-18.798828,-205.261215,54.748531
-0.005249,-0.777832,0.381104,-9.155273,-234.619125,41.687008
0.170532,-0.754761,0.424805,4.089355,-226.257309,33.935547
0.263062,-0.718506,0.484375,12.084960,-177.673325,20.690916
0.086426,-0.721436,0.563965,17.150879,-137.207031,11.657714
-0.157715,-0.751709,0.558716,21.179197,-113.098137,-2.075195
-0.261719,-0.722900,0.631470,23.864744,-115.905754,-17.456055
0.092529,-0.605591,0.729736,23.437498,-136.352539,-34.240723
0.417114,-0.588135,0.607666,21.301268,-143.554688,-44.616695
0.857178,-0.555420,0.575806,18.859863,-112.365715,-47.058102
1.167358,-0.598267,0.573364,21.057127,-54.870602,-41.259762
1.126099,-0.681763,0.575928,25.024412,13.977050,-30.944822
1.006836,-0.765137,0.452271,28.503416,66.955566,-19.775391
0.873657,-0.756958,0.339233,31.860350,106.994621,-4.516602
0.740356,-0.671875,0.526001,29.052732,136.352539,6.225585
0.490356,-0.586182,0.497192,28.259275,157.897949,9.033203
0.393555,-0.444336,0.593262,33.081055,164.184555,4.943848
0.380005,-0.597534,0.805542,20.690916,165.771469,-0.244141
0.104980,-0.702026,0.899292,3.967285,154.541016,-1.098633
0.157837,-0.644409,0.830444,-14.038085,125.244133,-2.990722
0.368652,-0.607422,0.750366,-24.108885,126.770012,-8.300781
0.446533,-0.560425,0.681030,-27.465818,157.043457,-9.948730
0.257813,-0.624512,0.594849,-23.193357,184.082016,-9.338379
0.032715,-0.657471,0.613770,-19.958496,183.166489,-8.850098
-0.194580,-0.687744,0.655762,-19.226074,171.386703,-11.413573
-0.275635,-0.694214,0.747314,-17.089844,139.038086,-15.441894
-0.162842,-0.692993,0.711060,-12.268065,86.181633,-17.639160
-0.014771,-0.692261,0.699219,-10.803222,30.334471,-17.089844
0.037598,-0.687256,0.767822,-9.643555,-11.108397,-16.662598
0.097534,-0.667480,0.783691,-10.986327,-42.419430,-18.798828
0.134521,-0.632690,0.769531,-12.512206,-73.791504,-18.371582
0.298218,-0.632324,0.732300,-13.244628,-93.872063,-15.991210
0.478760,-0.622559,0.700928,-11.718749,-93.200676,-10.375976
0.594604,-0.625977,0.685059,-11.108397,-74.890137,-6.774902
0.603516,-0.631470,0.671875,-13.549804,-48.095699,-4.150391
0.568970,-0.643311,0.677124,-14.892577,-24.902342,-1.892090
0.426880,-0.673462,0.657959,-14.709472,-12.817382,1.037598
0.237305,-0.690186,0.594238,-16.174316,-8.056641,3.295898
0.145508,-0.708496,0.560669,-16.113281,-11.779784,1.525879
0.098389,-0.722778,0.538818,-12.329101,-22.705076,-1.708984
0.099609,-0.717407,0.514282,-7.690429,-31.799314,-4.150391
0.210693,-0.722046,0.505737,-2.685547,-34.240723,-6.530761
0.315430,-0.713501,0.549316,4.089355,-29.846189,-6.652832
0.343384,-0.714233,0.562866,8.483887,-21.545408,-6.103515
0.365601,-0.696655,0.623169,10.498046,-9.155273,-6.225585
0.387939,-0.672119,0.672974,11.901855,-1.342773,-6.713867
0.399170,-0.650146,0.702393,11.047362,3.845215,-6.469726
0.371338,-0.631836,0.700562,8.605957,7.507324,-6.225585
0.311279,-0.645996,0.701538,5.554199,9.399414,-7.324218
0.283936,-0.653564,0.700928,3.356933,6.652832,-8.911133
0.261597,-0.667236,0.668701,2.136230,-0.854492,-9.460449
0.256470,-0.671875,0.626099,1.647949,-11.291503,-8.789063
0.304810,-0.671265,0.667603,1.953125,-19.897461,-7.080078
0.370361,-0.665039,0.687744,4.028320,-27.526854,-4.943848
0.370361,-0.646362,0.706055,4.028320,-30.517576,-2.319336
0.380005,-0.636353,0.709229,2.258301,-26.123045,-2.075195
0.366333,-0.640991,0.710938,-0.183105,-20.812986,-3.051758
0.349731,-0.632202,0.700439,-2.624511,-14.831542,-4.699707
0.323486,-0.638184,0.694214,-4.516602,-10.925292,-6.347656
0.306763,-0.647583,0.687500,-5.859375,-9.033203,-7.446289
0.289673,-0.641235,0.682861,-6.408691,-8.544922,-8.483887
0.276733,-0.692139,0.692261,-6.591796,-7.263183,-10.009766
0.248901,-0.627930,0.682007,-6.103515,-9.277344,-10.192870
0.268921,-0.640747,0.689697,-7.995605,-14.526366,-11.901855
0.283936,-0.653564,0.686157,-7.141113,-21.118162,-12.817382
0.305298,-0.660889,0.655640,-7.751464,-24.169920,-13.000487
0.353027,-0.664185,0.637573,-8.483887,-21.972654,-15.380858
0.372070,-0.656860,0.668091,-8.789063,-18.859863,-17.333984
0.363647,-0.645142,0.675415,-9.460449,-17.089844,-18.432617
0.422485,-0.634766,0.677124,-10.498046,-15.075683,-19.958496
0.491333,-0.642334,0.671753,-12.023925,-13.000487,-19.775391
0.590088,-0.640869,0.682007,-12.573241,-1.586914,-18.859863
0.624146,-0.657715,0.621582,-13.427733,18.127441,-18.249512
0.662354,-0.719360,0.606689,-11.779784,49.377438,-18.737793
0.572144,-0.761597,0.471924,-8.422852,72.448730,-19.348145
0.443115,-0.760376,0.391357,-5.737304,92.834465,-18.493652
0.282837,-0.733154,0.354858,-2.136230,106.872551,-20.324705
0.403931,-0.751465,0.299072,5.859375,116.271965,-23.925779
0.405273,-0.713867,0.286621,19.165039,115.234367,-23.315428
0.272217,-0.658325,0.307251,20.324705,123.962395,-21.301268
0.312622,-0.645264,0.430786,23.254393,123.107903,-18.188477
0.396362,-0.682373,0.599854,29.968260,131.347656,-10.009766
0.273071,-0.644165,0.809570,30.334471,142.639160,-2.929687
0.033569,-0.601318,0.956665,24.353025,156.616211,-6.042480
-0.008667,-0.568970,0.976929,18.066406,144.653320,-11.901855
0.236328,-0.657227,0.703369,14.404296,114.562981,-12.817382
0.488647,-0.648438,0.743286,15.319823,93.811028,-5.554199
0.222412,-0.533813,0.907715,13.793944,92.163078,2.441406
-0.091431,-0.509155,1.014282,5.310058,79.528809,0.610352
-0.047363,-0.430176,1.192627,-5.065917,38.330078,-0.854492
0.115479,-0.446655,1.248779,-18.188477,-4.333496,6.408691
0.226318,-0.529907,0.991089,-25.146482,-19.836426,12.390136
0.174927,-0.630371,0.752686,-30.639647,-19.226074,12.145995
0.014038,-0.631592,0.633789,-29.479979,-28.991697,11.840819
0.059814,-0.645264,0.681396,-30.029295,-35.095215,11.413573
0.240967,-0.687988,0.677124,-26.794432,-36.071777,12.145995
0.480469,-0.725464,0.628784,-21.240232,-25.512693,15.319823
0.431030,-0.614624,0.814941,-18.310547,-12.023925,20.874022
0.332520,-0.458252,1.173584,-24.230955,1.159668,24.414061
0.179077,-0.482788,1.044922,-38.696289,-4.028320,26.550291
0.068237,-0.601074,0.762451,-51.025387,-32.592773,25.146482
0.313477,-0.841675,0.309814,-50.964352,-68.359375,28.076170
0.708862,-0.901855,0.225830,-31.127928,-105.102531,41.687008
0.724854,-0.715210,0.571533,-13.671874,-98.754875,69.458008
0.400879,-0.611084,0.784546,-14.709472,-69.030762,73.913574
0.111084,-0.560425,0.837158,-24.780272,-57.128902,61.706539
0.008057,-0.601563,0.773926,-34.790039,-65.979004,53.710934
0.258667,-0.809937,0.512817,-31.433104,-93.444817,57.678219
0.355225,-0.820313,0.423706,-17.883301,-114.929192,68.176270
0.203003,-0.880249,0.270996,-6.530761,-124.389641,73.181152
-0.156982,-0.748779,0.690918,1.159668,-135.803223,69.335938
-0.208740,-0.639160,0.876465,-4.943848,-153.259277,53.710934
-0.226563,-0.604492,1.006470,-11.474608,-173.461899,40.039063
-0.302856,-0.597534,0.922119,-24.475096,-183.044418,21.667479
-0.304199,-0.702271,0.524780,-29.357908,-190.002426,0.976562
-0.144287,-0.755005,0.204590,-18.005371,-187.011703,-9.033203
0.035156,-0.856812,0.152588,-0.976562,-174.865707,-13.549804
0.147339,-0.858887,0.345337,17.395020,-158.447266,-20.263670
0.170532,-0.772095,0.530151,23.803709,-151.123047,-25.451658
0.334595,-0.673462,0.606689,23.010252,-140.014648,-34.301758
0.675903,-0.589722,0.563843,18.371582,-118.164055,-40.893551
0.921631,-0.611938,0.393677,17.028809,-60.913082,-41.076656
0.883789,-0.780396,0.420288,19.592285,3.234863,-41.076656
0.742065,-0.767944,0.588013,20.263670,47.058102,-39.184570
0.697632,-0.651001,0.783325,15.869140,67.016602,-33.386230
0.719238,-0.651855,0.663818,8.911133,77.026367,-28.869627
0.850952,-0.780396,0.512207,3.723144,100.036613,-18.310547
0.756226,-0.774414,0.318115,4.150391,140.319824,-11.901855
0.498047,-0.692383,0.327026,7.019042,189.636215,-13.061522
0.336182,-0.626709,0.434814,10.864257,227.111801,-23.132322
0.259399,-0.635254,0.548950,11.291503,236.083969,-23.803709
0.128418,-0.703857,0.642090,14.221190,228.393539,-23.437498
0.102783,-0.744019,0.745239,11.840819,209.350571,-26.000975
0.251465,-0.629028,0.829956,5.554199,186.828598,-25.695799
0.319458,-0.544800,0.750977,2.136230,156.921387,-17.883301
0.197510,-0.587036,0.642944,1.037598,130.615234,-8.483887
0.240234,-0.638428,0.589966,-4.699707,97.473137,-1.770019
0.289917,-0.669800,0.507324,-4.455566,80.444328,3.173828
0.149780,-0.740845,0.398682,2.624511,69.030762,9.460449
0.125488,-0.822266,0.389160,8.850098,51.330563,17.822266
0.153564,-0.829956,0.509033,13.549804,41.381832,21.728514
0.123169,-0.709473,0.656250,17.517090,48.522945,18.188477
0.048706,-0.625488,0.834473,15.014647,56.091305,7.629394
0.003418,-0.618286,0.967773,7.446289,52.673336,-2.624511
0.040649,-0.606445,1.040161,-0.061035,39.001465,-7.263183
0.051147,-0.589111,1.003052,-5.798339,17.272949,-8.666992
0.066162,-0.601440,0.868286,-8.544922,-3.601074,-5.432128
0.119263,-0.632568,0.778442,-6.774902,-20.141600,-0.427246
0.123169,-0.653931,0.751099,-3.479004,-31.799314,5.981445
0.133423,-0.676147,0.696899,-1.159668,-37.841797,9.216309
0.139648,-0.687134,0.656738,0.488281,-39.123535,8.605957
0.146240,-0.680786,0.648804,2.441406,-36.865234,6.225585
0.123413,-0.673462,0.648926,4.028320,-30.578611,1.647949
0.150146,-0.667847,0.654541,4.699707,-24.414061,-2.563476
0.204224,-0.678223,0.672974,6.408691,-23.681639,-3.479004
0.197998,-0.685913,0.656738,8.422852,-23.864744,-1.220703
0.187988,-0.700195,0.663452,9.643555,-22.399900,-0.671387
0.176758,-0.683105,0.690430,10.437011,-22.583006,-1.770019
0.160889,-0.665527,0.700806,10.681151,-25.512693,-3.356933
0.158447,-0.665527,0.715820,9.216309,-29.968260,-4.577637
0.164063,-0.668823,0.710693,8.056641,-34.423828,-6.225585
0.223511,-0.667236,0.681152,7.873535,-36.682129,-6.286621
0.286377,-0.666626,0.679199,7.934570,-36.010742,-5.310058
0.339355,-0.667603,0.686890,8.728027,-28.442381,-4.699707
0.360107,-0.651611,0.711182,8.605957,-16.662598,-4.272461
0.306885,-0.640015,0.745850,7.629394,-6.286621,-4.089355
0.222412,-0.642090,0.756470,5.920410,-1.281738,-5.371093
0.150024,-0.624023,0.765503,3.723144,-3.417969,-7.385253
0.109131,-0.621216,0.768188,1.220703,-12.023925,-9.399414
0.082031,-0.627441,0.771240,-0.305176,-25.268553,-11.596679
0.071655,-0.620972,0.751221,-1.647949,-41.564938,-13.244628
0.097290,-0.635620,0.725708,-2.563476,-54.077145,-14.587401
0.162720,-0.638428,0.692993,-1.953125,-61.279293,-16.174316
0.233032,-0.641602,0.699097,-1.098633,-63.659664,-17.272949
0.281128,-0.635864,0.722412,-1.342773,-58.105465,-19.287109
0.279175,-0.621460,0.737427,-3.051758,-49.133297,-22.155760
0.263062,-0.613403,0.720581,-5.371093,-39.733887,-24.536131
0.260864,-0.650757,0.656494,-6.591796,-31.738279,-27.160643
0.275513,-0.697998,0.620117,-5.126953,-24.902342,-30.456541
0.327148,-0.686035,0.616211,-3.234863,-17.517090,-31.066893
0.337769,-0.652222,0.684814,-2.441406,-11.779784,-31.616209
0.404663,-0.611572,0.761475,-5.249023,-5.859375,-31.249998
0.572021,-0.619873,0.664917,-5.859375,10.009766,-27.282713
0.808716,-0.656372,0.606934,-0.183105,42.907711,-23.864744
0.978394,-0.726318,0.557495,4.028320,92.529289,-20.996092
0.874146,-0.773804,0.464600,9.704590,138.183594,-19.104004
0.694824,-0.713867,0.344482,13.244628,187.561020,-24.108885
0.385742,-0.689819,0.227783,11.352538,228.271469,-26.733397
-0.085938,-0.585938,0.401489,15.258788,237.548813,-30.700682
-0.363281,-0.620850,0.522705,19.226074,198.913559,-32.043457
-0.212402,-0.666748,0.741821,24.353025,149.414063,-25.878904
0.154541,-0.635376,1.013184,27.770994,98.205559,-15.624999
0.262207,-0.578247,1.201416,24.047850,80.871574,-4.028320
0.133911,-0.544312,1.273560,12.390136,69.641113,0.427246
-0.087891,-0.528442,1.029907,1.831055,53.039547,-0.976562
0.044434,-0.594971,0.579102,-1.831055,25.695799,-1.342773
0.155518,-0.586182,0.580688,-0.610352,16.296387,5.737304
0.011353,-0.516968,0.843994,-0.244141,-7.690429,11.047362
0.035767,-0.524780,1.045410,-6.225585,-33.508301,11.596679
0.341309,-0.545288,1.055176,-13.610839,-37.170410,11.657714
0.468506,-0.577515,0.993286,-17.578125,-15.747069,11.352538
0.462158,-0.567993,1.032227,-20.690916,-1.953125,11.596679
0.293823,-0.572266,0.940918,-28.869627,12.634276,15.563964
0.125610,-0.585449,0.683472,-33.447266,0.854492,21.301268
0.077515,-0.575684,0.646362,-35.705566,-25.390623,26.794432
-0.029297,-0.540405,0.727417,-33.203125,-61.218258,32.897949
-0.154663,-0.595337,0.850952,-32.104492,-99.792473,35.888672
0.176270,-0.739502,0.493164,-28.808592,-142.028809,31.982420
0.411255,-0.793823,0.588623,-22.338865,-160.583496,38.208008
0.558960,-0.743042,0.576660,-14.831542,-121.093742,43.884274
0.373535,-0.594604,0.764893,-10.559081,-72.753906,40.222164
0.197266,-0.518677,0.984375,-16.418457,-42.602535,41.320797
0.202515,-0.570801,0.977539,-25.085447,-56.335445,39.672852
0.354614,-0.708374,0.660889,-30.517576,-98.632805,46.081539
0.413574,-0.762329,0.353882,-22.338865,-146.057129,64.392090
0.376831,-0.851685,0.301758,-6.835937,-181.884750,77.087402
0.298828,-0.720215,0.641357,5.859375,-164.062485,78.491211
0.299805,-0.611084,0.811523,2.746582,-122.558586,64.758301
0.123657,-0.541626,0.925293,-8.300781,-70.678711,47.912594
-0.113525,-0.598877,0.865356,-19.287109,-51.696774,36.315918
-0.317017,-0.698608,0.833618,-25.085447,-70.251465,26.977537
-0.365234,-0.748901,0.624634,-26.245115,-112.060539,15.258788
-0.247314,-0.808105,0.298096,-19.836426,-152.404785,1.525879
0.034302,-0.767212,0.298950,-1.281738,-175.842270,-2.929687
0.287720,-0.749634,0.368286,13.000487,-178.283676,-2.502441
0.357544,-0.759399,0.471924,24.536131,-159.851074,-1.586914
0.303589,-0.739868,0.651855,26.672361,-137.756348,-5.126953
0.331421,-0.632568,0.813354,20.141600,-116.210930,-14.160155
0.421997,-0.585693,0.767822,10.009766,-97.961418,-26.367186
0.509888,-0.548584,0.670044,2.014160,-70.068359,-37.048340
0.802856,-0.646118,0.582886,-3.173828,-47.485348,-42.663570
0.918579,-0.702026,0.499878,-1.037598,-7.751464,-33.142090
0.736328,-0.703735,0.510132,6.225585,33.508301,-20.446775
0.590454,-0.714600,0.569336,13.061522,54.077145,-13.732909
0.587280,-0.730347,0.651245,15.319823,70.251465,-9.643555
0.514526,-0.676270,0.681152,8.605957,83.007805,-5.371093
0.369385,-0.685425,0.713013,-3.723144,92.468254,-10.253905
0.418213,-0.645630,0.660156,-14.282226,93.566887,-17.700195
0.708008,-0.625366,0.697876,-18.981934,114.685051,-18.188477
0.750366,-0.641846,0.515259,-17.639160,161.254868,-14.465331
0.573853,-0.725830,0.361694,-12.756347,209.045395,-11.657714
0.352051,-0.685181,0.257568,-7.324218,246.398911,-13.610839
0.289795,-0.665527,0.222778,0.915527,254.455551,-15.380858
-0.031006,-0.748535,0.186890,7.507324,244.140610,-6.286621
-0.142456,-0.839844,0.289917,13.732909,201.232895,0.305176
-0.009644,-0.786011,0.453735,20.202635,141.113281,3.662109
-0.170776,-0.726929,0.649170,24.780272,119.873039,0.000000
-0.094360,-0.654663,0.844238,19.775391,101.928703,-4.028320
-0.073853,-0.572998,0.979126,13.732909,90.148918,-14.282226
-0.040894,-0.548218,1.082764,7.019042,69.519043,-22.521971
0.015869,-0.578003,1.097168,-1.831055,43.212887,-24.963377
-0.001099,-0.602295,0.982422,-9.094238,9.826660,-21.057127
0.090088,-0.594727,0.911743,-12.695312,-25.085447,-13.183593
0.205444,-0.616455,0.820923,-11.047362,-49.438473,-6.530761
0.360352,-0.651978,0.721924,-7.080078,-61.523434,-0.671387
0.420532,-0.652222,0.685547,-4.760742,-66.833496,6.347656
0.354614,-0.643188,0.672852,-4.821777,-63.415524,12.023925
0.277832,-0.656006,0.666870,-5.798339,-50.720211,11.108397
0.199219,-0.651855,0.645752,-6.347656,-36.071777,4.699707
0.165649,-0.676392,0.643555,-7.568359,-21.911619,-1.770019
0.154663,-0.681274,0.642212,-6.286621,-12.268065,-4.943848
0.186523,-0.700073,0.628174,-3.967285,-5.920410,-5.859375
0.197021,-0.706055,0.621338,0.122070,-4.333496,-5.493164
0.154907,-0.701172,0.620117,3.479004,-5.554199,-4.089355
0.142578,-0.687134,0.643555,5.554199,-8.972168,-3.540039
0.140259,-0.666626,0.668213,6.896972,-15.502929,-5.371093
0.164429,-0.656006,0.686646,7.568359,-20.874022,-8.178711
0.196533,-0.650635,0.678101,7.507324,-22.094725,-10.192870
0.260864,-0.668945,0.693848,7.385253,-22.705076,-11.840819
0.311157,-0.671387,0.716064,7.141113,-21.850584,-12.573241
0.332886,-0.663696,0.731445,6.713867,-17.150879,-11.901855
0.317627,-0.647949,0.726074,5.798339,-11.474608,-10.986327
0.264282,-0.644409,0.740356,4.150391,-7.446289,-10.437011
0.211182,-0.637329,0.748047,2.868652,-6.530761,-10.986327
0.166626,-0.624023,0.748169,0.915527,-10.864257,-11.596679
0.147339,-0.621338,0.731812,-0.915527,-20.019531,-12.756347
0.160278,-0.637695,0.712769,-1.831055,-32.043457,-13.793944
0.170166,-0.646240,0.701416,-2.197266,-45.349117,-14.526366
0.196411,-0.644165,0.687256,-2.319336,-53.833004,-15.197753
0.285889,-0.642822,0.667603,-2.502441,-56.152340,-16.479492
0.366089,-0.656250,0.663818,-2.014160,-50.720211,-17.456055
0.381348,-0.656860,0.662354,-0.671387,-40.649410,-16.662598
0.346680,-0.646240,0.680908,-0.671387,-26.977537,-16.784668
0.316162,-0.636719,0.663940,-0.854492,-18.554688,-17.639160
0.307007,-0.649414,0.653198,-1.281738,-16.113281,-17.272949
0.306519,-0.642700,0.627319,-0.610352,-14.709472,-18.615723
0.303223,-0.652222,0.632690,0.000000,-11.230468,-20.812986
0.287598,-0.653076,0.639282,1.037598,-8.911133,-22.888182
0.294434,-0.630859,0.651123,2.380371,-8.361816,-24.414061
0.336182,-0.631104,0.674438,1.831055,-8.239746,-24.902342
0.346680,-0.626099,0.695435,3.234863,-9.399414,-23.376463
0.386475,-0.627197,0.696045,2.685547,-9.887695,-22.827147
0.455933,-0.636963,0.682129,0.976562,-5.676269,-22.094725
0.523071,-0.662354,0.636597,1.464844,0.671387,-20.446775
0.580566,-0.693359,0.581787,3.601074,8.178711,-16.662598
0.627930,-0.709351,0.525146,8.361816,20.446775,-11.840819
0.691406,-0.736084,0.455444,13.366698,38.208008,-8.056641
0.723511,-0.776855,0.401001,21.911619,55.603024,-5.004883
0.550415,-0.708252,0.417358,34.484863,74.035645,-6.774902
0.302734,-0.591553,0.536255,30.151365,104.125969,-7.141113
0.218994,-0.524170,0.704956,26.306150,117.370598,-11.596679
0.266724,-0.530396,0.952393,23.132322,115.600578,-11.047362
0.240967,-0.525757,1.053345,16.540527,110.534660,-3.356933
0.233765,-0.561768,1.006958,8.789063,101.989738,-0.854492
0.136475,-0.544800,0.890503,7.080078,95.153801,1.281738
0.039429,-0.555786,0.740479,4.638672,86.853020,3.906250
0.212280,-0.608887,0.486572,3.601074,85.388176,0.915527
0.231689,-0.499878,0.802002,6.591796,101.379387,1.586914
-0.205688,-0.449097,1.192139,-3.295898,92.651360,3.723144
-0.036499,-0.514038,1.116943,-13.122558,49.926754,1.464844
0.162842,-0.618408,0.979126,-18.676758,8.239746,7.080078
0.344360,-0.595947,0.849121,-20.324705,-12.390136,8.911133
0.560791,-0.651123,0.736938,-20.324705,-10.986327,12.390136
0.431030,-0.550415,0.767212,-21.179197,12.939452,19.592285
0.043823,-0.495117,0.832642,-29.785154,34.423828,17.761230
-0.006592,-0.560303,0.699097,-32.592773,35.400391,10.253905
-0.024536,-0.612427,0.738159,-32.165527,21.057127,10.009766
0.061768,-0.605957,0.938354,-31.249998,-6.896972,13.000487
0.367920,-0.636108,0.956665,-34.667969,-29.052732,14.526366
0.594360,-0.743652,0.632324,-38.391113,-41.015621,22.338865
0.406982,-0.717773,0.557251,-36.071777,-49.499508,34.484863
0.290527,-0.591797,0.703491,-30.395506,-57.128902,45.349117
0.213135,-0.571045,0.775391,-32.470703,-67.932129,50.964352
0.446899,-0.634888,0.759766,-32.958984,-66.894531,49.011227
0.493896,-0.654175,0.781738,-36.804199,-46.142574,53.894039
0.632080,-0.669434,0.622437,-36.193848,-34.057617,59.631344
0.345703,-0.657227,0.689819,-31.005857,-44.433590,75.256348
-0.073608,-0.679443,0.611328,-32.531738,-72.143555,78.430176
-0.148438,-0.758667,0.484009,-28.381346,-126.403801,74.707031
-0.080566,-0.763794,0.500122,-20.935057,-165.222153,73.547363
0.145386,-0.707520,0.653931,-13.061522,-173.706039,71.777344
0.224365,-0.705200,0.771973,-11.962890,-148.925781,66.101074
0.070435,-0.618408,0.824341,-16.906738,-114.807121,54.077145
-0.144897,-0.645508,0.787109,-24.780272,-102.905266,41.564938
-0.265015,-0.728882,0.612793,-27.343748,-122.802727,30.639647
-0.305420,-0.815674,0.416748,-21.057127,-151.184082,21.484373
-0.216187,-0.823120,0.358643,-10.375976,-183.776840,14.160155
0.076416,-0.844727,0.158081,3.295898,-204.895004,11.047362
0.306641,-0.785522,0.306396,23.681639,-202.026352,12.023925
0.274292,-0.674561,0.802856,28.442381,-177.490219,8.789063
0.106689,-0.593140,1.077271,13.000487,-150.695801,-4.028320
0.022461,-0.539307,1.032837,-8.972168,-140.380859,-25.085447
0.204590,-0.551147,0.728027,-22.949217,-132.629395,-42.846676
0.487183,-0.615479,0.508667,-24.108885,-115.234367,-48.217770
0.850342,-0.686157,0.378540,-18.005371,-83.374016,-42.846676
0.962036,-0.847046,0.365479,-6.652832,-32.775879,-29.052732
0.792236,-0.864624,0.407593,4.333496,6.286621,-12.939452
0.650879,-0.712769,0.457642,8.483887,25.939939,-7.690429
0.596191,-0.713257,0.532349,4.333496,38.330078,-8.972168
0.679077,-0.801270,0.463379,-4.394531,53.710934,-13.305663
0.714111,-0.855713,0.395386,-8.544922,75.134277,-11.169433
0.629883,-0.718018,0.275635,-2.258301,118.713371,-8.300781
0.664673,-0.721069,0.343750,1.342773,169.860825,-10.131835
0.549805,-0.749268,0.375854,5.737304,218.322739,-13.061522
0.280884,-0.722656,0.383301,6.591796,255.065903,-16.052246
0.208252,-0.773315,0.484375,4.638672,267.761230,-20.080564
0.100098,-0.702637,0.471680,6.835937,265.991211,-22.338865
-0.032227,-0.605103,0.428711,9.887695,248.413071,-26.672361
0.038818,-0.625000,0.490601,9.826660,218.261703,-25.024412
-0.095703,-0.668335,0.459839,11.535644,180.419907,-21.850584