0.342163,-0.7067288752455156,0.5571596808987603,0.0,0.0,0.0
0.353516,-0.7130642092682714,0.5727985604884277,0.0,0.0,0.0
0.359131,-0.7028375623208537,0.5809896325924243,0.0,0.0,0.0
0.38855,-0.6865528779583684,0.5962555332934713,10.253905,2.762936278960034,5.029686013234075
0.381836,-0.6813896745793423,0.6066644638757557,8.850098,4.443006610705254,6.596881188105892
0.362549,-0.6680513351175953,0.6165831455121024,8.544922,6.672393808475877,9.115519084388216
0.357666,-0.6684293004153804,0.6166604904128407,7.751464,7.050576837621179,9.038129305428182
0.380493,-0.676150024905786,0.6237958033242168,6.16455,5.41299616899586,6.812108385876516
0.372192,-0.6796167092682713,0.6307313298745877,4.150391,3.1285604188105895,3.8319115999289055
0.363525,-0.6787660731855504,0.6175546747886118,1.953125,0.17931061033471382,1.1650670874359093
0.375977,-0.6764244500756509,0.6164844849871353,0.244141,-2.391755668995859,-1.5791663379917174
0.397583,-0.6803393432561534,0.6077496910922998,-0.488281,-4.307790227286465,-3.432991542008839
0.404419,-0.665004565060278,0.6072123060503554,-0.671387,-3.8865306748718185,-2.337136594052946
0.366455,-0.6515926534945343,0.592844418308844,0.244141,-1.9704961165812123,-0.48331139003582496
0.388306,-0.6380302310508081,0.6055932230550902,1.831055,-0.5323752269159259,1.1530950582906063
0.384521,-0.6560603752588015,0.6231920972190522,2.746582,-0.5198158376211783,2.273480558661145
0.371338,-0.6769183779450825,0.6346709768220055,3.112793,-0.6195459771011953,1.9786728900358252
0.359619,-0.6882237575347497,0.6358414849738494,3.356933,-1.042996587435909,0.3907429184400505
0.35437,-0.6948364820384413,0.623167910157,3.112793,-2.1416295874359093,-1.5121452564317677
0.353638,-0.6871979820517271,0.6146701802276031,3.112793,-2.0626356107052533,-2.473957675242357
0.361206,-0.682199610600618,0.615025613536026,3.540039,-1.3732910000000003,-2.378609785577071
0.366699,-0.6975622575347498,0.6196667285073675,3.784179,-0.6735771918946636,-1.6549519191811282
0.373047,-0.7000170460038798,0.6261589101570001,3.90625,0.28663052914530307,-0.23596336051998326
0.359863,-0.7104656609619353,0.6224653781809237,3.723144,1.11878216862532,1.327435558661145
0.363281,-0.7084503534762646,0.6296179931389793,3.784179,1.5787368605199836,2.6123824542023906
0.368896,-0.7033529711604587,0.6352729182955582,4.089355,1.7580474708546974,3.7774495416383
0.365845,-0.7051887922236788,0.6274531829404558,4.394531,1.7155574417093944,4.436276652343553
0.365845,-0.6957767786594152,0.6230052686352877,4.821777,1.500330609964175,5.406264844608755
0.361206,-0.712672511288379,0.6266990012908232,5.065917,1.0633032727135356,5.8700152921941084
0.363159,-0.7031159071950203,0.6237195251283414,5.249023,1.0267993251281822,6.173000600299446
0.372192,-0.7170396582357967,0.6286568808937765,5.432128,0.08732813286298005,6.010630763048806
0.377686,-0.7250490378254641,0.6355362285073675,5.249023,-0.15243098334769317,6.571919792194109
0.361328,-0.7375443425849961,0.6278097258078006,5.737304,-0.26413228594760924,6.988797460819429
0.362427,-0.7499759255669755,0.603835592464504,7.141113,-0.27610481509291224,7.700482432044665
0.344604,-0.7672459602559045,0.5949190149348019,8.728027,-1.4716894025288207,7.826935181859395
0.358887,-0.782790449364636,0.6165791700207778,10.437011,-1.8520631235687877,7.412248571154143
0.406006,-0.7977134303215236,0.6485938088030656,11.108397,-2.4961410191100333,8.982220932044665
0.449341,-0.8115069704228721,0.6757266965312911,10.253905,-3.5832313334618684,11.371787275171265
0.482178,-0.873308520744332,0.6902652713879981,9.338379,-5.048503944908199,13.83874066520709
0.583008,-0.9929001717352831,0.8044164557106258,11.901855,-4.4838500035693425,18.2347179803
0.683472,-1.1448658682931458,0.8566341482648127,4.577637,-7.91347563338463,26.698728138519517
0.755249,-1.2530779607842215,0.9216473060769272,-0.549316,-8.739914286098717,36.61983240267994
0.770874,-1.298583861445411,0.950738774087565,-7.751464,-8.500427496732877,47.89889368960312
0.688477,-1.2761556451201352,0.9380715842860884,-16.235352,-11.044031387003198,54.72371651732508
0.557861,-1.3328549362755462,0.8982155312517759,-24.414061,-17.383777244240992,55.70583658551491
0.548462,-1.1902499158618953,0.9606426720226158,-35.095215,-26.7208250072898,50.03164146721704
0.603271,-1.16053241043619,1.0038149012941413,-47.790524,-40.370631607589246,38.1082329220094
0.483643,-1.1174932478562416,0.9682529175978294,-61.828609,-59.039327778301754,24.57193264326879
0.595215,-1.0462695186378594,0.9002100353085951,-75.195313,-71.72892875563745,14.067515022747699
0.740356,-0.9498997336324544,0.8110233992524458,-85.876457,-86.38987714424378,13.088055526536467
0.702026,-0.8424053629455035,0.7176691108098875,-89.721672,-93.18124850134554,19.757671282968243
0.710571,-0.6808431371377031,0.6476490944929136,-88.74511,-95.68118391012086,29.587812139328918
0.562134,-0.7331422031182652,0.7357764550261827,-81.787102,-99.45366470782038,34.16208372713536
0.471558,-0.8072555452662934,0.6681983809070624,-83.374016,-101.70625172105446,41.735096571744116
0.444092,-0.9044855554465471,0.6355330632544239,-80.749504,-108.39848116485103,46.867449159180026
0.436768,-0.9688927983089078,0.605764446241387,-80.505363,-116.7888960677504,44.663924250775246
0.406616,-0.9942738914578547,0.7168311033557724,-80.688469,-122.88407641161808,41.06477021390129
0.432495,-1.0247085778487497,0.8220766802143173,-89.904778,-126.71454183042866,36.01712349188575
0.459961,-1.083014638377035,0.9349556209901412,-104.431145,-132.70999996301956,32.71277939158631
0.477173,-1.218215548520749,1.107030775391674,-128.173828,-140.91351334227903,29.97848741813783
0.551758,-1.2172959784185902,1.2726855175297342,-158.630371,-148.084828942949,31.2292784406661
0.669067,-1.1035453825036472,1.3974413290456524,-192.443832,-152.34324416607618,42.286104914485115
0.570435,-0.8620565716854578,1.323280218842145,-229.309067,-156.6222216788939,58.92251845784006
0.460571,-0.7589912493048426,1.177088593703836,-258.300781,-154.11887978543987,78.76136380601817
0.42395,-0.4563649344298341,0.9187807467746879,-278.930664,-143.3225040539941,107.83721311048585
0.349365,-0.10309767880557341,0.5675235821663298,-283.02002,-115.73433922714925,143.78049427816572
0.230469,0.16915319999501613,0.17945593665422743,-280.090332,-75.340080847565,185.7913321256705
0.045654,0.35177494616332383,-0.1255719204153166,-282.470703,-40.89485195298426,204.3145226494239
0.095093,0.18432325434672345,-0.24934675845503407,-292.541504,-14.226484369609224,219.0113342587523
0.084839,-0.4391483237112957,-0.1283032087266684,-308.410645,-21.23809460693095,198.321947084841
0.102661,-0.9489098405698725,0.09496594433089788,-336.975067,-54.723306869609225,148.86878014365382
-0.036011,-1.0724605928749005,0.3262817640252319,-385.925262,-110.54355523231484,85.38841388833426
0.129517,-0.5093902841631837,0.29959414694741776,-458.007782,-162.5293832077145,32.94397656140662
0.245972,-0.16549513390981907,0.3461660196627784,-477.172821,-173.37156145160748,25.883490978266078
0.231934,0.16416162042361854,0.32681626722654394,-478.393524,-128.5679015466667,58.44179229866005
-0.184814,0.22085925301604278,0.12155344754549582,-454.406708,-90.82164596329163,92.32606876454604
-0.52063,0.3066535985098753,-0.2650023870570683,-417.663544,-57.13470735807674,98.67160398023171
-0.537598,0.45688581546810275,-0.5265225543517075,-358.215302,-26.641320372218658,95.09123153459748
-0.520752,0.6466029466384974,-0.8700408440983747,-292.114258,-0.698839383721007,84.48292668106508
-0.505371,0.6946230710790777,-1.09961154878151,-224.548325,22.356595588396416,74.9776414433728
-0.541748,0.6755249588471607,-1.1007084494958426,-159.118652,37.75446836713702,59.5332834246333
-0.557495,0.5853248629455035,-1.1629455984450983,-98.144524,46.07957983041418,41.97037745770342
-0.529053,0.44661745210406034,-1.1595418814088077,-41.137691,43.97558674030112,18.30662652685375
-0.399536,0.24801642971514348,-1.087024942621536,11.291503,37.411802881127244,-7.222340607135913
-0.232056,0.10045443657616433,-0.9605298120043778,57.678219,37.033145837923406,-27.653577844608762
-0.138184,-0.04604828379264486,-0.8509979671302111,99.670403,43.40587867800231,-39.93111078252939
-0.149414,-0.2068320442628027,-0.715177609296509,137.573242,48.56624477228976,-47.350522521567775
-0.128296,-0.35021964966027047,-0.5929262270205605,168.395981,49.7371414246333,-54.721884029296426
-0.043945,-0.5104459611629029,-0.5188843392524776,190.124496,52.669292943372795,-60.99578862334937
0.067505,-0.6229308101204605,-0.4239178127286784,201.721176,62.1511739822355,-60.19767291271521
0.137329,-0.7654491699028572,-0.32091485288317045,205.20018,76.67386053673732,-52.86590793792063
0.261963,-0.8022868726372977,-0.3104996256533403,198.120102,91.13887850343272,-41.483637887207564
0.387451,-0.8009860066384656,-0.3517044596495243,190.856918,99.27114570194443,-32.64715991865949
0.392334,-0.7791867529379799,-0.4340630446731991,182.983383,103.45424525986449,-24.913538951223025
0.369263,-0.7162961067148628,-0.5407092500939206,173.95018,98.1961847994156,-24.133070817989505
0.305542,-0.5883752951856587,-0.6272499051798964,165.771469,87.23337201420907,-39.58117955583289
0.163452,-0.5157039081153045,-0.6319953705175391,166.01561,62.22738990692204,-63.483633058812266
-0.162964,-0.66572183461585,-0.5910520412626175,179.74852,40.08509625184867,-85.23366266550933
-0.195557,-0.8075895304759838,-0.35874609844509797,193.969711,33.61911764082554,-122.80023814045502
0.021484,-0.8190873134264074,-0.22412084268963095,190.307602,43.56604535391742,-136.57751396216497
0.1604,-0.7743659127785039,-0.2762991045818183,180.969223,47.02548704544155,-128.14417918662318
0.353516,-0.7190087182490508,-0.35082763109233156,180.847153,55.559178893098,-103.96397733034588
0.48938,-0.7285046141424061,-0.3650790052430077,184.997543,60.28052194930142,-79.06273727703903
0.634766,-0.8331663964083865,-0.25094852973839726,193.35936,63.94294634863144,-59.04735813851952
0.642212,-1.047801177305481,-0.04555687532357856,201.599106,64.85280836255393,-43.43335890252883
0.655518,-1.2332917180264955,0.17613208382420056,201.354965,67.18486076850098,-31.45955564951529
0.741943,-1.3289471526655992,0.3236840110091891,190.185532,70.99854143087981,-21.680238978432246
0.77478,-1.2926254125426626,0.2655011103214281,169.250473,69.30563824902042,-12.527473301707733
0.646851,-1.0763707010632841,0.039723257979860475,149.353027,68.7020132432805,-5.272192480368325
0.515503,-0.8224108290722241,-0.15101934064793535,146.30127,68.18278626580876,-1.166637986009785
0.451294,-0.6901546590381605,-0.1853729345344689,152.099609,66.62435609056641,2.4817377704219874
0.348022,-0.7671874521954094,-0.07197164613176814,157.165527,63.111196717553426,4.087197241276681
0.34375,-0.9634325650204205,0.15550384771822579,158.203125,59.713376386178744,-2.4083522076547816
0.376465,-1.1210158785647484,0.35741554223439304,150.268555,53.777199967368155,-11.10319736772699
0.42334,-1.222129818669415,0.43862906061963414,133.239746,43.696774646769825,-20.506364184907095
0.474976,-1.2296126717087115,0.4378743789700016,111.328117,32.975481692196894,-31.01954830505765
0.524902,-1.1519046057547209,0.35030069736022645,91.125481,22.924988377474513,-42.201927367288135
0.53186,-1.0263548527785358,0.24158924839270107,78.857422,17.371965195849608,-48.15794365347024
0.508667,-0.8767412902351268,0.12011154021926922,74.279785,18.36808654022387,-48.87400887451021
0.455078,-0.9017233970147667,0.14397926199682218,78.796387,26.8986893025316,-40.690369471005816
0.486816,-0.9713940296470485,0.26158818648224386,84.533684,43.05093690283105,-24.432605970854702
0.530273,-0.9728892513847438,0.3405403864639742,86.547844,57.68505229911337,-5.677370580667765
0.52063,-0.9653532405067613,0.3804491401910317,84.350578,64.9565694552457,13.875274581862174
0.496094,-0.9314081337138356,0.39383378982473044,75.98877,60.86475080253161,18.14057478000334
0.463257,-0.8966596765944661,0.40055388304010664,67.993164,52.45520816670432,13.340437666333774
0.433228,-0.8480722011031415,0.36996385920258845,60.913082,39.72151319450351,4.8348390063976066
0.412964,-0.8038428140327875,0.3159554047960718,56.03027,27.92991318201051,-8.02045131777007
0.398315,-0.8495499180995745,0.2997763782855584,55.358883,17.150792756953418,-21.319341554872377
0.389893,-0.9847254275688134,0.3857135279458289,55.419918,8.119351971376346,-31.469091861041637
0.517578,-1.0283514003339993,0.4424751265869105,52.429195,5.723213552565756,-34.03241134438933
0.590698,-1.09289442891278,0.4842493218140926,46.44775,6.96743163338463,-28.33732441271521
0.596191,-1.0782482874176393,0.4649391830185189,40.161129,9.189387300527795,-17.286640305057645
0.575317,-1.041729573831788,0.4373714503762692,35.095215,12.22435931204522,-7.269168581559951
0.566895,-0.9802651065055932,0.39807903064539574,30.334471,15.58786661978002,0.02143896706592524
0.527222,-0.9094482595897312,0.3542334075354962,27.465818,18.997657480300003,5.805299980670537
0.477905,-0.8665227949498174,0.33043649323032814,27.770994,24.099492067735913,12.444670697921737
0.438599,-0.8254142657264514,0.32375855446962803,29.663084,28.69669087621179,17.965846606697056
0.41748,-0.80531088615007,0.3160986292997633,31.188963,33.25957866104778,24.2820840792684
0.408569,-0.7936581160927527,0.321633819087954,33.02002,35.39142491123305,26.997988098514483
0.383789,-0.7895285813772519,0.35124638302682076,33.569336,35.4225302713825,28.882918162681044
0.365967,-0.7875562711654427,0.3759025245219613,32.592773,33.49393782379715,25.908710056369596
0.359619,-0.798704345982292,0.3851574925325992,30.029295,29.594260399481133,20.61911662432494
0.353149,-0.8369361827046147,0.3714280088628589,27.526854,25.078245259630577,14.628202954353505
0.351074,-0.8856028105823481,0.3979749367455764,25.512693,20.17367989323463,8.086372550713063
0.375488,-0.925266513290217,0.44695138843924037,23.864744,14.887136474053504,2.469848752272458
0.384888,-0.955624756139292,0.497885369396128,21.179197,10.235475973312425,-1.6808155745723743
0.400757,-0.9635567908282209,0.505142682307504,17.578125,6.40778874052054,-4.404312337250641
0.401978,-0.9511373738234861,0.5024837435600898,13.305663,2.8324205132340743,-6.568711762678267
0.419678,-0.9415581894742866,0.484407377547972,9.277344,-0.2486797664670375,-8.24322599033527
0.440552,-0.9398387323416313,0.4556475646631675,5.981445,-1.8186529933829636,-8.887303385876516
0.459106,-0.9184169840402793,0.4243911211080617,3.173828,-2.243120941338856,-7.303167437920624
0.471313,-0.9089111310142687,0.40692174151839433,2.502441,-1.5651609996294615,-4.664062373383519
0.470215,-0.9142481337271214,0.40182778165960054,2.868652,-1.4484892210399667,-2.2647169250570878
0.465942,-0.9285064439123589,0.3993476639886923,4.455566,-1.418988558661145,0.9602077210399667
0.489014,-0.9234943582175271,0.4063208510640304,6.469726,-1.0581766460970539,3.782418285577071
0.49585,-0.9233804010583,0.41823623065369764,7.8125,-0.9409183733835182,8.013835571524682
0.490479,-0.9473834514063315,0.45478772791427324,8.605957,-2.420354937920622,10.700400275171264
0.461792,-0.910217775222262,0.4534865673627344,7.568359,-4.037629055242913,14.735135334202948
0.470459,-0.9690734806429835,0.4733714952587378,8.605957,-4.33083252609761,13.494870025727073
0.444458,-0.9573570956143248,0.4863408694094138,5.310058,-4.891534195093468,15.087182247137578
0.450073,-0.9668573711106333,0.4711059095639058,1.464844,-8.15413664304936,11.755525042379379
0.434326,-0.9595975371011634,0.4353403109228241,-1.403808,-12.423819091005253,6.679554110334715
0.419678,-1.026212087435909,0.4198145252196903,-1.89209,-18.28436744527874,-7.133323399481128
0.477539,-1.047900202380679,0.41838160821495546,-4.455566,-23.723499230485274,-13.014136000521649
0.527344,-1.0304219296105088,0.4298568646814373,-4.02832,-25.237406201339972,-16.368721791974682
0.575195,-0.9910791704444601,0.43476852246698006,-4.272461,-27.813443090634717,-21.929180566404863
0.583984,-0.9749676228225672,0.3669705415366642,-5.065917,-30.13043038208775,-18.618100275692914
0.623169,-0.9274570724878215,0.3494072286120022,-0.183105,-35.79996869167524,-20.137250683356612
0.60791,-0.9316222595631595,0.3592829129744875,2.380371,-43.03932307755176,-15.46426629369133
0.557983,-0.9452877779218288,0.41862154086550696,5.126953,-46.663010630941976,-9.777783246918148
0.543701,-1.0019225520093935,0.6686712346706594,1.281738,-52.99880658186218,-2.80737574030111
0.484375,-1.0685999220251874,0.951864642088235,-15.441894,-58.850706746698734,4.024609853381302
0.424561,-1.0743847070438781,1.1762211005249994,-47.241207,-64.26835762632875,8.06869727219189
0.406738,-1.0605052607626337,1.1851230066650373,-85.754387,-67.33572552848703,11.178712220147784
0.522949,-0.9930326438160261,1.0773810073361947,-118.591301,-68.60416422649214,18.747343948916402
0.76416,-0.728311108520717,1.001224156325308,-140.869141,-70.7663244593367,48.32755257152469
0.794067,-0.42412882763690846,0.9292053215782514,-155.883789,-73.46156978559156,95.9053447275887
0.578491,-0.3035274365628785,0.630525058381955,-168.273911,-63.49687441161807,143.92642139725734
0.132935,-0.3619964570413064,0.08101174424453286,-177.73436,-28.18326362284219,175.5503754821296
-0.21814,-0.3004488468892904,-0.3104326678877333,-169.006332,9.506557608300794,172.9599807826574
-0.420654,-0.39494045845005016,-0.3229729400000319,-163.269028,31.64834730118609,148.68860750123963
-0.226074,-0.519406050914554,-0.24265566994271467,-168.884262,26.78109653278298,106.32273987718679
0.096802,-1.0314346207941576,0.12414683209898092,-168.518051,16.815969949286945,63.3058023307164
0.668823,-1.4207509968420367,0.3704850885654629,-209.2285,-5.190251831525791,34.71138812371991
0.952026,-1.481885281136427,0.7050274020832191,-246.948227,-60.80363675563745,32.9906758542735
0.563965,-1.1149170669309094,0.757870993849994,-315.490723,-60.945972368429885,52.03125334119053
0.33374,-0.837263122835853,0.5837537319445208,-350.707977,-18.0300473316769,56.78372995866393
0.244995,-0.561326718828859,0.4794136033424865,-346.496552,-11.311096741647221,52.55215975414023
0.031006,-0.5735755971011315,0.1496039238391841,-321.960419,-9.440332264546027,52.74066087747452
-0.041504,-0.6030664025583926,-0.05015764956892152,-281.799316,5.810238389514179,53.520656094725716
-0.032959,-0.5144038665653546,-0.26865963250107533,-247.985825,15.081123525946504,49.43670018216162
-0.01416,-0.3492098122136472,-0.4376131372556236,-207.336411,27.262133853902952,52.83463495770343
-0.014526,-0.2696500755278642,-0.6228096310790459,-158.508301,43.98893344490821,53.60806169734684
-0.041626,-0.19100815926071574,-0.7385498364997672,-112.42675,50.991736244089886,46.816375940915066
-0.015259,-0.20459094018272975,-0.7525559031647727,-70.3125,50.246166360671104,42.59532302224053
0.019409,-0.24713676601378393,-0.7251734351541349,-35.888672,44.373214633755175,34.49826824082277
0.029663,-0.3824265829819793,-0.6648242718897432,-6.530761,39.90567610460987,27.492686523571567
0.050415,-0.47079729587010166,-0.5644688365130531,16.784668,36.8674968315258,20.155209660087273
0.058594,-0.5509985114976486,-0.48926941680875136,34.484863,31.825522389816406,9.95740975658288
0.084229,-0.5966604094459852,-0.4645981440252955,50.170895,26.696379197921736,0.5851911489253175
0.136475,-0.6643259890306686,-0.44752036578956256,64.39209,22.31542355881226,-9.07804060371768
0.175659,-0.7702301379400667,-0.36776973243298017,76.599121,20.07770220490931,-18.569121681859396
0.208008,-0.8598358399767783,-0.2861533610084426,88.256828,22.056218944318235,-24.78578616557763
0.183594,-0.9329327589833512,-0.200114938604574,97.106926,26.23579693941785,-28.044594723868236
0.085938,-0.9798605099576985,-0.14370218757708328,101.501457,29.17451793576512,-32.84226864892533
0.010132,-0.9291062161027206,-0.14002117191798077,99.121086,28.30629219219689,-39.10682174922477
0.053711,-0.8597830855121342,-0.1349399875953531,91.979973,25.756392919112812,-45.59857284438933
0.072021,-0.8451927168270212,-0.20073272773157533,90.332024,23.250743023571566,-47.252937769446426
0.167725,-0.8509548052479917,-0.22658295763440062,87.646477,19.845332912866315,-52.052649101796675
0.236694,-0.8413029120674891,-0.20791138825654254,80.566399,16.645371662681047,-56.61858256936918
0.294922,-0.8485690242861201,-0.16678666379270848,73.974609,9.207419416889572,-62.54349176335104
0.335815,-0.8532123481020506,-0.24050313655789463,71.960449,1.6322145143607543,-65.28815553227581
0.353271,-0.9123247351856906,-0.2340007943434372,73.791504,-0.3763911136018396,-64.1284865322758
0.342651,-0.8702761528748686,-0.27787051339485164,75.378418,1.0426000431355167,-65.08869575331576
0.379883,-0.8213578297433812,-0.2683374923100437,76.782227,0.1799304036555038,-66.70495339904228
0.412964,-0.7752680304361262,-0.23757961819922524,80.871574,4.301407601426123,-60.90911949026696
0.457642,-0.7566314154913565,-0.24143205423378672,83.312981,7.948336676739578,-51.17448304022388
0.487427,-0.781231177370258,-0.21665809166214023,87.524406,12.488450525507643,-39.77073318201051
0.470703,-0.8680708127286785,-0.14636475221367903,93.01757,16.010687931454697,-25.735469038590608
0.460938,-0.920177969843064,-0.06962499577376877,97.045891,18.697994779852223,-15.587751041638302
0.447021,-0.9308237208572688,-0.015553977415099363,95.336906,19.905122418961703,-11.42175063948002
0.406616,-0.9529103249240558,0.009178902174567885,90.698235,16.569512441860507,-14.14743859405295
0.39563,-0.9345806085854943,0.011140902161282086,84.045403,10.89383080200995,-22.146953561859952
0.387085,-0.9193019507866658,0.011482313740311533,77.636719,3.8061638887047797,-32.71417076282938
0.366211,-0.8800473950129287,-0.006952801231029842,72.509766,-3.0024646408110627,-41.82151530581379
0.376587,-0.9473747847961355,0.011198738923462218,70.617676,-6.505410699101667,-46.423951854946246
0.465088,-0.9874061453294046,0.042204388583732697,69.580078,-3.7981123327057285,-43.68789953310026
0.553345,-0.9970777548484688,0.05328466950574655,68.054199,1.2367018071448286,-36.798399636212906
0.587402,-0.9785870704992694,0.05064347426527864,66.650391,6.77791094037835,-23.294493882087746
0.559082,-0.9383640575663055,0.04560377629867222,66.52832,10.186255619780017,-9.334425727657004
0.540039,-0.9123285630318685,0.03381457563249899,67.382813,11.130265578512258,-1.3516945162817684
0.501709,-0.884495199759175,0.02098737496632561,69.274902,11.886203525356533,3.497664415021818
0.431396,-0.9394303249107699,0.0542549470836081,72.998047,11.311337769295305,5.309585717992274
0.40271,-0.9959898187873356,0.11058903003901559,77.148438,12.200730019110036,7.826620282529379
0.349731,-1.0287299602426188,0.16374344159147347,77.026367,13.788660856731214,7.403169172194663
0.290527,-0.9947220459640223,0.1808988769814494,74.707031,14.445297275541805,6.953582811674681
0.329102,-0.9439457786594153,0.19316395177172707,73.425293,14.284532136061788,6.553059422009395
0.380249,-0.9093506881701776,0.18911840619152964,70.373535,8.085826263048807,3.50701590877532
0.41687,-0.8687678194717787,0.1900739966940532,65.673828,3.1971851981411623,2.24178920438766
0.452393,-0.8494111698247941,0.18820069734694062,65.124512,-1.1939803896652865,-1.2135426981411617
0.44397,-0.8627635895556677,0.17166562796908252,64.331055,-3.717588395911785,-1.8003799833476937
0.429321,-0.9290749956425625,0.17302090350524868,67.077637,-5.487020035762341,-3.0340714840887717
0.42688,-0.9518099255802613,0.2325208497466355,69.213867,-5.995451204387661,-3.304348100299445
0.410156,-0.9856652622760121,0.26982768648224387,69.396973,-6.843956756802308,-5.140214827585909
0.407715,-0.9806908371061475,0.28527964361489916,68.481445,-6.378016483347695,-4.211110600669984
0.426758,-0.9663765133300746,0.31056277967104845,66.894531,-5.234702396282324,-2.474974512863535
0.431396,-0.9497474949315478,0.32154108441729473,64.941406,-5.56323596044889,0.2518886620082831
0.446655,-0.9593841657031977,0.34049588102498285,62.011715,-6.0503427401500005,3.070302970854698
0.468506,-0.9773021602376347,0.36634500412159654,58.28857,-6.151089717251196,5.94756208780645
0.506836,-0.9891345078379398,0.37148477690505227,55.175777,-4.805538165207088,10.597461740150003
0.512329,-0.9914344568453227,0.36506114836944736,51.757809,-1.2186282522724574,17.054313951525238
0.490601,-0.9806259704361581,0.3610759959830384,48.33984,2.3012619451276266,23.761292610485828
0.46521,-0.9595841017244734,0.34991358167787034,45.776363,5.202623503047696,29.274878239930576
0.421753,-0.9285991793206048,0.32765504154995,43.762203,6.726898805277072,33.25777450811426
0.393311,-0.9213810350993256,0.31305723407756514,42.907711,7.538901276131771,35.39662604350607
0.386353,-0.9346346847463102,0.3255012395032706,42.724606,6.599429717841164,35.234257572280825
0.391235,-0.9568583262281648,0.35341476332750293,41.564938,4.834379827805339,34.984717484844914
0.387329,-0.9719342323549172,0.37832852794582883,40.039063,1.9936227924135363,34.58098396758758
0.383789,-0.9648215425534407,0.39113606806046336,38.696289,-1.4165989116035855,33.80126071115581
0.363647,-0.9682879676967338,0.42175204359164553,36.560059,-4.160402859559477,31.368188867288136
0.38562,-0.9866685262231808,0.4153079823523455,34.729004,-7.885150557330101,26.259510609374214
0.365601,-1.048167691515982,0.42304630344213734,33.508301,-10.926538993904614,21.602019311674685
0.358398,-1.0739549132536774,0.45992352520640445,30.944822,-15.773864749965844,16.013822821339414
0.349731,-1.0812747928699165,0.4245411218057906,27.160643,-20.177588861041635,11.438104918440052
0.367554,-1.0743963438625335,0.4388949449638497,25.146482,-24.650526477622847,6.620437707435355
0.368042,-1.0310861785697323,0.39965235173518754,23.010252,-26.76062172743758,1.9890835259465005
0.390137,-1.0161352534397252,0.36720011368051836,21.545408,-28.50990506468822,0.17993990899474985
0.373535,-1.0734853173387344,0.38847088919011274,21.911619,-30.16880939018694,-5.134774667664815
0.3396,-1.08907637583861,0.4303143837245498,19.226074,-30.71710805256576,-9.25828380862699
0.305664,-1.121797469053986,0.4200277877963207,15.624999,-21.940490863718793,-13.832124918961703
0.349121,-1.0622993813174586,0.398081498709177,17.272949,-18.544749146097057,-26.505213734659648
0.416504,-0.933318392906456,0.4103011238474861,18.493652,-19.62996130185884,-37.29598832543041
0.507568,-0.8279866180680189,0.4941071095190644,20.629881,-26.003752552044116,-47.35915660758925
0.554321,-0.8127914357339432,0.6525059373519565,18.249512,-38.78036516483656,-50.201788801571105
0.532837,-0.823391130289968,0.7611007278362103,9.094238,-41.95153055695957,-34.69831437993224
0.522827,-0.8877072016962356,0.8367140244173267,-4.272461,-43.77890451338519,-20.041158916889582
0.451416,-0.9974154200366353,0.8649558162438948,-23.986814,-43.798740880756704,-5.7932845130146475
0.489014,-1.1385920873047026,0.9666206556923561,-44.921871,-39.656957497708454,6.263306740369431
0.599487,-1.1842244233558679,1.0592151311836806,-70.983887,-40.603431975180186,9.62884685732118
0.735229,-1.1115308165496565,1.1614421515574738,-100.158684,-39.677805640523324,23.683242697770627
0.973022,-0.8019765942055811,1.1023917923548854,-129.211426,-41.80480059093694,42.46011737621179
0.952637,-0.42766566164637837,0.9714193453759121,-157.775879,-41.544383647760455,87.34477475294524
0.755737,-0.2082842202376027,0.7439771481336062,-172.05809,-39.73076870782037,137.60517397428742
0.270508,-0.07709445575048325,0.2016744856582924,-181.76268,-30.460811531988046,187.7188267868167
-0.765991,-0.16508374897250933,-0.33671544072433257,-182.800278,-2.6372800707980772,222.11665292358884
-1.382935,-0.06284244563500682,-0.5421963087117168,-160.583496,26.945777913358434,182.41364439540408
-1.596802,-0.17409762724478187,-0.6609219358651497,-150.45166,47.009824978432256,114.87067131756514
-0.666626,-0.7382066488313351,-0.36088742226102855,-155.151367,36.86209774408989,22.343124166333773
0.530396,-1.3107484806429837,-0.11842696441735832,-179.931625,3.306767448477538,-42.85649077042199
1.391113,-1.7366752519130608,0.18583822743909967,-213.745102,-108.0300212046899,-91.41036746926605
1.800171,-1.5948730845785641,0.19389678588583176,-285.27832,-193.0222009009402,-56.85843894919549
1.599731,-1.199813645211484,0.39402980687929073,-313.171387,-122.65906874262222,38.891018928694756
0.604248,-0.6114889725559165,0.4691900312650616,-333.618134,-12.858764041214496,121.52679535807675
-0.419922,-0.4500974039671364,-0.13213157202593362,-330.993622,42.06227456386435,158.18113662652505
-0.683228,-0.45702367204918737,-0.3614122202508886,-287.780762,57.87815469494237,120.99985657997131
-0.301514,-0.4257137768402751,-0.45024789096939527,-230.957016,45.67761125963058,50.307351470060375
-0.015259,-0.30376581566408645,-0.5825338263327995,-185.913071,32.38626549732285,33.8778633087781
0.05249,-0.2627026803056661,-0.7321143895739374,-139.099121,50.33408471970893,50.43802808701213
0.021729,-0.2023704538001367,-0.8148719079326067,-88.073723,72.42277746758758,63.55028619911615
0.001465,-0.24163662453192922,-0.7820529106587454,-36.987305,80.18429799770847,63.932106101274435
0.057251,-0.33942962587589576,-0.665545357611147,8.666992,73.96907982908314,53.77738445309019
0.101074,-0.46455439995017467,-0.5123958235933751,44.860836,64.15674443280082,43.37371700582271
0.055176,-0.5775339332436458,-0.3618901154730867,72.875977,58.143763095179644,36.132755824099355
0.030029,-0.6416056543101839,-0.272181591688712,93.749992,53.89422808379826,30.481333275844026
0.050171,-0.6568831114295534,-0.24517692362991458,110.107414,50.17765652550765,25.508886506919257
0.13855,-0.713292386228133,-0.17906265359916912,120.666496,51.232626508114265,24.40645811725398
0.148804,-0.8080485188604147,-0.10490308964701643,124.1455,51.19991831621961,23.861523867068705
0.159302,-0.9026091705092372,-0.044810942699598705,121.643059,48.15633745569962,18.711957179703894
0.199097,-0.9586855950079448,-0.029632159038160376,117.126457,44.54270556640487,11.354331147594277
0.207642,-0.9742527582457646,-0.04390127669578272,110.107414,42.718065991461955,2.822868698292275
0.191162,-0.9768792664108946,-0.07945652228428216,100.952141,39.6416195563696,-9.707840834051838
0.141846,-1.003262316758926,-0.04702730594572048,90.515129,35.3400852733863,-25.33702076267827
0.198242,-1.0286936990614461,-0.06617375220039319,83.19091,29.172756221342194,-38.33848402781427
0.214844,-1.0348696133400426,-0.03512274951411211,77.880859,24.906282302902138,-46.094443623719904
0.22998,-1.0149916242313108,-0.04927706242548825,73.547363,22.883945529447526,-49.719305665358206
0.085693,-0.9883913916023471,-0.036162108018971593,67.749023,19.628344500672764,-56.57887405636961
-0.016724,-0.8463237031963284,-0.11480165358588322,57.800289,18.623299675915124,-64.667318756734
-0.093018,-0.7488270141191524,-0.15149843453446893,57.006832,10.301939529818062,-73.46510331785288
0.075439,-0.7002372739962159,-0.18843253591497505,64.63623,7.624139825800937,-72.97623445770343
0.410889,-0.7276065250104208,-0.16332746923668373,69.702148,12.591502406619814,-60.83247208810868
0.591797,-0.8204537059357527,-0.10929950393889863,74.951172,9.266732408926432,-42.42122464759428
0.614624,-0.8847796786876528,-0.06666335699148088,79.406738,5.70541319056362,-26.128676475770153
0.459839,-0.9579347419420766,0.0029183566209421787,83.19091,-2.495909996801198,-28.370892925578744
0.319824,-1.0191484711604588,0.08829906749394077,83.19091,-2.495909996801198,-28.370892925578744
0.302979,-1.0359190377988925,0.14054959400445416,79.528809,-8.741215187954785,-43.58260882543041
0.427734,-1.08111084460012,0.19948308853889118,73.547363,-11.946147182078827,-50.96476987405629
0.491577,-1.088494887454179,0.1766835511503953,66.467285,-8.17014482155884,-44.54661193613566
0.490601,-1.0783759037711529,0.153926145010357,62.561031,4.011767631902473,-25.644188633384633
0.408813,-1.05682552692091,0.13119449263723387,61.584469,17.485785550713064,-3.8934190159112294
0.396851,-1.02128924120449,0.12096714501035699,61.462399,24.28420039948113,11.42182291308574
0.361816,-1.010517623520296,0.1427981341190886,61.096188,23.578072032344114,16.05814670453877
0.317627,-1.0232483344198664,0.16396189602456185,60.241695,20.448495641937747,15.398301390186935
0.310181,-1.003555701063284,0.16584253753298833,58.28857,15.586419804687107,8.19764300981584
0.236816,-0.9748342493829059,0.14869555111053773,54.199215,8.594687275171264,-1.226846964237661
0.164429,-0.9446140010948396,0.11095055656281476,51.818844,-2.0487872889953045,-16.365985678441167
0.149536,-0.9898628296520323,0.11607328651878344,50.903316,-13.396357179031133,-33.212937270421996
0.22998,-0.9219298194717788,0.09799471166207656,51.696774,-19.847536208176436,-43.65428511762452
0.314209,-0.9392243004419522,0.104173791931203,54.13818,-19.780515626616484,-43.90441206520987
0.368896,-0.9319845813772519,0.10450535318378883,59.082027,-13.616553986765927,-35.05917132908313
0.358032,-0.9400621963220216,0.1266465136954701,64.880371,-4.805151126245944,-19.919443888704784
0.320557,-0.9187199636797719,0.1523823449788014,70.19043,2.402396461189966,-9.632871269295304
0.278931,-0.8928413140195016,0.18353348102166483,73.730469,4.461237182229933,-6.310994535762341
0.213867,-0.8994890840768188,0.18666720552535632,75.439453,2.6503323508552525,-10.057925711375237
0.193726,-0.8955620249190719,0.22203507151090252,77.697754,-0.42055711412348573,-17.940340289146416
0.210693,-0.9378924174151314,0.28763268100339506,77.148438,-5.8026058056476115,-29.703728071675794
0.274048,-0.9708568983188757,0.3753105252329762,74.890137,-12.949703887207564,-41.716655075615684
0.41748,-0.9981861731573127,0.42660883267878924,69.213867,-17.937059119999454,-46.448755734205726
0.527344,-0.9847353847014686,0.41743428168617225,63.720699,-16.42037459710064,-40.77002308149164
0.56604,-0.9563474438990731,0.372853637478179,60.241695,-7.96101964951529,-26.48420251301465
0.500854,-0.9568109493513502,0.33689482248524977,60.546871,3.571845798440606,-8.828029600299446
0.474609,-0.904384267754861,0.3319984986826052,62.255856,14.129753444167124,5.796692863718788
0.40625,-0.8539929017826007,0.3323649048093576,63.476559,20.904067217992278,15.69909650639761
0.355103,-0.9060009922452666,0.34970624972338177,64.819336,24.710000584388222,20.338040467217038
0.284302,-0.897229735752213,0.3710005116155692,64.086914,26.658155974424044,20.904728583798253
0.231567,-0.8667905405516027,0.37245474424453295,62.499996,26.702249701339973,18.905905159111704
0.207275,-0.8379419500490791,0.3801839687216527,61.157223,22.28596570096943,13.2098008898164
0.222778,-0.8298371317119977,0.38128392586759385,58.349606,15.906774497322848,5.334547613904058
0.262817,-0.8193072493961917,0.3963482170362907,57.067867,10.176044305057644,-3.1265262435682333
0.315063,-0.8066651480156856,0.4028629789417639,55.786129,6.192992752272459,-8.438461902158284
0.346924,-0.8230463936174708,0.41697182926820764,55.969234,4.941772252272458,-10.605639379630018
0.351563,-0.871452176594466,0.4442145537718991,55.541988,5.749392473312424,-9.45094012356879
0.365723,-0.8942623717950764,0.45597413675387827,54.870602,8.01309119472293,-7.727362925057089
0.378052,-0.910198114670723,0.48843262043690444,53.222652,8.722585474053503,-8.207466785577072
0.388306,-0.9124531922137111,0.49551271155744187,48.828121,7.898610974053502,-9.634632483718233
0.41394,-0.8948513527386781,0.5345439918348702,44.189449,6.043024055613451,-13.214813304316568
0.432373,-0.9233956411679506,0.56103183400947,38.391113,4.312287555242913,-14.259412857472292
0.436279,-0.9156817105723805,0.5729287537270576,32.409668,3.9935356943523908,-12.736313275541804
0.467651,-0.9193010636382486,0.5354098503264438,27.9541,5.4164770253565315,-7.708230594052948
0.493164,-0.9078284221431079,0.5106030482930503,24.353025,9.08734965896059,0.6030333154634504
0.46106,-0.875876992205409,0.46706654831962197,21.911619,12.217083932044666,8.099088090634714
0.438599,-0.8600292167091006,0.4932957006661734,21.484373,14.799105902899363,13.303703330414178
0.389038,-0.8258424255669755,0.47243095987207984,20.690916,14.503281262678268,16.575498023420455
0.349487,-0.7377992977025277,0.4923581305905864,19.65332,14.533211402528822,14.796284546319262
0.340088,-0.7843801181078764,0.5044517829902813,18.127441,12.566512041638301,13.465055330043636
0.283936,-0.7919929228674086,0.5051820183586695,16.235352,12.411732483718234,12.708689271753032
0.281738,-0.7883043616148228,0.503756793854978,14.160155,10.79210979182357,9.415138480300001
0.282715,-0.7969382303530792,0.49295449453443707,10.620116,8.04611478594761,6.489991612792441
0.297241,-0.7989288908780464,0.4980505693645723,8.361816,4.878859727657004,2.4689889313035858
0.325073,-0.8050281180813047,0.5121443979616226,6.835937,2.0211624191811284,-0.03928199962946119
0.340942,-0.8082849493912078,0.5289654006611895,4.699707,0.24136244795589207,-1.9012839771011956
0.352661,-0.8194541901720155,0.5332997081468602,2.624511,-2.26428658155995,-3.5556494021582834
0.364502,-0.8238376820201715,0.53498527755129,0.488281,-3.4642534188105896,-4.413348931674125
0.345947,-0.8350710534579948,0.5455585074806869,-1.098633,-3.591723006246499,-2.436866733532963
0.343506,-0.843880061596553,0.5427508578204164,-3.112793,-4.260917948326432,-3.1076663733835193
0.37085,-0.8285470323466152,0.5348844435152483,-5.432128,-5.239084646097055,-3.459126792194108
0.364746,-0.8166983398455718,0.530016980930316,-7.568359,-6.373634233532964,-3.2269583213394104
0.376465,-0.8078202303265075,0.5175623176924962,-9.765625,-7.74633787338352,-3.7734967692953028
0.391846,-0.8121797758934192,0.5041513632726936,-11.291503,-9.381140989964733,-3.675370827585909
0.376343,-0.831520489519128,0.49628826461832604,-13.183593,-9.518978408775322,-2.3271982401499995
0.381104,-0.8198358371460049,0.49870467619735553,-13.305663,-10.136919688105893,-1.6885199320446636
0.355225,-0.8298095752272459,0.4792316550992618,-12.756347,-10.94395341502182,-1.0111473504847135
0.338867,-0.8435034976576862,0.487983085694832,-11.718749,-11.745000194352393,-0.6896170715246794
0.330811,-0.823997345297849,0.48221873264224974,-11.047362,-12.845236526097612,-1.2525102984406054
0.330322,-0.8200372813324104,0.47711376463161187,-10.925292,-14.415795747137578,-3.7286586655776266
0.328369,-0.811251155522944,0.46132778093529986,-11.108397,-16.28495802646815,-5.257158700969428
0.377441,-0.7922300221663616,0.46204535032644384,-10.742187,-18.231509584758758,-7.163840899481128
0.392944,-0.8220108990298903,0.4487933585048595,-10.986327,-18.6499919511547,-5.9355476201505555
0.41748,-0.8570080860919426,0.426994452391393,-9.460449,-16.902312811674683,-2.7864085552429123
0.434937,-0.8663521793073189,0.4571980081917017,-7.202148,-14.007525561489413,1.2509480391805732
0.414307,-0.9079241201097145,0.4789432945527069,-5.554199,-10.895319055613452,4.810391831004142
0.405151,-0.9667536303032539,0.49106159391310533,-5.615234,-8.96950402609761,5.460455308105338
0.418091,-1.0335780737919305,0.5166742626032024,-6.347656,-9.747194973312425,2.526543074942913
0.431396,-1.086147279212652,0.5474477279009874,-6.774902,-10.967897973312425,0.4122234579911616
0.517334,-1.082924500976919,0.5911157435468041,-11.108397,-11.661036607657561,1.1647941266164816
0.623169,-1.0776349309279036,0.6774275476218931,-16.601563,-13.957875230485271,3.9004209350923587
0.73938,-1.1167580798505876,0.851118265935721,-24.29199,-16.194109196810118,11.74590208780645
0.800293,-1.0660339567141164,0.9773050243774691,-37.902832,-15.067264100821095,31.886127046319263
0.650513,-0.9746168363037838,1.156396121609807,-47.302242,-15.360855110636933,61.162766500672774
0.156738,-0.7608042485938279,1.3582743868212273,-65.246582,-17.149218126328737,89.68144089511746
-0.485107,-0.4450551929380116,1.0990157936589944,-101.928703,-12.98466440528877,96.65051953080872
-1.030273,-0.24029639169369582,0.5833064407110468,-137.145996,-6.4801272645460255,57.86788633829395
-0.841064,-0.16219293462581777,0.054033596599386204,-161.865219,-11.747033003569344,5.654515999629463
-0.200806,-0.22638211221863117,-0.3383953202874282,-189.57518,-45.96381144527875,-55.075526732738645
0.966553,-1.0161376358203082,-0.26244401272369444,-197.26561,-121.12910216045783,-136.07129121711398
1.872681,-1.9468649341557878,0.36596901856793895,-226.196274,-221.48496066901038,-163.40837699112038
1.562988,-2.18396468705391,0.9360122000863652,-303.955078,-289.63312404774763,-149.364394405598
1.443115,-1.619801876946735,1.2364128509328238,-386.596649,-244.8612080123558,-76.33376308009167
0.754883,-0.9822455798373018,1.1058287502118413,-441.894501,-142.96609515491423,14.460419431961881
0.031982,-0.3597524576476865,0.5985704652064363,-469.482391,-62.392536430191385,62.09895688981641
-0.131104,-0.1629714509826492,-0.05278283328516923,-461.30368,-32.52601127584403,50.352741902679945
-0.085938,-0.0764417898380162,-0.4033970638209462,-423.278778,-36.15866068595039,21.721940558290612
-0.078003,-0.14298608371956575,-0.47788316177758483,-360.290497,-34.9578378578579,12.571366707435358
-0.147461,-0.2704026394534451,-0.5469651100340954,-288.391113,-0.7292852440898807,40.24074290402604
-0.230469,-0.11509729871416086,-0.6856823691868584,-210.99852,48.78852496706593,68.87920406930085
-0.089966,0.01731849375864504,-0.8440274888994622,-132.568359,82.29016801436077,74.41551796425213
0.173584,0.04997254679295746,-0.9132010099709842,-54.199215,94.72611441911283,73.86048897748621
0.285278,-0.036283040259126806,-0.7967300691818745,9.277344,97.95162555933392,75.66306015272858
0.290771,-0.18321517216710795,-0.6068879869109101,57.617184,94.17535123799452,81.08525116485103
0.367065,-0.3465805822709645,-0.4184111774101157,90.454094,90.92926354975258,84.86226836299218
0.450684,-0.464843569997524,-0.27119668080741133,110.778801,87.67280283398354,88.0109789504281
0.445557,-0.5539125291320173,-0.20525464340562957,119.873039,80.41912734438934,86.06736246083392
0.405396,-0.6438619427128847,-0.15670559783871796,119.201653,68.92730461048583,75.92856561413797
0.399536,-0.6770672045917863,-0.1468367984916054,113.159172,56.53353196952366,62.15234770253438
0.383911,-0.7905173828042654,-0.1326442712833632,104.858391,45.442662736731776,46.84865069123639
0.345337,-0.873557775300325,-0.13755845016699955,95.336906,35.6879934282559,32.39447383792341
0.289917,-0.9422649780214797,-0.16061481612597414,88.073723,28.635655376211787,17.860130019631683
0.254883,-0.997199039220922,-0.16103740118950635,84.350578,22.735825888334244,2.026089590634713
0.11438,-0.9530583174566549,-0.12266942841103448,82.885735,16.878483331525793,-14.466777315092916
0.161865,-1.0304992983869707,-0.15548314197031413,79.650879,13.376394594204058,-29.077494940748892
0.157837,-0.9875645392076361,-0.12262195766097225,72.814941,11.809472880151665,-39.23777096097054
0.319702,-0.8646538637478672,-0.18146242297204315,72.143555,12.118444635842357,-39.55711018201051
0.343262,-0.835817954908262,-0.18669316377942272,73.303223,14.845463461341078,-32.39236702304992
0.383179,-0.8276226100075239,-0.17225441002579348,76.538086,23.466013025878187,-22.710161188105896
0.319702,-0.7232181563120219,-0.22506259168871195,84.83886,27.25692335026529,-7.8433318993300185
0.414429,-0.702615362457044,-0.27360550595402244,92.529289,33.68619349636234,-2.322743350704144
0.342529,-0.8358786045685326,-0.17312621207247283,98.266594,38.947033374880746,-0.7790633906257904
0.225952,-0.8923043868610848,-0.01890453385999355,98.144524,35.43590804313553,-5.517738856950642
0.116333,-0.9280557018008705,0.06883037222690123,93.872063,25.69438338602763,-17.019456506246502
0.192139,-0.9581362038292801,0.16174941439651708,86.730949,15.327329402309395,-26.18665873085581
0.375366,-0.9605459684210343,0.22910757968931825,78.308105,10.56513922119108,-26.256302079858372
0.575562,-0.951907281372268,0.18352422456846873,70.43457,9.777397573982409,-16.14610463606179
0.687866,-0.9338895976942259,0.060921768133542366,70.678711,9.279649636061786,-2.115651353902947
0.644897,-0.8962932024853136,-0.017025365183182452,76.904297,9.775835314722375,10.706657451525237
0.543945,-0.9205450738965653,0.014455161353902601,84.777824,11.227689447955893,17.12759257546456
0.489868,-0.9284529773104648,0.04763427085968095,90.75927,11.746488447955894,18.02617880238049
0.419067,-0.9336104582673524,0.09656325180328272,92.834465,10.34326730810534,17.426782493904618
0.320679,-0.9465261745793424,0.14743457493477002,90.698235,8.711085726915929,13.012847068106451
0.219971,-0.9589607201196823,0.16349331028987235,87.463371,5.951944337621179,7.135241996581768
0.23645,-0.9743152303397934,0.20745651846330415,82.458488,2.1976949774717345,-1.198362639480017
0.304199,-0.9654129738600257,0.2072496789882713,76.293945,-1.1935509121935524,-6.217680821339411
0.39502,-0.9633310888446528,0.1818036096104132,72.631836,-2.635466691524125,-7.006168211375236
0.46875,-0.9788166929247258,0.19624175655783094,73.120117,-1.3144466918946638,-2.7649704542023907
0.498657,-0.9445628643542472,0.19380312799565425,74.645996,1.6158273022293774,4.141468983718233
0.442505,-0.8786515494277474,0.13657887424202494,78.24707,3.6676651040882158,10.991254305428182
0.252686,-0.7794215637295974,0.10141825110555377,88.562004,7.551575243568235,17.8404539990395
0.234009,-0.7825200392474937,0.167341534082549,93.505852,16.264966740520542,12.66882077799953
0.245728,-0.7980282636847559,0.24790050142202966,96.313469,17.02015807851226,8.849898544837105
0.241699,-0.8537526745793423,0.30812299053076125,95.458977,7.196005035762341,5.994120333461869
0.25354,-0.8971479201279842,0.36235422043358645,89.904778,-2.346058110334714,-4.917983844608755
0.265015,-0.9432612058178321,0.39771766671483083,83.374016,-10.684360029515844,-15.820308417479545
0.397095,-0.9602230745162311,0.43767484833789183,78.674316,-16.93928867524236,-22.99205262959586
0.512329,-0.9746715289360336,0.44023739119195066,74.645996,-14.02975034386768,-17.34223241308574
0.564087,-1.0165265445552787,0.4900563775878296,73.303223,0.5144162501852695,-0.08556691844005043
0.499023,-1.0475605602010951,0.5151618857263877,71.899414,8.718088146097056,9.484937613904059
0.416626,-1.030633295596055,0.49467676805547944,68.29834,22.90919212356879,29.05976871837788
0.337036,-0.9706874833558362,0.4747259605565229,64.147949,32.37386435673122,39.59368590320159
0.276001,-0.9230123928931702,0.44987963949330273,59.326168,33.4032847172512,41.25462426996807
0.268311,-0.8752976765944661,0.437553952391393,55.053707,26.604007815463458,35.94765922134219
0.31604,-0.8447158990298904,0.40946714491900815,49.499508,18.802464873012983,24.876394467587577
0.328491,-0.82705497659945,0.40758675987706366,46.813961,10.236377866766484,13.823676550713065
0.297607,-0.8469874282798281,0.4399567408472371,44.372555,0.30795355204410796,2.8527271985117006
0.289795,-0.8982050398405879,0.5023692353816742,41.809078,-8.437443698511702,-9.365059171824125
0.33667,-0.9634192534131534,0.5019629040983429,36.804199,-13.66850858780645,-19.52416133777229
0.404053,-0.9148088044721997,0.47995867144280735,31.616209,-13.567175116581216,-20.569348617102865
0.44165,-0.8920803180896066,0.4531635646365958,27.648924,-7.773804860519985,-13.3425549865465
0.415771,-0.8704491153418803,0.4381379068244814,26.611326,-0.8768323605199835,-1.3966481981411618
0.402588,-0.834196233065932,0.43257174084723715,24.658201,4.384749662749361,8.815313194352392
0.391357,-0.8128326691137794,0.43588251904311254,22.583006,6.870836749814732,12.877200341190523
0.33728,-0.8190600834056615,0.4451163210897919,21.423338,8.203242918440052,14.574643521567763
0.326416,-0.8490308452845631,0.460587438773986,20.324705,7.3367778892947495,13.806304068106451
0.304688,-0.8839119759017212,0.471705548319622,18.920898,5.40438905204411,11.680012422009396
0.27832,-0.8957548901936033,0.47121301905639834,16.906738,3.461632383418789,8.92541116520709
0.284058,-0.8917418690689379,0.4779177755361662,14.526366,1.7646199125640911,5.253677344608755
0.309937,-0.8842790827079328,0.4947517006794593,11.474608,0.2550956915241246,2.883244698511701
0.347778,-0.8611427541241682,0.4947849972871474,8.361816,-0.7356295295158418,1.4113982793305726
0.371338,-0.8449212275870831,0.4926075054257055,6.347656,-0.44841250624649837,3.007506756431768
0.379883,-0.8429391609220778,0.45819854559348344,5.310058,1.6572999937535027,6.654707792564647
0.352417,-0.8388487623158698,0.4589373238026447,6.04248,4.4910531099641755,10.586348165948166
0.335693,-0.813821741217776,0.45858339590664127,7.385253,7.87193080222938,14.977358103127711
0.312744,-0.8101477759199909,0.46421489046764997,8.850098,10.571053529145304,17.57717980200995
0.286255,-0.7955300514295852,0.46902553197607644,9.033203,12.521399977101197,18.635942942231043
0.247192,-0.7857848187873356,0.47467477004403147,9.033203,11.660921529515845,17.511762552195222
0.226074,-0.7911732119545523,0.48511579930725507,8.789063,9.132345779330574,14.108702882087744
0.21228,-0.7975088963170377,0.4870820720907109,7.446289,4.8179821103347145,9.199481805057644
0.258911,-0.8043198078960672,0.49115522718997257,6.103515,0.7188452730840744,3.3202725357623404
0.280396,-0.8142539684077484,0.5042207564531962,5.859375,-2.068034698141162,-0.2860431689958585
0.310913,-0.8268161099161749,0.5054124891087317,5.310058,-3.880544227286465,-2.692979762678266
0.327637,-0.829560144605104,0.5216556816097752,4.699707,-4.869078756431768,-3.672749792194108
0.337891,-0.8352557112833952,0.5279046707450784,3.723144,-4.683781698511702,-2.863525873383519
0.336792,-0.8298674092367158,0.5274714836564546,2.563476,-3.7415329542023907,-0.37700917487181795
0.311401,-0.8259381793206048,0.5054691095057785,1.281738,-2.0489023671370203,2.310571000370539
0.304077,-0.8262155698015404,0.4771566550992618,0.915527,-0.4276754774717339,4.2641263438676775
0.303589,-0.8329400779533844,0.4562314653243569,1.403808,0.4573340225282661,5.797007763048806
0.316406,-0.8415749949581194,0.46544535035301554,2.197266,1.5761153251281828,7.124443821709951
0.332642,-0.8593040616231248,0.47257970611845057,3.173828,2.048042912193553,7.697704380000557
0.356079,-0.8613964547903414,0.48872957484342117,3.784179,1.879687993382964,8.993019106916483
0.365234,-0.8770819037711527,0.5025775802691266,3.967285,0.6497910162817682,9.914533054501836
0.3573,-0.8924631602376347,0.5132904625849325,3.845215,-1.5217687110046965,10.181601275171264
0.353027,-0.9254270370878775,0.5162533530658682,3.295898,-4.567970606916482,9.544096821339412
0.370728,-0.9607016704178883,0.5308398959199272,3.173828,-7.583653636802863,8.959450594052948
0.380249,-1.0869248942105652,0.4953208592158744,2.319336,-10.304529864089329,8.275074727286466
0.404541,-1.0243404078279719,0.5375583693961279,1.342773,-12.659195957401197,8.224995418810591
0.460815,-1.05523592891278,0.5494757571509251,-0.183105,-16.779499300898337,6.093304685277628
0.512451,-1.055036233672312,0.5637376394534452,-2.441406,-18.385387749224765,7.584284301488302
0.506104,-1.0308513969367035,0.5748650054522773,-5.126953,-19.004345500151114,11.395028029145307
0.526367,-1.0171091404835075,0.5395852918398543,-8.117676,-19.97155700639761,13.503948558661149
0.461792,-1.0342876003423014,0.5239913265686408,-10.131835,-24.365773107067596,19.56481701286354
0.43396,-1.079411450655459,0.4756185251931186,-10.498046,-23.111775787074293,24.05614408364714
0.432739,-1.142121709834794,0.4085051701386984,-7.995605,-21.878943241276687,32.29498869019309
0.437256,-1.1766108887582878,0.375136159931873,-3.417969,-20.089204550123096,39.78943703554292
0.463623,-1.1438531479509084,0.4516502313514266,1.037598,-18.299036747523182,42.279748623719904
0.427612,-1.1846701125509644,0.544283174853389,3.234863,-18.741888185579846,49.935551432800814
0.324707,-1.1641002084393361,0.6956332938815497,-0.488281,-16.30208551732507,55.504185614660216
0.285156,-1.1205418233841056,0.8072106298928575,-9.82666,-17.154386825430404,54.51623844566436
0.294434,-1.0962553097932703,0.8719821053708963,-25.756834,-21.527752819183906,43.15716634438933
0.231323,-1.0655507404286981,0.8614439795348582,-45.043941,-26.87709591688958,31.938714312045224
0.237549,-1.0138162676502263,0.8404547148899606,-62.988277,-35.17787641688958,17.561340743568234
0.304688,-0.9614577656218166,0.7861223006113641,-80.688469,-46.69481496528097,5.1817700301058105
0.279175,-0.918614632291806,0.7846447842943903,-95.764153,-56.628637367439254,-3.601263083798246
0.291138,-1.0312289172839249,0.8674231210299987,-110.41259,-64.52697724669873,-5.806979050123094
0.292725,-1.0277571145528024,1.0045404597541592,-129.516602,-68.7671575322758,-7.658022737994494
0.268066,-0.9632135526556311,1.1842051882615265,-152.587891,-68.09401131785287,-0.9989352936913256
0.279663,-0.6039142078196701,1.1739599086436217,-179.321274,-69.30301721362862,8.015411068174771
0.266235,-0.2503273711886962,1.0576302745760244,-191.3452,-81.9741852001751,16.952092324235995
0.150146,0.27619767615749796,0.36925840803724147,-225.585922,-88.50431220536265,32.98531657137357
-0.109619,0.42687787261072585,-0.38318383601130784,-233.642563,-75.71905240313326,56.47281013680287
-0.237915,0.41668253106907793,-0.8537246855619597,-212.707504,-54.05963223242077,75.1891963349591
-0.135864,0.16998646508851556,-1.1023028058676576,-197.570786,-28.098887162091078,77.18578379911338
0.2677,-0.7599372665553868,-0.4668839562389428,-172.973618,-10.130219198813922,76.32600765584459
0.451294,-1.777011099513366,0.14160849002901604,-164.24559,22.123292201778828,95.69171012417324
0.410645,-1.712848738902034,0.8069409585413991,-227.600082,41.999542890996345,108.38987418187389
-0.162476,-1.2859228709279356,1.27100825293798,-304.992676,9.740946668323105,104.88450254335439
-0.15686,-0.6020829929297097,0.7352376658726096,-399.414032,35.35274114311768,122.02375584671043
-0.067505,-0.3287239522867582,0.011199412974487405,-392.822235,46.77034005509181,103.59161126269275
0.018677,-0.3203923094742228,-0.34839375836368514,-337.158173,28.554127607135918,74.35954178136453
0.078003,-0.2615414286070182,-0.6617430426315036,-265.075684,31.755335717251203,38.40029287368574
0.043579,-0.17571621299275725,-0.7489294086170499,-206.787094,34.676963021938306,24.661871806184323
-0.057739,-0.047839855883355605,-0.8079590610167446,-153.320313,35.53594998386935,8.449488867288128
-0.07666,-0.0164194817592513,-0.8311733766409735,-97.839348,46.676158014360766,12.73024318298608
-0.108765,-0.09230363340807378,-0.7387325827859957,-51.635738,52.46995824789373,14.952899556369594
0.012451,-0.2020362952770075,-0.6343611283927648,-12.023925,45.40158031621961,13.818507851611393
0.059937,-0.3833693040750891,-0.5092291127203764,21.850584,38.085263762829385,13.109169856882325
0.074707,-0.5170921849688654,-0.3690179365628785,51.147457,38.59486928572819,17.04359051436076
0.052979,-0.5687638903630152,-0.29323395561927673,71.899414,40.520684315244026,17.69365399146195
0.046631,-0.6414260740144857,-0.2218225494925244,88.806145,41.012174210785275,15.859391461946112
0.025269,-0.697483629761651,-0.1890350841947393,99.060051,37.69655451963169,5.722039698292274
0.049072,-0.7437164528931384,-0.19391668283582097,102.355949,33.469206816219604,-6.848969305277075
0.118774,-0.7685279848692147,-0.22004551683200502,102.172844,34.32514513131251,-13.54515065539125
0.144775,-0.8011112814503311,-0.2098314419885839,99.731438,36.6814150563696,-14.835065428845862
0.138672,-0.8310120991295413,-0.15126917739682968,94.848625,35.159330946034885,-18.325884441338857
0.129639,-0.8955259514843946,-0.10993444746743278,86.791985,30.162625585514903,-26.858361996211233
0.144043,-0.9482815793621282,-0.09046987533686443,79.711914,22.988214069369175,-41.604135256582886
0.19397,-1.0042151296968738,-0.08749562636435505,75.500488,16.201770883721014,-57.631061656805095
0.209961,-1.0311358997409052,-0.09774776785949564,71.044922,13.061510896584545,-72.59163550350104
0.206909,-1.0448109718581877,-0.11874768756379751,68.786621,11.177868496883992,-87.57294984307336
0.232056,-1.0512416535078204,-0.12109595490826193,70.43457,10.82347300937699,-95.75514083340863
0.168945,-1.01106556030573,-0.11962492023261874,73.303223,13.349118190865838,-101.5124310571784
0.153564,-0.9497208283479234,-0.16547272770500368,77.026367,20.833943411769763,-95.26220748879989
0.229004,-0.8752696848243732,-0.22621756444061206,81.787102,30.99993678478274,-85.3446204573329
0.3125,-0.7794482576792421,-0.28534598417148566,85.693352,40.08497930768154,-66.55710721874843
0.380005,-0.7386223461267843,-0.2739594310973155,92.346184,43.438429353244665,-46.22238735918894
0.488892,-0.7622068807758559,-0.22862904338237594,100.524895,44.05289027621457,-32.34072582133942
0.418335,-0.8806982242811363,-0.10891007059061816,110.29052,39.45221147740342,-23.341563250185274
0.324341,-1.0397474391843824,0.035774608293018366,109.680168,28.951700958663928,-30.17644097405351
0.383179,-1.1804140901487619,0.15687882189215557,104.919426,15.593339078897865,-46.355802455699624
0.454834,-1.2549298969101321,0.2302056586144782,97.961418,9.195605270421987,-54.995596465280975
0.472778,-1.2965841690224307,0.2742703429636777,90.88134,10.513260357857897,-54.91061690699036
0.449097,-1.242543319367144,0.24067384025082492,84.228508,16.190544695479076,-48.25109998521546
0.446411,-1.1463770581859714,0.1772586905905545,76.904297,23.600757127289242,-40.054899558441726
0.424927,-1.072604609916175,0.07969431919258874,70.861816,28.35930756936918,-32.30112842237994
0.421509,-1.0322789071950202,0.053592485156547125,70.617676,32.89766243576512,-26.393593211004703
0.370239,-1.0100626078744794,0.0647282443358818,70.678711,32.908617627289246,-23.93321226267827
0.313232,-1.0180560085888122,0.07188126817339995,70.617676,29.940395968563152,-22.360462983718236
0.30957,-0.9914959929164239,0.08248256476780223,69.946289,24.31115576417549,-25.030515025727077
0.305664,-0.9878098616413946,0.11474713141952174,67.443848,18.683518025507645,-29.040561515691806
0.339478,-0.9806842493961918,0.11683505386324798,65.490723,11.569285152494665,-33.672344308627
0.43689,-0.9825274711604587,0.15172850011792066,64.880371,5.6855361167323215,-37.393570577551756
0.502441,-0.9663562868112593,0.14506981302929683,62.255856,0.6650439466248443,-37.66647009517963
0.50293,-0.990420979299017,0.15050654297197957,62.744137,-2.514613484308203,-35.9716483162196
0.493896,-0.9945519684077485,0.19193545995014277,64.758301,-1.9772685134535044,-34.308517525507646
0.468994,-1.0616519595581755,0.247590866090181,65.856934,-0.6323043215588403,-31.490689210785277
0.44751,-1.0430056282615583,0.23569725927068358,64.880371,1.9453353994811267,-27.270226250336385
0.484375,-0.9930734010715858,0.2757964136987881,62.255856,4.4609231489253185,-19.9834144574012
0.509033,-0.9823009759017212,0.30129080141372777,60.668941,5.016382247137576,-12.55160307777118
0.512695,-0.9641856418789654,0.3060554803372218,55.541988,4.28630882170995,-6.491909343867678
0.532959,-0.9403466901985873,0.28045175584681614,50.23193,1.8265152335329629,-4.648882814722374
0.54541,-0.9232849446100879,0.24579356607191127,48.278805,0.804255174871818,-3.0015211748718187
0.529175,-0.9473775058361019,0.2553340259439909,48.278805,-0.5678614708546972,-1.7159869191811283
0.52002,-0.9790251847197384,0.2920706381759079,48.767086,0.01635477896003361,0.27246730810533665
0.505859,-0.9880576337005498,0.3174419776243691,47.973629,1.2980927789600338,2.492502646097054
0.505249,-0.9850297296420646,0.35149646129410944,47.485348,4.353645668625321,6.930383496211229
0.501343,-0.9622452139829619,0.33383040004152353,42.724606,5.766805162378823,13.162227538590606
0.470703,-0.9485532969649412,0.35510349596975255,40.466305,5.896036464237661,16.681960719338385
0.421021,-0.8998364922452666,0.36038347692664013,38.085938,4.64219442884586,19.026844609374212
0.366699,-0.8990267970047988,0.3757019102217772,36.010742,3.244959736580658,18.071605132273017
0.376099,-0.8828410323864729,0.37566047690006843,33.081055,4.0089152081764325,16.22098882379714
0.350464,-0.8876356207941575,0.3732140061765779,30.944822,4.801785714052392,15.76322482379714
0.322144,-0.8745700004103965,0.3731403245136594,29.296873,4.361979324757645,13.90282581204522
0.319824,-0.8673037786328436,0.3693677898114445,27.343748,3.9461184937535023,10.619057723868233
0.321533,-0.8393679820384413,0.3728320088628589,26.18408,1.919399470484159,6.0100434028993615
0.325806,-0.8193818725193771,0.37961696599551414,24.963377,-0.34269591918112813,2.946471256431768
0.326416,-0.8039153351175953,0.3812597945925644,23.010252,-1.9274192272864648,0.6899319708546972
0.331543,-0.8102956745793424,0.38339272247528194,21.850584,-3.5301006460970545,-0.4990796748718179
0.342529,-0.8122397657131655,0.36830545785695595,20.202635,-4.125701564907644,0.056223272713535624
0.356934,-0.8353031289991449,0.36766654085222106,19.40918,-4.1905314545729295,0.7984266099641752
0.375732,-0.8483365595814292,0.36828397688678255,18.737793,-3.8727974313035864,2.44739208155995
0.400391,-0.860277284058549,0.3898380354132298,17.211914,-3.315303791823569,3.5350693900358254
0.415405,-0.8646525323864729,0.40716388301353496,15.136718,-3.5305301235687883,4.505058448326432
0.420532,-0.8604764282798282,0.4165931075039406,12.573241,-3.701076600299445,5.308297285577072
0.417236,-0.8529502276269407,0.41351686942269966,9.94873,-3.3817370132340745,5.617267675242358
0.410034,-0.8653262384783516,0.4086809898330323,7.751464,-2.6880101527140905,6.696767844238217
0.405273,-0.888802871834934,0.40024626806876523,6.225585,-1.9637657921941076,7.829125873754059
0.396973,-0.8966569548169132,0.38420059729711525,5.004883,-1.3109242630488047,8.227458571524682
0.389648,-0.9053506071900363,0.38696474968352423,4.02832,-1.5000153446087536,8.2661532110047
0.390259,-0.8953422650154366,0.3869657068294653,3.295898,-1.8030006527140903,8.229649263419343
0.399414,-0.8799910833790899,0.38303673337983624,2.807617,-2.7729897110046973,8.014422931674126
0.405029,-0.8620568936041849,0.3711316612625537,2.624511,-3.498838769295303,8.222059484088772
0.385742,-0.8577224364582439,0.3686291612625537,3.173828,-4.383261775171263,8.521249902528824
0.380127,-0.8510224099211589,0.3499599476368448,4.02832,-5.123273554501835,8.948495902528823
0.377686,-0.8567577520957586,0.35736004359164547,5.065917,-5.279656444167121,9.532124792194109
0.371216,-0.865363901756029,0.3561257551225155,6.530761,-5.769542141937745,10.02639187375406
0.384521,-0.8814797731938523,0.3582422469839574,7.93457,-6.047994165577627,10.398588821339413
0.397583,-0.8858386180813047,0.3721765061765779,8.972168,-6.615268776282878,10.51467237375406
0.403076,-0.8884291207941575,0.371839623860772,10.0708,-7.105153974053502,11.008940321339413
0.406494,-0.9013767221746636,0.36479572043358643,11.596679,-6.901311445278738,12.582707937920626
0.411011,-0.9073026500440953,0.37357371228174246,13.549804,-5.916572671824125,14.410397525727072
0.411499,-0.9119364201014124,0.3801957871118777,14.831542,-4.62446597442404,17.25874197442404
0.412598,-0.939822740533333,0.3812132632876454,15.624999,-4.08493081167468,19.413948288775877
0.386475,-0.9683298098979052,0.3955575707733161,15.930175,-3.4701965618599484,21.45526124260773
0.394897,-0.9844409513930457,0.41233025513580135,16.052246,-3.1857575906347133,20.72722199242246
0.361206,-1.0358722826763769,0.3891665762521649,15.747069,-5.586865253384075,15.347677526097613
0.383423,-1.1018279962356567,0.40920392931803307,14.770507,-11.5088789511547,6.433222918440052
0.369507,-1.0608403091868905,0.4196506857712292,11.901855,-13.594442782529379,2.210568400071096
0.365845,-1.031996156827053,0.43006022315972503,11.047362,-17.177129194352393,-10.098340492792996
0.387573,-1.0470297636066928,0.4711592523963769,8.056641,-22.558160682229936,-25.03379642692485
0.406738,-1.0159006595531916,0.4403604422111394,1.464844,-23.508587932044666,-27.65654671250192
0.359375,-1.00207199967281,0.3800823837245497,0.976562,-22.205096931674127,-27.351958072651364
0.363403,-0.9454104813539983,0.3300310122867264,3.112793,-21.25541405866115,-33.397489085514906
0.368164,-0.9231382623158698,0.3129436272580678,6.652832,-20.70449422691593,-33.78603994603488
0.369873,-0.9170656847330243,0.37765964016445996,11.718749,-18.335665412564094,-33.955570085144366
0.32666,-0.9294503098979052,0.46289884014619026,13.85498,-16.102051347656452,-37.28898504022388
0.425415,-0.8886319432013441,0.6527383251466112,10.131835,-19.049267480889974,-46.29996312387102
0.50061,-0.8497134214188072,0.8173151822294411,-1.342773,-28.452748831374688,-49.891958590936945
0.517944,-0.8545623860454352,0.9287905291320173,-19.775391,-41.8499228928641,-47.58385074328049
0.534912,-0.8702863030368841,0.947453906008832,-44.006344,-51.09189386104164,-42.10704202224053
0.598633,-0.8728639771792582,0.8853712434288834,-68.908691,-56.1409877641755,-30.100371194654613
0.771606,-0.7478203180497491,0.7682132142055175,-92.102043,-59.53438130914865,-10.099003224624377
0.831055,-0.548170586829529,0.7341346923964088,-106.201164,-61.58089685935512,25.052625863938218
0.717773,-0.3978169916256007,0.737962758390257,-113.830559,-60.80925930320436,72.5317033162196
0.356445,-0.3743345828125673,0.680003483538534,-120.483391,-61.109696081574434,112.17246355162034
-0.033081,-0.12110573872747854,0.2365287074358453,-128.662109,-33.355802737336205,151.3324849316886
-0.153809,-0.0843036890904618,0.03781972722983007,-119.079582,10.6290922280808,147.9267297773714
0.010376,-0.10771387687681465,-0.16996390743086137,-120.727531,35.37774984356546,142.94109218651724
0.132202,-0.5279771644638659,0.10382672591243527,-122.619621,23.94953497449237,102.88317539346855
0.414185,-1.2427172255071823,0.2696706259805305,-139.831543,5.4259563346418025,72.63045005124978
0.717407,-1.7115926784003204,0.5517925191477473,-200.988754,-68.15281615154923,24.900195746615932
0.671143,-1.5251700477698766,0.8248799870803222,-285.15625,-135.8851948442527,-8.79757746664212
1.043091,-1.2529294525659482,1.039822529856318,-352.477997,-119.03221496425215,5.011781944454872
1.003906,-0.6077121282482724,1.0113757174981786,-400.329559,-92.43814463666624,35.32699293189356
0.480957,-0.45786336373458125,0.544847391087316,-414.245575,-66.36987572826145,68.27152714661871
0.123535,-0.4502862937503432,0.0023072612725214704,-395.935028,-29.801885580531128,73.86989401316578
0.005005,-0.32686195913449323,-0.3459275202824442,-359.252899,-10.28606063094197,53.22894237747452
0.064453,-0.24100018778635288,-0.5846605698796035,-312.988281,-5.91668774996584,33.08695420453878
0.084351,-0.1800158095788576,-0.8032525283562253,-261.535645,6.712460757392276,45.31772907561568
-0.131836,-0.1985002157188958,-0.8059704589385096,-204.895004,27.32669378274881,63.932784034597475
-0.327515,-0.21490901505272253,-0.8287753330758999,-150.695801,48.408149880000565,68.46451709257022
-0.271973,-0.2604664000415236,-0.835175038536479,-100.83007,54.75330028877588,65.29448398223549
-0.079346,-0.3088179211263315,-0.853492329678604,-54.13818,56.370575638148985,61.2597470571784
0.038086,-0.34662356533432476,-0.8701456262597206,-11.169433,63.91365711085637,65.29154941353909
0.025391,-0.438225965324357,-0.8017536371377031,26.916502,69.7892293731641,68.87654109539847
0.00415,-0.5329960686668433,-0.6968582711654426,57.006832,68.78097465286521,63.46808469286965
0.037598,-0.6045166611712048,-0.5900215711704265,78.735352,60.03280235026529,48.92615579139978
0.093994,-0.6891811604203325,-0.48715478546729263,95.031731,48.58389625695343,33.12439074669873
0.167236,-0.7784085311338551,-0.40561712496889724,106.079094,40.49294486728814,19.96494385822843
0.200684,-0.8994378800914127,-0.3254501065703703,113.830559,35.88201131524403,9.659236675764006
0.230713,-0.9380544732536455,-0.2590360079425744,120.910637,34.71299232149053,3.8502563835698997
0.234253,-0.9756894888861763,-0.22363576716176678,124.816887,38.81299084573544,-0.2788098614804897
0.250977,-0.9400217589700653,-0.19066544675641797,124.328606,43.06557550395495,-4.143587169956368
0.249634,-0.9699936786743671,-0.19253033448464338,121.093742,44.89588166305159,-9.640387908994754
0.269775,-0.977425748065511,-0.18513905627548224,115.356438,46.18227487368574,-18.276547509664734
0.218262,-0.9526875474126236,-0.15840323585684754,109.436028,36.244070221712725,-28.043732902899364
0.124878,-0.9692811514794107,-0.12415620118120443,103.637688,27.846338500302224,-40.39176691271521
-0.045288,-0.9087098018241242,-0.1464415460952286,92.529289,16.813294237994498,-52.90976213718848
0.045532,-0.7506335705906183,-0.23079948212979012,80.749504,13.176735494055722,-62.016084646399285
0.287354,-0.7780803161658318,-0.19240063996847628,75.195313,11.000636500302221,-69.56937866587985
0.496338,-0.8340457460636731,-0.1252736080189716,71.594238,9.657006643434961,-61.88685584454045
0.520264,-0.8962650957189596,-0.10584268283582096,67.565918,9.205109548776985,-44.359012572280825
0.482666,-0.9519115902401107,-0.12361323860955789,66.101074,9.379766448477541,-32.33774794810701
0.390259,-0.9964309398953973,-0.07352501413243807,67.626953,12.29587808758702,-25.211700428626436
0.300659,-1.0266935228640905,-0.10665534540248357,67.565918,19.398568908926435,-24.872369055613454
0.182007,-1.0325495065338308,-0.054786206646767435,67.749023,19.821276874510204,-31.952721382458293
0.130371,-0.9791862500939207,-0.04316833523551574,62.255856,14.851724101796666,-44.58855927569292
0.154663,-0.9135715392342079,-0.03791832230255185,57.067867,4.753772013990218,-57.9283353441699
0.27124,-0.8495525718947272,-0.05105821822247895,52.185055,-4.999137812113541,-66.88629668461935
0.427002,-0.7877952705457768,-0.11645543454775469,47.607418,-10.774394574791803,-68.34441282433386
0.527588,-0.7678909794036516,-0.1620581910009508,49.316402,-12.621644837099534,-64.95214613294578
0.556396,-0.779604308000702,-0.16403427125679143,55.419918,-11.442255413895142,-58.51485773004642
0.525146,-0.8534008875455278,-0.09239169645322795,62.316891,-7.7458335242298535,-52.96695921093638
0.513062,-0.8950215099576984,0.003243270886252678,65.124512,-1.4452080518929968,-49.1340297733863
0.469116,-0.9325301616729501,0.053512380392031024,63.781734,3.4194864547240393,-46.44543572462439
0.392944,-0.9478610759515466,0.06870645793501899,61.035152,6.415021182010503,-45.28533738112724
0.329102,-0.8991893677914007,0.0704883293595565,58.776852,6.871610827737019,-48.15661091651905
0.294922,-0.8756201113382045,0.05222947903311279,56.335445,5.5238705837982485,-53.29858349442627
0.325684,-0.8571297773287346,0.035915676986433304,54.443356,2.2295771475942705,-60.347243100972214
0.398193,-0.8509187079375906,0.02640956474123049,54.13818,-2.2886294162017546,-66.83023042855812
0.51062,-0.8712470365213552,0.031239866801195757,54.687496,-5.788799922448254,-69.10852358053114
0.630859,-0.8806707235834074,0.05373556201509192,55.847164,-8.919980876650644,-68.42837208090168
0.688843,-0.9207791697982224,0.10804369535838852,57.495113,-9.847323389143643,-62.46621642855812
0.72998,-0.9340599875040043,0.15193664432591397,57.556149,-8.301136471815209,-53.56256012974698
0.717773,-0.9469604099344446,0.16206245723729013,57.739254,-5.033995757392273,-42.410542416889584
0.693848,-0.9835951956508644,0.17038714705205255,58.28857,-0.070427932264093,-29.41885875695342
0.639771,-0.9775494738733115,0.16450064433919986,58.593746,5.681626648925318,-17.869093974424043
0.590698,-0.9810770514295852,0.14764870078409398,58.28857,11.711546759630574,-8.523597977101197
0.558838,-0.9547559582274948,0.12512217152087035,58.227535,16.34364531792118,-1.965411928475321
0.518555,-0.9359466507551101,0.13963484771822582,58.349606,18.685321178441164,1.968419636802861
0.519531,-0.9175323541607077,0.12660734500537305,58.959957,19.01721978877588,3.3977768928640897
0.517578,-0.8913463487482881,0.14193483682695737,59.326168,18.99707012015056,3.9732286430493593
0.526733,-0.8943694289908429,0.17356270825149486,60.485836,19.0772379511547,6.675559399481128
0.489136,-0.8855916936091689,0.21684219190794934,60.729977,20.204197393234633,8.139230411233047
0.538574,-0.9058445915840774,0.2420671436148992,61.279293,20.195433259630576,6.170924486546498
0.45105,-0.8885619847911516,0.22659149666748146,60.05859,18.78243028252938,6.775289538961144
0.453491,-0.8857197868245452,0.2630083279508128,58.837887,22.292812469523657,2.8456818408199833
0.457397,-0.8418408113199347,0.2459909429088683,56.396481,22.327553104609866,-2.9535156141234853
0.470581,-0.8311433167589259,0.25109154700222713,54.321285,20.899213052195222,-5.793685155391248
0.491089,-0.8119867099394286,0.28231776331421704,53.161617,21.129032948477544,-11.987421418440052
0.487671,-0.8281338568868463,0.2638720844040089,53.466793,21.417855035542914,-11.73130888929475
0.589722,-0.8287046881967494,0.28534537557270573,53.161617,25.838521785728187,-5.0510514746434705
0.658081,-0.8076693541607077,0.31689564287731264,51.696774,30.628177087957564,4.587648859559477
0.591553,-0.8037974582540666,0.3431339633092331,50.598141,32.098735940748895,18.60933750811426
0.546143,-0.7828428915757754,0.36331433744662334,50.47607,35.47538813190248,28.852400662681045
0.474121,-0.7783283058676576,0.39115382926820763,49.987789,37.01382478914642,32.615687117253984
0.41748,-0.7772851187790336,0.397598682307504,47.790524,37.07106489948114,33.569321896584555
0.391357,-0.7988202174334013,0.3932587972921313,45.227047,34.09669667844117,28.66170501732507
0.418335,-0.8223656344115644,0.4201029388005577,42.114254,29.690195149295864,21.761842485215453
0.463989,-0.8378331289592873,0.42846845237810716,36.987305,23.307796282158844,16.56657737316409
0.46582,-0.864803540511745,0.4410803292682076,31.616209,17.208820048625878,13.815340662529936
0.461548,-0.8774090296337625,0.4461029816546166,26.611326,12.177372820968873,11.08206242862643
0.463501,-0.8786672486984627,0.45613168230750406,22.216795,7.757880425057089,8.065949055242914
0.484619,-0.8642289520907747,0.45794554560676926,18.249512,3.8103147501852703,5.62309674015
0.493042,-0.8543620697882546,0.4501334870670362,14.892577,0.6845328834187883,4.115333733532964
0.464355,-0.8701038398455718,0.4375159415266963,11.596679,-1.588947675242357,3.595517895911785
0.4646,-0.8754584949448335,0.4284854068377673,9.216309,-3.7082369021582835,1.9999972789600342
0.483032,-0.8669707249008021,0.4068106557969907,6.835937,-5.980113263048805,0.14018599338296336
0.498535,-0.8774887330393603,0.4010429313065851,4.516602,-8.345146821709951,-0.5382042918235684
0.515381,-0.8773387731805665,0.38714266940111186,2.380371,-10.102020804316567,-0.651509292194107
0.529907,-0.8568211663876408,0.3772702068161795,1.342773,-10.882331054872376,0.9266397081764322
0.53894,-0.8450462466700531,0.36934496602208583,0.854492,-10.7247734449082,4.007153493753503
0.548584,-0.8411803725060912,0.36358885648973577,0.610352,-10.445146200969429,7.29910008743591
0.515869,-0.8422284391976683,0.35615955173020364,0.732422,-9.272331451525236,12.260160821339412
0.512207,-0.8632144793123028,0.34910666400197815,1.037598,-7.876113230855809,16.387465717992274
0.495972,-0.8957446208074433,0.33744080615499006,1.831055,-6.3823559286264295,20.317503259630573
0.476929,-0.9256005779400986,0.31746677149263275,2.807617,-5.830848736731768,21.761023736731772
0.497925,-0.9613494813407124,0.3241518544878978,4.455566,-6.846106376211784,19.880475922379937
0.536499,-0.9692059357605151,0.3381320762654508,4.760742,-9.350151573982409,16.88611641539236
0.533813,-0.9600416765546085,0.3559570388238114,7.080078,-9.335401492792998,18.498578305428186
0.507935,-0.9528434493513502,0.34376673406427927,8.544922,-8.425860440378349,20.44016161978002
0.506958,-0.9422432167091006,0.3508968755727057,10.0708,-9.249248080228906,20.845066393234635
0.516968,-0.9605758983587332,0.32793373951655647,10.986327,-12.280268917479544,16.81588830431657
0.5,-0.9655032031182652,0.3333153973286708,13.061522,-15.030646307144833,12.906586925427629
0.510376,-0.9950526520857909,0.3448782503812532,14.282226,-14.930916167664815,13.201394594052948
0.524536,-0.9931188098846193,0.37434976332750297,16.540527,-15.363718271753031,7.813087360149447
0.535767,-1.019989809213462,0.4469498272397979,16.662598,-18.7746834865465,-1.6349176947229287
0.569214,-1.042998701669664,0.611197256479768,13.85498,-24.728232521938303,-7.43016510937421
0.559326,-1.0157949098430958,0.719107606081911,7.019042,-29.16450744223105,-5.714608667664815
0.567993,-0.9754415567639417,0.8419796638707717,-2.990722,-33.212232734054616,-3.4481305281847967
0.594238,-0.9717647730626459,0.9433180400498574,-20.629881,-41.72514871250192,-0.8589455234204517
0.616455,-0.9403461125509645,0.9674647563618474,-44.616695,-51.910972256734,3.4713405810383
0.605957,-0.9177653213955536,0.9482258339181211,-71.533203,-60.27830192231162,9.852722476579551
0.650391,-0.7987922690323983,0.9094192053426586,-98.510735,-73.13696248879988,17.4881050581395
0.688232,-0.6320270085622405,0.7839591094144296,-125.061028,-78.68234898848199,35.34901789308353
0.522217,-0.4415538494327311,0.7801282985048914,-131.164551,-79.04104371480796,77.20820840267994
0.153442,-0.24992781683698892,0.6032443230135669,-134.70459,-85.66782089848243,108.94319963011753
-0.279663,0.012992695924910959,0.17729000946923887,-143.310547,-77.37975024225167,115.36397510342995
-0.316895,0.08005708701222676,-0.19239105778886076,-138.000488,-45.51337936149496,100.48978852173396
-0.179688,-0.05450328712516345,-0.3695484624802977,-134.399414,-39.13877929102925,75.03191172171275
0.167358,-0.6901010420384095,-0.32297606716675065,-143.371582,-59.959669969689834,27.00618120743536
0.844604,-1.5253035404336823,-0.04839722899582662,-168.334946,-96.94196178724049,-8.728715200901112
1.015015,-1.9521381593040645,0.2799295246913732,-218.200668,-167.54197364232277,-50.567202748868695
1.162476,-1.6599234736507562,0.4003182069606718,-284.545898,-210.2315672372303,-46.993083809715486
1.114502,-1.433425398122892,0.9483863815915055,-331.176727,-172.11687345165325,13.530338341833758
0.736084,-0.8584737071086552,0.9173759223258058,-385.986298,-116.12287401090435,73.52748629219413
0.167358,-0.6340185739364227,0.4455496169997511,-402.70993,-69.13010746083391,109.75531354513934
-0.070923,-0.5949759590431444,-0.1340445903447454,-369.20163,-40.23967092640262,116.82626747561848
-0.001343,-0.44736287000250796,-0.35444522026417447,-319.519043,-17.303996818223403,88.92507433682687
0.065308,-0.30612262584932404,-0.5643999413174269,-270.202637,-0.5067003873737315,74.92803318485385
-0.079712,-0.2364462660270697,-0.7283849460188315,-222.167953,12.545158951593553,80.07845869318753
-0.193604,-0.12502728580776867,-0.8210456113514903,-176.208481,29.0503094197711,87.18184589064028
-0.133423,-0.127144325935689,-0.8171444324147105,-126.098625,40.50269350341825,88.46326899131026
-0.027588,-0.2535561830450906,-0.7555781916073311,-79.284668,40.969064120369985,84.38823459502792
-0.020996,-0.36514513401445386,-0.6976359242495805,-38.452148,44.07453930185885,79.63523939101083
0.020508,-0.42642152105823633,-0.629697739913667,-4.638672,54.81245999621124,78.58054360127444
0.045898,-0.46095133875073235,-0.6008811385331609,24.353025,62.37377413851952,69.70446786774147
0.033569,-0.4844941992972872,-0.5630445691553028,49.316402,61.52773350676816,56.52033650828044
-0.033569,-0.4607224319528227,-0.5323686603289834,70.556641,52.94513170490932,38.35893612632874
-0.091797,-0.46004233534015065,-0.4408586984417801,85.998528,44.278571548406454,18.3431296084137
0.014404,-0.5652806203189839,-0.3235767549265317,91.796867,37.23382177569292,2.112945075464559
0.155762,-0.7154758569781953,-0.21726853587511735,91.674797,30.260047856882327,-8.379071672414094
0.304077,-0.816106420219333,-0.1735477842030413,87.646477,26.347811409296973,-14.7890519708547
0.402954,-0.8837401174882106,-0.15958878417646946,83.740227,28.71006901399022,-16.434811778960036
0.391479,-0.9240650127236946,-0.12982355153421984,80.078125,33.68588032908313,-15.995163772342998
0.358032,-0.8586054358784355,-0.19002823859627196,74.21875,36.80391193576512,-19.62777060996418
0.334839,-0.7986071263776411,-0.24919411817265358,68.664551,38.83587352981807,-24.04287989003583
0.336304,-0.754245231155443,-0.29369506172775933,64.63623,42.48467962974698,-27.488588337991725
0.27063,-0.7266196645037235,-0.3054161766991008,61.584469,42.83277463636401,-32.62297410066999
0.211426,-0.690657793079186,-0.29488638825654256,58.04443,38.26550596773869,-39.923363486546506
0.190552,-0.6912200658626417,-0.29879027328520114,55.725094,26.298977094725707,-52.95956948484492
0.217285,-0.7090819910192206,-0.31483603517738845,53.833004,11.720498611007471,-69.42117291569458
0.218262,-0.7887993270305285,-0.21609451139301378,53.527828,-1.945234924754868,-86.62119172233284
0.259521,-0.8364051311189035,-0.16549218280924924,54.626461,-10.656317151670791,-99.63403272826146
0.345581,-0.8517797433508204,-0.1601397923415994,58.471676,-6.489728889363068,-99.00908816372436
0.420898,-0.882974927686734,-0.15777543656287843,64.453125,4.617921233835182,-88.43706579764628
0.500488,-0.8896677031830426,-0.1681476637661368,71.411133,20.297814769597522,-67.74841953643511
0.472046,-0.9354724195083183,-0.19596975966779415,78.674316,35.459493665509314,-46.1262933606711
0.534546,-0.9271101630418364,-0.2188399066019259,84.350578,49.224366980602234,-30.463543419181136
0.560547,-0.9415691841532159,-0.2219096657945465,87.280266,58.982244184619354,-18.689358327805344
0.52002,-0.9217508875588137,-0.23250536917357248,88.439934,60.95450251562349,-12.709830692855174
0.428955,-0.8851868582955901,-0.181870612760234,91.00341,55.41360641569459,-12.541318257392277
0.281982,-0.8597984174799086,-0.20991854334251828,91.308586,46.97455801941226,-20.566382847285915
0.173096,-0.809378543382376,-0.2436807596943658,93.078606,39.20834343822285,-35.60477508438822
0.21228,-0.825707085538706,-0.11937462432265959,100.524895,30.82520391532404,-53.176556664987665
0.453613,-0.8263850263411016,-0.026798852236932715,100.097649,26.592610909077543,-56.7234427995673
0.64209,-0.8574405582906062,-0.020286611429553212,93.994133,21.143424825800942,-49.56014595569962
0.763672,-0.8949288868610847,-0.023450301204458096,91.552727,19.184632741647217,-38.9147953669176
0.813843,-0.903405191607331,-0.0024876916853938356,92.77343,18.406667967587577,-30.008359882087746
0.756958,-0.9246758222244891,0.03220449537665835,93.078606,16.151890396433433,-22.92742119509347
0.641846,-0.974239947376084,0.07477491238139326,92.529289,14.318214361041633,-21.586839253013537
0.570923,-1.0130495915442197,0.12156663685851304,89.355461,15.163942727437579,-22.07512075301354
0.502808,-1.0174986126555994,0.135834706249657,83.801262,19.052076734054612,-21.077979106916484
0.490601,-0.9686982602608885,0.13246739602456187,79.040527,26.120612548406452,-13.107377941338859
0.559082,-0.9220094290041289,0.10396082390727933,74.462891,32.317871240301116,-1.8851290193294648
0.579346,-0.8838064534995184,0.07711231848157388,70.800781,32.40316569792174,10.469635314873486
0.578003,-0.8408756677963846,0.05796462052825338,68.969727,28.766920719338387,15.035728263199918
0.580811,-0.8014390691685886,0.04985481302929681,67.626953,23.011813393234632,13.002163971376348
0.532104,-0.7992854167821797,0.057491048384399085,68.54248,16.904074026097614,8.28262306810645
0.486328,-0.8851716323964407,0.14457175927068358,71.411133,12.882915193981853,4.613667665577627
0.488281,-0.9894101874591628,0.23477728579448282,71.105957,10.400622996581768,-0.29613853955111147
0.505493,-1.0295104997126676,0.26737350757203576,67.138672,10.172249415392358,-2.2786071852776266
0.509888,-1.0201940160163556,0.2649541306819353,60.913082,10.32264535747229,-2.506393772342997
0.509033,-0.951889885452341,0.22481435518562679,55.419918,10.428949804687106,-0.7353570686964149
0.484497,-0.9050312684393041,0.19000786062461805,52.001949,10.126551856731213,1.0602103213394098
0.47168,-0.8425233732436777,0.13348071097763345,51.635738,9.49385999621123,0.08642587338351858
0.470581,-0.783988405917483,0.08911424840598689,54.504391,9.38157133346187,-1.328767795612341
0.438843,-0.7832849167954655,0.06347672730789314,61.218258,9.16794833346187,-1.6987736852776272
0.442383,-0.8468884963402914,0.1527740959930062,70.922852,10.300893723127157,-0.590946708176432
0.46167,-0.9018942868245452,0.23499327216379,76.782227,15.26152411353352,3.2403771655776263
0.451172,-0.9078966582357968,0.2980828599136032,79.223633,19.70394386408933,8.005187882087743
0.419189,-0.8889281316987118,0.3006633116205531,79.223633,21.852145393234633,10.993560075464561
0.41748,-0.9040769473362263,0.2614847932618837,79.345703,22.336045509445306,10.855135662529936
0.385376,-0.8123534106188878,0.25433861910622374,81.29882,19.714741538961146,3.629358003569344
0.418091,-0.7825840575928772,0.27196665105572837,82.153313,16.58778581792118,-1.5425481782900512
0.479858,-0.8348609419238069,0.3513424313331568,83.679192,13.86033664892532,-3.703152714052391
0.541992,-0.9041493207758877,0.47986543878727195,83.374016,14.314304393234632,-2.0623635159112292
0.602417,-0.9001446574982103,0.5392917190514145,78.979492,15.886038334573488,4.077927526468148
0.611816,-0.9081420717900925,0.545459791168697,71.899414,20.553036642678823,11.67312371494458
0.591309,-0.8807853928798843,0.5447469489675255,66.52832,22.249033141937748,18.51692382111998
0.582886,-0.828802906523863,0.5251652564399103,60.729977,22.123754246396505,20.985482408926433
0.536499,-0.7845507867846876,0.5034221761707839,55.664059,21.788647240520543,22.23611604877699
0.522095,-0.7452771800183337,0.4825800584865898,50.781246,21.58758412981529,22.986496525507647
0.480957,-0.7416215092466836,0.4532658659988322,48.400875,21.669943652714096,26.18090540365551
0.420654,-0.745383185457325,0.4689684516803782,48.034664,20.70813209992891,26.10191092692485
0.379272,-0.7505329153734359,0.4888568578204165,45.349117,18.314183873012983,24.030666967217037
0.405884,-0.7991077677415752,0.536070745548642,42.724606,12.455396367137022,15.714005336290136
0.405151,-0.8075791017643309,0.5480099646133422,36.315918,7.476806000000002,12.950207870335825
0.435303,-0.8284262459590384,0.5824576516753943,32.104492,2.564063860149445,6.272142879630017
0.443726,-0.8537292404934753,0.5955155795581119,25.939939,-1.3781027272864648,1.6413760582906063
0.458984,-0.8697726466335135,0.5970255849971031,18.920898,-4.986179646467593,-1.0679584833476934
0.46167,-0.8795735425268689,0.5822459353501186,12.817382,-6.8754919604488896,-2.0210054025288215
0.49353,-0.8808133527386781,0.5588585210715221,8.056641,-7.001943844238217,-3.216590489964731
0.517578,-0.8785565105640784,0.5454334863825931,3.356933,-6.379033320968873,-1.0390438150929124
0.485229,-0.8561915588704144,0.5390047190248427,-0.671387,-5.688513989964731,2.720446749814731
0.50708,-0.838921374521215,0.534249555773737,-2.685547,-4.925574489964731,4.041896726915927
0.49231,-0.8106862650154365,0.5335941999950162,-5.737304,-5.577242164836548,7.307707204387661
0.495239,-0.7796289684343202,0.520737015619245,-8.178711,-7.134654636432324,7.784015675242358
0.475464,-0.7731053133483443,0.5100643176792102,-10.131835,-8.729158415762898,6.731238116581213
0.448608,-0.8241931180813047,0.4789496442345651,-12.08496,-13.091410701339969,4.668759522528267
0.464844,-0.8735139439123589,0.4945974680239238,-15.075683,-14.759509369965288,2.389879876431213
0.510376,-0.9222376520857908,0.470997529934381,-17.089844,-17.20412339948113,0.8412301724140913
0.555664,-0.9482328711239192,0.4816364898064606,-17.211914,-21.60726188245829,-1.902415392864089
0.577271,-0.9293344942338188,0.5194954387607003,-19.40918,-24.212054557330106,-2.019516648925318
0.546875,-0.8960421282482725,0.5119735081518441,-21.850584,-27.216194535542915,1.688290275761232
0.543091,-0.8761628316538701,0.5014834598720798,-22.644041,-34.23609699048638,-0.46077344037834883
0.490234,-0.8555983078827814,0.42406625987706376,-22.583006,-44.00520357889787,-2.8549903960628913
0.507935,-0.8679694418839493,0.359180827239798,-20.996092,-53.54667776676927,-11.935026468563146
0.532349,-0.9211203398588577,0.3274247714793469,-19.470215,-59.41364054609984,-20.387920088479206
0.523804,-0.9687603262281649,0.33279989461581816,-15.563964,-61.257844893620245,-26.51185571792396
0.595093,-0.9498699010582999,0.3723550707866019,-10.437011,-67.82452201695455,-35.688416132439194
0.656494,-0.9274826765944661,0.34716688099841114,-8.605957,-75.14639194238217,-41.04604884969038
0.720093,-0.9023667514246013,0.39750493947171495,-6.835937,-84.16409648439101,-46.411265284094334
0.733887,-0.9079233636432325,0.44159060479108786,-5.859375,-92.91516664922756,-44.600789430191384
0.798462,-0.9241354860819748,0.5377783850286588,-7.568359,-97.53279105124979,-37.70616350476375
0.81311,-0.9096687343833268,0.6311955339912002,-12.512206,-94.8421209246333,-23.40223213905623
1.003418,-0.8745949561343079,0.7517590999319049,-22.521971,-86.6274922032228,-11.371341828258672
0.933105,-0.9211916615417437,0.8146052387009071,-37.963867,-83.4245460176273,27.867713699101678
1.008789,-0.8465548649606273,0.8772299624935836,-58.105465,-74.18178736811201,56.57195328215885
1.028198,-0.699308582668075,0.8803140046499136,-76.477051,-65.63565144135333,100.5491009156946
1.01416,-0.4412113358153242,0.8468835494925245,-92.041008,-58.622675456773045,157.25160963324802
0.772461,-0.19977774403526333,0.8282907971094335,-98.57177,-57.09932898116907,215.43211512652508
0.113647,-0.09949873798989199,0.5017351305125233,-110.900871,-40.87371088952805,270.26907804545607
-0.581421,-0.19955559995847655,0.038393561937028885,-106.445305,-4.4793272576713585,286.186889605985
-0.93103,-0.24298729315724893,-0.1740403373419885,-100.219719,30.544049856346206,256.02883022010843
-0.711304,-0.30445698767341617,-0.08837097136972813,-105.346672,36.280637448614186,187.5957593919858
-0.279663,-0.6207617821746317,-0.1035109461234662,-121.093742,13.206804784904323,107.95785689309801
0.551636,-1.1199374023889808,0.38540751776557525,-148.925781,-37.17137066172054,59.518657426924854
0.626709,-1.4692672199104126,0.6756125252196903,-224.8535,-135.85522113191698,14.935980526014824
0.901001,-1.468759856664291,0.5719993041398663,-289.0625,-156.10950812785612,9.151416377966628
0.898804,-1.1124871846416753,0.7154496734313595,-312.072754,-125.6509660968957,30.046790700062182
0.496704,-0.735444345284563,0.6573250278279082,-332.519501,-69.62062009123916,82.9047447475232
0.101807,-0.4899531216098069,0.17969630004484152,-343.200653,-20.717548460025096,109.50189545896617
-0.094727,-0.33975043396794646,-0.15609101352605814,-322.4487,8.63664262006777,117.00987782477215
-0.104004,-0.3096484517069499,-0.5128888508414748,-278.015137,21.671828316643396,108.21541773733622
-0.259399,-0.48295647753302023,-0.5984671569316878,-225.707993,30.052149081038312,97.95028308499268
-0.325195,-0.47875423398621625,-0.532106657602845,-174.194321,40.62257244549818,88.18262540975032
-0.25354,-0.4237350258260703,-0.5193305936772641,-130.187988,57.10026029256466,85.7169599521297
-0.157959,-0.3029957462596567,-0.5797360269989729,-88.317863,71.2037219698942,85.60873813986504
-0.140991,-0.3228437143101521,-0.6744157160894346,-51.879879,82.752469048777,83.02875084425271
-0.163696,-0.3570680163169739,-0.6587439460188316,-18.005371,88.02614164343498,73.8524677206839
-0.110107,-0.440580363232836,-0.6368875739364227,12.451171,86.71094711063695,62.419217968040925
-0.09375,-0.5617975917933468,-0.5580219725559165,36.499023,80.6002708087781,48.5393181446143
-0.034912,-0.6766591094144296,-0.4461779569101,51.940914,73.06564033829396,32.80340935347916
0.030273,-0.7710836807941256,-0.37925811202264753,64.208984,66.54626150728981,18.948037984390993
0.117188,-0.8059340359016892,-0.3475786977307653,73.608398,61.96146707145637,7.711041079268396
0.167969,-0.8535047787507642,-0.32645764129915694,81.05468,56.59796235078694,-3.28780560356657
0.175659,-0.9367140882249869,-0.2640383929712331,86.730949,52.745000188778654,-15.08828382780534
0.144287,-1.0237079562389428,-0.2045101923183457,90.026848,49.100693148857005,-29.33498077933058
0.092285,-1.0717976215051723,-0.13008993587843545,89.782707,42.48362085361521,-49.82928819204578
0.039185,-1.1272596235468677,-0.10286094130414088,84.106438,30.028654963949922,-70.54742991948336
-0.027588,-1.1190675915442196,-0.06206192565832414,73.242188,19.374652551756366,-93.15109340136397
-0.119629,-1.0700110888579388,-0.024699570564046435,65.124512,2.293734568038126,-113.94704918908089
-0.113403,-1.0555868215001885,0.011513993361534572,55.664059,-8.451073967353677,-128.0410014899792
0.068848,-0.8966402426132338,-0.010058456317005719,45.166012,-7.009315204675414,-134.08872406076284
0.348999,-0.8590544140958987,-0.09363789168040995,40.771481,1.4396724115352624,-120.43121223696568
0.513672,-0.7540934100390794,-0.201880099840556,33.630371,14.033647074284628,-97.39710425184867
0.636597,-0.7135757611031096,-0.3514274732802171,34.179688,25.45892314261051,-66.49954761100749
0.646362,-0.7658786379666384,-0.40368871338986767,43.823238,32.06957764676982,-40.64526013851952
0.5271,-0.7815124345211831,-0.32066124333753443,56.213375,37.50565941911282,-25.24824631472238
0.342163,-0.8157202624205045,-0.19900093927573126,65.307617,39.417468744241,-17.5423634292164
0.231201,-0.8217152889177319,-0.1139266297616509,69.763184,32.942930016954534,-24.728273460448897
0.216919,-0.8269740453709281,-0.06395306312321723,67.443848,22.309828114289665,-39.23910419792174
0.255249,-0.8604543820799648,-0.0477247073577822,63.720699,9.436967718377876,-56.89688044238217
0.353027,-0.8806194780214797,-0.05384167806798687,60.363766,-0.7563336251192658,-69.5473122661793
0.451294,-0.9047266195166203,-0.050918471962822315,59.265133,-7.318046334641806,-75.90764606374279
0.528809,-0.9176247773154488,-0.04713673659443415,58.654781,-4.435815875675069,-72.99067646968984
0.538086,-0.9138126677963846,-0.06836596922339791,60.363766,4.698136101426122,-60.22196557145637
0.477783,-0.9128403467198786,-0.0403138597176195,65.917969,17.810167887373733,-44.95754832773703
0.457886,-0.9189982582723364,0.00834632460500826,69.641113,28.086840627289245,-32.284775009445305
0.42627,-0.914742450760094,0.06283559944344545,69.702148,31.708654254140217,-24.79091379219411
0.40271,-0.9089108194983504,0.07708828107979214,68.603516,30.614990498078992,-23.877576984088776
0.382446,-0.9129268385148911,0.0557263320989809,65.734863,24.907186660457814,-30.589955230485277
0.385986,-0.8997214160844508,0.04612879468391332,63.110348,15.84303718298608,-41.284640652865214
0.427002,-0.8728412718764574,0.04385857016693592,60.05859,6.919501944318232,-51.00334906936918
0.510254,-0.8333290929795352,0.04247167153415618,59.265133,3.6219992465476083,-55.37201728000335
0.58606,-0.7919847004701898,-0.003105740031587458,59.692379,6.941841804838215,-51.08672529591457
0.564697,-0.8173754569366718,-0.009729820274142187,65.673828,17.932395404026042,-37.90990605881226
0.523315,-0.8823293813955218,0.05525668241213875,71.289063,30.96105219547908,-22.667830541638306
0.535522,-0.9269727364632279,0.13515812321453433,74.035645,41.622480540223876,-8.596216967285358
0.514648,-0.9660291609486495,0.20154441164380676,72.814941,45.23071830618433,0.9493241691469684
0.499146,-0.9697413935776132,0.22807263612092651,67.504883,43.99702593941785,2.718756308997523
0.474365,-0.9380377011031416,0.21413904227425062,61.523434,39.17043821213139,-1.6128188618510324
0.429688,-0.8904408058809434,0.1752412830816301,56.640621,32.90294954313553,-9.904951672414093
0.424805,-0.8372057718631716,0.12730906674306838,53.833004,26.25888167673958,-19.459688785947613
0.439697,-0.8595684589252237,0.1273937565578309,54.565426,22.855661525878187,-23.767320996581773
0.485352,-0.8642783249373417,0.14096602932800087,56.579586,25.021823897779548,-21.846475711004704
0.527466,-0.9063372147205485,0.20288389531354706,59.387203,30.072991316590137,-14.684511104088218
0.55188,-0.9524463772739252,0.2765844830766462,59.93652,35.67406209555017,-4.739031938140052
0.54541,-0.9732634466384975,0.3042482612725215,57.373043,38.82015014759428,3.029488413085737
0.557617,-0.9622403343800088,0.33481485176175924,53.405758,40.14715499673289,6.9148462336840755
0.571655,-1.0027270078645116,0.3044858762571488,48.400875,39.91177899636235,8.460287042159948
0.560425,-0.9346567167356723,0.32058107897830346,45.104977,36.95274785063583,6.997204756582878
0.509521,-0.9262830860919425,0.307006632697059,42.907711,33.7108819314547,4.922166273235187
0.524536,-0.9305903908647606,0.29173416198685437,41.320797,32.30167434401879,4.678613133384629
0.525391,-0.9319670378121783,0.2988717395298423,41.442867,30.699580419332243,5.3216750573301015
0.516357,-0.9306322303132217,0.326573693936359,39.978027,30.373237413085743,8.540612389816399
0.544067,-0.9178113078562097,0.3597661830318047,38.696289,30.70791407546457,12.294117373164092
0.562256,-0.9146412303132218,0.3542709184001929,37.29248,30.794656580228914,16.472675798591716
0.632324,-0.8912838908647606,0.3598150170545604,35.461426,31.25578699242246,21.421767101426127
0.635132,-0.8651919255935472,0.36081962657362465,33.996582,30.80635678252938,27.60134114343497
0.52124,-0.8764052704544278,0.4063375435517879,34.545898,27.176094519480575,31.811588459034464
0.470215,-0.8507176663876408,0.38784177892017613,31.799314,27.095497211004698,34.11339582580094
