0.346924,-0.8879279976709721,0.38930959457097664,0.0,0.0,0.0
0.334961,-0.8776428160346254,0.3766060517302036,0.0,0.0,0.0
0.315552,-0.8691617813456963,0.3702996347121828,0.0,0.0,0.0
0.315186,-0.8733860541291522,0.36005297962620697,0.854492,-12.8585837307047,-36.55394633495909
0.31189,-0.8906853561625456,0.36158370956888974,0.244141,-19.409062555832886,-52.29424047398519
0.334595,-0.8941229228408368,0.37174366942768355,0.061035,-25.0669464676559,-68.1974968725892
0.382202,-0.8962134602559045,0.3715407524096628,-0.793457,-29.63378215880948,-80.50201831948613
0.433838,-0.8984034656816099,0.37604755174348947,-2.563476,-32.01254896103886,-85.96493728030556
0.478882,-0.8925638826996306,0.388604006163292,-3.784179,-30.246911710853592,-83.88332585524849
0.528442,-0.8674854711471729,0.3727150891452712,-4.760742,-27.126961908994755,-75.18351628136452
0.538696,-0.8470398725060913,0.3534399047827859,-5.126953,-22.5884495259465,-62.439770243144444
0.533203,-0.8169541052014843,0.3298679823390597,-4.211426,-15.542095421487748,-47.549578926100395
0.527466,-0.8060823541607077,0.3196444075089244,-2.685547,-8.436899276872847,-33.045756205884885
0.529785,-0.8088735092599695,0.31505398506519827,-1.464844,-3.3584217536035026,-23.150941110485828
0.518555,-0.8326477977025277,0.32807570956888976,-0.549316,-0.7594590096647316,-15.841787591005254
0.502197,-0.8486586051616266,0.3401381775795276,-0.732422,-0.10106187643121277,-10.795160304687107
0.498779,-0.8567029391843825,0.3528169823390597,-0.488281,-0.11624143509235718,-7.403484071524681
0.498535,-0.8585640140145177,0.3564295061765779,-0.610352,0.018388454202390186,-6.071666263048806
0.498291,-0.8473050970097827,0.35176052246698003,-0.671387,0.039124116951750845,-4.815047041638301
0.498657,-0.8287529126605833,0.3492258483511776,-0.854492,-0.16193899375350204,-4.064666564907643
0.489136,-0.8186561106271897,0.33522002246698,-1.037598,-0.9695600808188725,-5.219365320968873
0.484131,-0.7902462446416435,0.3192413537901689,-0.366211,-1.3401519646081996,-6.837813292564648
0.500366,-0.7887958249107699,0.31516155445634214,0.732422,-2.2012187723429975,-9.79406675227246
0.522583,-0.7961385841033904,0.32221952246698,1.464844,-4.0911162144229305,-12.579185143049362
0.5354,-0.8150515385099072,0.33877732451365944,2.441406,-5.496528912193554,-13.670657341190523
0.52478,-0.8191698058543717,0.3421422762338951,2.01416,-6.161342970484159,-13.357305067735911
0.520386,-0.8197696480422573,0.336709319087954,1.953125,-6.797829720669429,-13.483170457401197
0.46582,-0.8024004371426869,0.323579674853389,2.502441,-9.522657354273488,-20.155836360671096
0.440674,-0.7981959317169816,0.32256209187140983,2.807617,-12.761474626616486,-31.747076432800814
0.426636,-0.7889447365030854,0.309045632012616,3.967285,-18.643345003788777,-48.64864276959753
0.293213,-0.8041076881967494,0.3279486292864774,5.432128,-36.58142096140941,-91.9253317182262
0.239624,-0.7892132739048672,0.33372651158899747,5.432128,-52.096956789214744,-145.41035407864027
0.38623,-0.7460933011131093,0.3195444952853094,4.333496,-62.964455525190374,-187.06056604054058
0.552002,-0.7608786378487179,0.3246975408522211,4.272461,-75.32642706386437,-215.79633882724434
0.674194,-0.7424923011131093,0.32578161024336494,3.295898,-83.87017384356548,-226.93243433668965
0.778687,-0.7303800419337747,0.30525665853641515,1.525879,-83.1964361709169,-218.4412744566891
0.827271,-0.6969196222427588,0.29143580548383285,-1.464844,-76.86278537530455,-200.3909914812895
0.816528,-0.6580390025035833,0.26038901430185013,-4.02832,-66.6480052243071,-177.81565727161583
0.81604,-0.6380690882249869,0.25322992045517423,-5.859375,-56.88617511397238,-160.0531795456604
0.818848,-0.632963663068408,0.24718077622060924,-7.080078,-47.47640078259769,-143.144620315962
0.761475,-0.6168865188604147,0.2261992068294653,-6.408691,-42.41486503241243,-135.35434523231484
0.714355,-0.579443046068657,0.2021852041166126,-5.676269,-40.50219465426457,-137.65674095923077
0.769531,-0.5584097358834195,0.21639996600879996,-4.089355,-37.28384294987691,-139.16247029060546
0.823364,-0.5457652787507642,0.20656280819668554,-1.220703,-42.74531472957802,-144.9599088971514
0.859619,-0.5023881828358211,0.20942814220615544,0.366211,-43.51963889857388,-143.73760169938078
0.903931,-0.45750228216134575,0.20099080271783668,0.976562,-44.12224533464181,-139.65438866361845
0.963867,-0.44539727402278767,0.20950729183985412,1.220703,-40.407707451593566,-128.33780832353955
0.952026,-0.4203657236614703,0.19646520885787494,0.427246,-36.5934367950907,-116.72641375265749
0.906006,-0.3990515447512621,0.18528644965196853,0.305176,-32.531820743046595,-107.37215238967978
0.883667,-0.4116482903530474,0.20595024625965666,1.220703,-29.474663655610684,-104.27426698752149
0.771362,-0.36995278559849915,0.15072697894176385,3.845215,-33.586085323260434,-123.11421220723042
0.783447,-0.3361037271119095,0.11877926802890763,7.93457,-35.0278936225255,-142.57926343633198
0.848022,-0.33634168968355604,0.13667710476451608,13.122558,-40.56867427828729,-161.08730904570618
0.895752,-0.3451772590747,0.14163744966525438,17.211914,-53.651513801186084,-186.7992098066371
0.841431,-0.3076326604469041,0.1302506020383775,18.859863,-66.65900422036722,-205.7888060916242
0.849609,-0.2376750434737248,0.07026874901236692,26.916502,-80.98900489278132,-246.35616532874158
0.845947,-0.15836624759033735,-0.02161238703049652,35.522461,-102.69272351352183,-295.42271869304284
0.88269,-0.03576272720325835,-0.037284860533269064,45.654293,-114.2280770886008,-327.2433651683509
1.217285,0.0014954809568875841,-0.05527175100091896,62.255856,-130.0402928775961,-367.44830829513353
1.415405,0.02075074830135211,-0.03241864964698457,69.641113,-152.42497584452602,-384.12498250517774
1.430664,0.1714953380530033,-0.06306936123099802,70.678711,-159.75995008088722,-366.9223045547641
1.575073,0.30882545705459225,-0.15137861771076586,69.396973,-160.99199494534707,-340.98010085721296
1.62439,0.2958998366442596,-0.1945184489808113,62.255856,-150.2126731991017,-295.33223192158385
1.686768,0.30996800534764246,-0.12596166601710188,52.673336,-140.46861711033475,-244.15327370403867
1.776245,0.291689535308595,-0.007718904809357539,37.719727,-103.70188759100527,-151.41869814841758
1.513306,0.25189970671154466,-0.058324909563905764,16.723633,-67.80585933398353,-53.60042341732785
1.323364,0.2527281611446331,-0.06274998439404099,0.976562,-36.94570522499492,14.98765342884586
1.262451,0.23565459991861898,-0.04105225990363534,-2.441406,-22.50693635457571,45.977772711155815
1.322754,0.2702475754365153,-0.05242546872165263,1.953125,-25.54378675673399,49.14064551963169
1.360474,0.27342394687433863,-0.07695383200763198,9.58252,-38.4633620489281,37.99375270133997
1.363037,0.28805871419223145,-0.10555967145609316,18.188477,-57.983341324099364,20.29743883405184
1.387939,0.2945046740377394,-0.1302829415001245,26.794432,-75.3066465574963,4.574828014784554
1.426758,0.3128099998820794,-0.17792318708862392,32.714844,-85.70625071645688,1.6989032328601978
1.434814,0.3164644542885961,-0.22090948638259306,35.644531,-90.4622915051343,8.109620944000946
1.50647,0.3520316651748806,-0.22424727004403142,37.536621,-91.13555366372435,20.127090678509482
1.513062,0.4004708386328117,-0.22360016053825305,38.146973,-91.2076597994156,36.23755118795479
1.522705,0.4324644535908672,-0.18258959391310525,40.771481,-93.79797485391742,49.57325990594706
1.516479,0.44291272096190343,-0.1315346639754064,45.654293,-101.25736816485103,59.236219697770636
1.516602,0.5050209291087635,-0.1282080918979815,51.391598,-114.28556010249956,64.50277533100416
1.546265,0.6116929794169375,-0.08675668101668087,60.913082,-132.77564810116854,68.97602748088998
1.552979,0.7172518555827373,-0.10485134430764413,72.631836,-150.17569586038277,80.2200647078059
1.555786,0.8073084324279963,-0.12245277765592469,87.402336,-170.95604954017006,88.90517233516347
1.512329,0.8593972773154488,-0.05371625180328268,105.773918,-196.61424474396776,91.94922461166578
1.431641,0.8202317909594274,-0.011934864075057196,121.154778,-211.96829748866267,117.23510915576182
1.381714,0.7179461821248063,-0.02039673545973715,129.821777,-216.60384845518442,150.71003536067113
1.214233,0.6374502358834194,-0.07949780415315215,135.803223,-220.77418966864684,176.44577649405576
1.005127,0.43332790329597914,-0.01605605515407106,140.380859,-230.37200503750051,181.91660063353578
0.904297,0.2547711747753259,0.028678619014874788,142.150879,-230.21503478768577,183.16504308149166
0.937622,0.018145446939115777,0.11370483602459366,144.348145,-231.2650342943028,187.0836945881087
0.94165,0.0611849060868948,-0.01023463400116794,127.92968,-231.23083684880464,204.9651923012006
1.027344,0.2759342890356525,-0.1116677918398541,116.882317,-226.04151861185346,224.45140114424382
0.944214,0.32127469242298046,-0.12346790953733405,114.929192,-220.29235702687524,252.35357711034922
0.527954,0.27725566115791894,0.0014608918116164338,113.830559,-227.08472010686148,262.1952451523581
0.218018,0.09831190881303338,0.07164922105325228,111.328117,-226.91112311726727,251.87580595837622
0.077393,-0.10767173938534991,0.16238307684525902,104.49218,-219.38313050776523,240.6227396370368
-0.291504,-0.20375438020933329,0.15978306121272826,92.041008,-217.4707767609982,224.64792548848203
-0.633789,-0.4587687447462782,0.19537922517484876,83.496086,-208.48217711035625,196.2713227722898
-0.815552,-0.6858709086303356,0.26320873881882745,73.364258,-186.65971811223145,171.69097050313053
-0.923706,-0.82503020721329,0.27730376332750295,53.344723,-156.71595759750016,153.48672708431994
-0.977051,-0.8605562793305725,0.21845680142701357,28.19824,-118.1789541226905,142.2318450741486
-0.994629,-0.7807661276817501,0.13278139802639977,1.037598,-73.31622402131016,137.05066097598902
-1.077148,-0.6769381719312668,-0.022589307367750104,-24.841307,-30.924219647072032,131.25211838685152
-1.200562,-0.49614220058811037,-0.21041749919763636,-45.166012,15.450669237019516,123.92930612945925
-1.289307,-0.3651954373785281,-0.35861105223194883,-54.26025,58.217753662749374,102.05681124641099
-1.269531,-0.3794533999767464,-0.40845256786447964,-54.016109,88.87652039033807,62.5079929159968
-1.142944,-0.4365805387191767,-0.40168767465740535,-48.950191,110.8929875530191,15.192420644932188
-0.987915,-0.4739766318814095,-0.3331596080189717,-48.034664,123.60292305072755,-37.744497312113545
-0.708618,-0.47708009380847055,-0.24453896175599701,-51.818844,135.1565510324263,-88.5337926360618
-0.403076,-0.4942196815449979,-0.14922559853644693,-58.04443,144.35802444024114,-125.20867718923259
-0.196411,-0.45770558834290753,-0.15409733391812097,-71.472168,157.2671923285754,-140.20285852320106
-0.044312,-0.3734023563983868,-0.18190785294794753,-86.181633,174.30397651289252,-142.9208447183779
0.167236,-0.27354447753302014,-0.23575493321707405,-97.656242,190.60352996992316,-142.88743199011586
0.393311,-0.13021198436746925,-0.3261197726788211,-104.858391,201.10388310598498,-142.88876286104167
0.57019,-0.016007480350507593,-0.4835357692682395,-105.957024,205.6436842874738,-145.15743255844174
0.73645,0.003352246181593575,-0.593803739294001,-101.074211,206.84627266011623,-148.81179439643347
0.776611,0.004630026419164407,-0.7419805590016209,-94.299309,199.81905152063624,-161.1053684460349
0.496582,-0.08363437152917226,-0.7910989807476182,-83.435051,185.88609474755216,-187.31315347667743
0.394653,-0.07447309056730075,-0.7195671766592432,-72.937012,174.88514810091092,-226.63105400001453
0.714844,0.007347299913635001,-0.5500181032511376,-59.204098,158.0576716724356,-268.71655013730145
1.108521,0.07015863464740556,-0.28351168020103135,-47.424313,133.55237907176559,-297.48908797600353
1.475586,0.05771472107982399,-0.07899117074507835,-49.560543,123.46263133951791,-285.17985568380936
1.629517,0.2374199787972715,-0.24307253399120016,-66.833496,133.36409552159674,-237.7565806511255
1.310303,0.22671585770249578,-0.4232346155777215,-81.970207,143.2394345874649,-189.40199164707207
1.25647,0.20417495287985238,-0.7623246079791142,-84.106438,147.64832676366774,-149.66107439279583
1.445435,0.656940260985189,-0.4663940904360943,-95.397942,154.0316245242588,-128.96132235161141
1.493408,0.46751873515911874,-0.5798817972140683,-75.256348,121.3411261268498,-122.35050450067278
1.392334,0.3830746930027888,-0.57355516862532,-70.922852,104.51637260116853,-117.92252843197637
1.338013,0.4333873535543276,-0.45149908428608826,-65.979004,92.21986434889605,-120.05566548060224
1.3479,0.42986610797911406,-0.3716600605282852,-58.1665,80.16033466079017,-125.07424361578691
1.370972,0.3740729692499697,-0.34085661152090224,-49.438473,72.21265342165334,-116.25700732433387
1.333008,0.366701348839637,-0.37437663260571014,-46.813961,67.67097708157443,-100.80799149688401
1.344971,0.3576585896337306,-0.3919911509909512,-44.677731,52.989286468040916,-103.04406758053115
1.366211,0.32699394542573734,-0.39627587275521825,-44.372555,41.20152291769839,-91.23450895733289
1.27002,0.3562254719495365,-0.39764738363320085,-47.851559,37.57815755786682,-71.87561185494626
1.200073,0.373563300533301,-0.40765738363320086,-49.438473,40.8781613827605,-53.34244756505876
1.1698,0.37952810529283315,-0.41124203873246257,-46.630856,41.80041784112221,-43.444270521567766
1.109497,0.3906577712567915,-0.38708089181161653,-40.771481,36.859506275844026,-42.84690838833425
1.111206,0.3773833059855782,-0.3658849401046667,-33.630371,32.812798821641636,-43.752495302380495
1.132568,0.3870358059722923,-0.3708943197076199,-28.320311,30.725787309148643,-39.798945277999536
1.111938,0.4151945277232735,-0.3819359829587256,-24.16992,30.443697046470376,-31.742617945278745
1.073608,0.3962391828491069,-0.3715556033557724,-20.812986,30.401367498078994,-24.247582873754062
1.03125,0.37145590528453115,-0.33342549927569937,-18.920898,30.16336996231665,-18.190080697770625
0.986694,0.34810022366147025,-0.3216327264922436,-18.798828,30.246315845364904,-13.163602214052396
0.974487,0.3282468815134423,-0.29522972379267676,-17.51709,31.859952455699617,-9.514209619999447
0.979126,0.323442774680659,-0.32332468091204614,-14.09912,31.57930800811426,-9.634088062079378
0.985474,0.36572856584935587,-0.28670554216961586,-11.596679,31.866524165358204,-8.037979084978184
0.991333,0.35764697742838536,-0.3165732639205971,-7.385253,23.123903600821095,-17.93161809405295
1.025269,0.38341875562426075,-0.2990332346839452,-5.249023,22.4433226237199,-16.05866092505709
1.027832,0.3504079590431443,-0.28955961156075977,-4.02832,23.728426535913457,-9.682405656132326
0.971191,0.33043050192377493,-0.2706955822975362,-4.577637,26.639138587587023,-0.36844449643065763
0.960327,0.33552576926823946,-0.27236832037877706,-5.065917,25.73777430862699,-2.173793223717124
1.000977,0.31467967334001046,-0.25793681766592436,-3.479004,24.36886605844172,-3.5682498639382167
0.986816,0.32178316247531374,-0.25076121357256553,-2.746582,21.800577831155255,-3.9883355620793783
0.987793,0.3188381250602461,-0.25244416800565395,-1.770019,18.179942388704784,-7.8180561040882175
0.992432,0.338237314835151,-0.26181178568984803,-0.427246,14.140824579858368,-10.419483366766483
1.002686,0.3329744352454837,-0.2501753605332691,0.12207,11.566549038961146,-10.483725396282324
0.999634,0.33824773186645773,-0.2425077428623609,0.427246,10.568820032714648,-8.427662727286465
0.996582,0.3268831597624611,-0.237777759152763,0.183105,11.893635422009396,-5.034383162378823
0.991211,0.3238562481834315,-0.22715052379766065,-0.427246,14.020084084758755,-0.13056203881003417
0.966675,0.3176837053426585,-0.22612368160977506,-0.549316,13.617956497322847,1.3701985486258752
0.987061,0.3243447481834315,-0.22630441697816325,0.305176,12.595109078512259,1.1854888508552521
0.981201,0.33194910122272797,-0.22533929115541104,1.098633,10.610450606916483,0.9217855423793758
0.964966,0.32716064136393413,-0.21947314692084605,1.586914,9.61213424052054,1.1457768737540572
0.949463,0.3273016012360138,-0.21166099726057563,1.770019,9.183284908775322,1.7457600423793762
0.942261,0.3140152617875527,-0.199761612231917,2.075195,7.910310542379378,1.494029763048805
0.947998,0.3265835318448699,-0.19264072992939696,1.647949,7.753927652714092,2.077658652714091
0.9646,0.33898259037131717,-0.19655693059557028,1.281738,8.960467931674126,4.411587717251196
0.946411,0.3094633658941974,-0.20544972718997254,0.793457,7.1529271464675945,4.8208752405205395
0.900757,0.3411709379716223,-0.2184006013672203,-0.366211,7.5333022335329645,5.235562217251196
0.918213,0.34341878015950783,-0.21011322449040568,0.915527,6.773570263048806,1.2341218442382151
0.93103,0.32939782573970533,-0.20681022991611112,2.13623,5.29456354200884,-1.0834529413388558
0.936401,0.3164647135077883,-0.19722903740178177,2.685547,4.078242791823569,-2.213620278960034
0.93689,0.2997744543284537,-0.18463341429188226,2.13623,3.8771788150929134,-1.4632393022293777
0.922607,0.29734979922919197,-0.18858904011463448,1.342773,3.8979153438676772,-0.2066205808188723
0.931519,0.29764780465489743,-0.19637287957638153,0.610352,4.471762896282324,1.1535245357623398
0.929443,0.2972109543284537,-0.1890735265370851,-0.244141,4.937704035762341,2.082628262678266
0.91272,0.30682638491073805,-0.195611112231917,-0.793457,4.642896367137021,2.1823584021582834
0.934814,0.31591922708533776,-0.1971958476003052,-0.793457,4.59164270438766,0.8728804542023902
0.941528,0.3172042992026203,-0.19765603740178178,-0.488281,3.847248675242357,0.315974174871818
0.933228,0.31306079377691487,-0.1965327993205409,-0.183105,1.8641935353918013,-1.2877240815599498
0.923584,0.31501605840852664,-0.19949418163634677,-0.183105,1.4347554774717344,-2.5198126165812127
0.930664,0.2999296441299303,-0.1838766176709083,-0.183105,0.35466844832643096,-3.658156227657004
0.940308,0.29439811757955936,-0.18491150269956688,-0.976562,0.743220174871818,-3.107236895911785
0.92627,0.2877017699659684,-0.19260391699144913,-1.953125,0.9121620878064477,-2.5704789191811286
0.919556,0.30668533391812103,-0.1934154197175877,-2.746582,2.0249586748718182,-0.8872006918946636
0.918945,0.30558552643245035,-0.1989823421613139,-3.112793,3.3448039542023906,-0.3101456099641752
0.936768,0.31240563867765314,-0.1974235612393,-2.868652,3.883751756802307,0.012989366766481174
0.928101,0.31942609582359427,-0.19527377277016997,-2.685547,2.406935727657004,-1.8125090291453032
0.953613,0.3224879032959791,-0.20803656666500542,-1.770019,1.7660667276570035,-2.922526698141162
0.942505,0.3260049141606758,-0.19681692515657898,-1.586914,1.4020472855770707,-3.064746866766482
0.953125,0.31044860941442953,-0.18811723535510236,-1.647949,1.353571674871818,-2.0500770874359096
0.942017,0.30980184749567047,-0.1870394598587939,-2.258301,2.0538719771011955,0.505652616581212
0.93689,0.31309976178755267,-0.2013473047462463,-3.051758,2.0642398084758757,1.1339622272864647
0.928345,0.3168321121139964,-0.2029386843491995,-3.295898,1.689851668995859,0.36343294795589215
0.927856,0.31333310397543823,-0.19654914422127917,-3.051758,1.0795001689958588,-0.6937268605199833
0.923218,0.31472383119198244,-0.19707033402275578,-2.624511,0.19449016899585853,-2.2266091457265156
0.935059,0.32636960667500514,-0.19984725919262059,-2.441406,-0.5215770520441082,-3.2227339542023907
0.946655,0.33264298355181976,-0.2055834517069499,-2.258301,-0.8469022206694279,-3.1758616752423574
0.946899,0.3248918338915493,-0.2053368367356085,-2.319336,-0.9482356918946635,-2.1306743959117846
0.93811,0.31705625363570866,-0.203772459845508,-2.319336,-0.4659411394800169,-0.9291037269159259
0.939697,0.32354933389154933,-0.20766211494476972,-2.01416,-0.05285786051998321,0.030517500000000006
0.927612,0.32613144342389944,-0.2092937700440314,-2.075195,0.11608441844005045,0.5672741107052527
0.926147,0.3203562828989323,-0.2107526414951406,-1.708984,0.4130832789600337,0.959621226915926
0.91394,0.31907251826732047,-0.20662818706205222,-1.464844,0.6773725815599497,0.8070337269159259
0.906982,0.323654988990811,-0.20772311494476972,-1.159668,0.6566364188105892,-0.4495863605199833
0.925781,0.3212478366176879,-0.194070425156579,-0.976562,0.5182116398505556,-0.9334851107052528
0.917603,0.3145372590746999,-0.19470748640916477,-0.915527,0.3149573372506396,-0.6751818896652864
0.921021,0.3163511066882909,-0.19547181018523757,-0.915527,0.43702783725063965,-0.4637495815599497
0.912109,0.31550229377691485,-0.1923039972738615,-1.220703,0.0811846686253198,-0.4697360291453031
0.914063,0.32028898900409686,-0.19182519794003475,-1.586914,-0.2299777789600336,-0.642473197770623
0.913818,0.320641716220641,-0.19414425647976785,-1.586914,-0.28502633137468025,-1.104032087435909
0.901245,0.3277068284658439,-0.19216112310989958,-1.770019,-0.47032338929474754,-1.9132560062464985
0.92627,0.3262007454838647,-0.19721173535510236,-1.342773,-0.20603322066942772,-2.0658440062464987
0.921143,0.3226619944298023,-0.1960150319760764,-1.342773,0.24136244795589207,-1.9012839771011956
0.921265,0.31178849444308815,-0.19312048640916477,-1.464844,1.002110390035825,-1.0719098896652863
0.918945,0.31756803457100846,-0.19067802926322366,-1.647949,1.3132728376211784,-0.8991727210399666
0.925659,0.31653622165963236,-0.18782718164963264,-1.770019,1.4435204771011954,-0.5515071918946636
0.917603,0.3206925584085266,-0.18966219522718206,-1.831055,1.6020940586611452,-0.6430596918946636
0.912354,0.3161548339048351,-0.198741764618326,-1.770019,1.4026346457265153,-1.2326755291453033
0.927246,0.3209202135077883,-0.18951188502865865,-1.647949,1.5001732272864647,-1.4299437501852696
0.923828,0.31997640330926497,-0.19065861224520286,-2.01416,2.061461756431768,-1.1901855000000001
0.928223,0.3145372590746999,-0.19470748640916477,-2.075195,2.222226895911785,-0.7896621103347139
0.921265,0.32229599442980233,-0.1966489625716466,-2.13623,2.1976949774717345,-1.198362639480017
0.923218,0.3228228713199028,-0.19061038502865865,-2.197266,1.8925194774717344,-1.7269421107052532
0.92688,0.3151927645136912,-0.18014411768419414,-2.197266,1.5285000353918012,-1.8691622793305727
0.926147,0.31209530192875884,-0.18892708025584068,-2.807617,1.5366771748718182,-1.7329290582906063
0.925171,0.32611887131990275,-0.18490154556691163,-3.112793,1.522513587806448,-1.5133191107052528
0.927856,0.32248825363570865,-0.19436395985879387,-3.295898,1.6080805062464985,-0.9989028605199834
0.931641,0.32563620806879706,-0.19477154284077305,-3.662109,2.010794587806448,-0.6675916103347139
0.927612,0.3224926332386619,-0.19338037416396195,-3.295898,2.4663673959117847,-0.3667983601494445
0.929199,0.3344695128283292,-0.19338781019852344,-3.295898,2.4135095353918015,-0.3362808601494445
0.924683,0.32261382575299113,-0.19683246257164658,-3.051758,2.6026006169517513,-0.37497549962946136
0.920654,0.3192616468162113,-0.19799860680621156,-2.868652,2.661445425057088,-0.7613353022293775
0.923096,0.3206465958235943,-0.19315980475953215,-3.173828,2.992756175242357,-1.1640502498147307
0.924805,0.3212792189334938,-0.197190069391144,-3.479004,3.2488692043876606,-1.4528714708546975
0.918091,0.3193416066882909,-0.19029211224520284,-3.784179,3.612888646467593,-1.3106513022293775
0.915894,0.3195917937769149,-0.18522077549630855,-4.272461,4.21068112319825,-1.3738783601494449
0.928589,0.30735764140379174,-0.18858894899409717,-4.821777,4.836800042008839,-1.8763225811894115
0.928955,0.3046968794850326,-0.19099952382423238,-5.310058,5.170301984088772,-1.7869602730840748
0.925537,0.3083802536489945,-0.1970717326289638,-5.859375,5.6460244608194285,-2.0616187730840747
0.943848,0.31905602370631175,-0.19322875647976787,-6.347656,6.241625379630017,-2.616921720669428
0.942383,0.3281418713066169,-0.20312560680621156,-6.774902,6.341355519110034,-2.3221140520441086
0.948608,0.3367431413639342,-0.20287577005731727,-6.591796,7.502626850855253,-1.6535051040882163
0.96167,0.32997252096688734,-0.2136268285837645,-6.591796,7.99470274052054,-1.6556966620082836
0.958496,0.320768336604402,-0.21662894354182002,-6.774902,9.013756135691246,-0.6230684059470541
0.96106,0.3018755556823881,-0.23983219999501615,-7.324218,11.31994575227246,0.44168118185939315
0.998535,0.2852130556823881,-0.2686924965761326,-7.751464,14.490407974053504,1.7826948334618682
1.010376,0.2731343338915493,-0.29498345640835466,-8.056641,17.32736811978002,3.034343944908199
1.012207,0.2742497855984991,-0.3164894373785281,-8.300781,21.17461766104778,3.350317619780016
1.056885,0.2887522454440071,-0.32725844009138083,-7.568359,25.00930471494458,2.545906428255891
1.11499,0.30838091348951857,-0.34648458975165125,-6.896972,27.931245418961705,2.47990218431712
1.195068,0.3285180311338551,-0.37361607887366866,-5.065917,32.268965786098725,4.133680249224764
1.286255,0.33191652024258667,-0.4163137230683761,-3.784179,37.07700904253049,7.700713454353503
1.417969,0.32013004135396633,-0.4587025033458046,-1.89209,41.50307438015167,12.193055496732876
1.554688,0.3411766801096824,-0.506232655692356,-0.549316,43.94009999636235,15.437543683356612
1.663452,0.3731055780580191,-0.5546901822161552,1.098633,37.835566658741165,8.03800978609872
1.742676,0.5018431174882105,-0.501876223081662,5.371093,25.307750756582884,-5.237951864308758
1.798706,0.5680268930110908,-0.3450065612393,12.329101,-0.7172838798494464,-30.173034123349368
1.885864,0.8083551378620036,-0.22073783066366542,20.690916,-28.718643197770632,-48.39937514298106
2.115967,1.0791973636299466,-0.16666333479854772,36.254883,-65.84033196134108,-55.933336144243775
2.272705,1.4355653451932144,-0.1209498845401992,60.424801,-108.78688921021039,-42.06211530945087
2.37854,1.752609875049532,-0.11990865056726892,90.75927,-145.1072972648784,7.944132588230254
2.414429,1.9533816892783031,-0.10614566759525754,128.662109,-169.23626686529823,87.48939130601818
2.262329,1.9832360824588058,-0.05248234177748931,164.794907,-180.95410583253036,177.91127285986175
2.070068,1.8250528913930777,0.08930633439329444,195.800766,-198.84676167735108,238.350977854288
1.88916,1.5643314390930336,0.19656153238647275,217.956528,-219.8668046880509,273.1101273824728
1.647705,1.282551326214879,0.18897406031901565,229.675278,-241.34334301504683,292.0640138294155
1.345703,0.9989429936540104,0.15819801887370047,227.783188,-255.52168888011172,305.95854842383903
1.141479,0.84738358552542,0.13519142362991457,227.905258,-266.21872374308947,307.69441255082603
0.929688,0.62291980123103,0.18683874477284984,229.370102,-275.0575506522353,308.49839526487847
0.822632,0.3923460890672082,0.2469453604153485,222.228989,-273.03959576257,311.1391036611608
0.702881,0.27516551290639224,0.35843664884462095,208.923325,-268.2581170998207,320.6415716403492
0.563599,0.24099576734446457,0.406918913449661,194.396957,-266.22541162896596,324.8947427926927
0.362183,0.19762666123598197,0.5180814181909233,180.541977,-261.69186848985646,334.82226384793563
0.123901,0.14676268577122906,0.5881844284110346,165.405258,-248.5123922788518,344.8324042625411
-0.09314,0.060637898026399725,0.6558099202459048,145.385742,-234.76974338011172,341.9019723857393
-0.401245,-0.1875880869208779,0.6824119025583927,126.281731,-227.05337721906395,321.9419146264793
-0.744019,-0.36812255627548224,0.6604890291187314,101.928703,-209.4880452699814,293.4060000141032
-0.876343,-0.46688193312572523,0.5494907706902691,80.13916,-193.57903568984406,255.0433069050011
-0.824585,-0.4627189576476865,0.4202272557288955,64.880371,-177.76577263005623,222.3740879580057
-0.914307,-0.46618538554368977,0.3898092264922436,47.668453,-162.2876027197379,190.95549465086083
-1.09021,-0.5236538800781269,0.34715487412410445,26.794432,-131.14125433236416,169.09688852803313
-1.183105,-0.665110515449833,0.3011207945925644,6.652832,-90.28946911440259,154.03885610543375
-1.349609,-0.6578474066284978,0.12327086809201891,-15.136718,-53.243597344252706,134.34186822201497
-1.312012,-0.667824511379728,0.02810801575045142,-28.564451,-21.13399278515328,104.38606072932042
-1.274902,-0.6880671957554991,-0.015741342069964904,-39.428711,4.910950724307091,70.88394216796705
-1.317505,-0.6732520787424622,-0.10604880668330702,-50.354,35.92192311353353,39.025237938222844
-1.25,-0.6458254508647286,-0.16938449371878747,-59.082027,64.8515575385223,-2.90817539330295
-1.049927,-0.6055310393388426,-0.20237452569486375,-66.40625,86.30790652633152,-46.79936880148831
-0.827026,-0.5902706250469604,-0.19596271279677352,-75.012207,102.93900768405952,-84.52179061048585
-0.631958,-0.5301878821978854,-0.19541234952408004,-85.998528,119.24012176637562,-111.34114479993785
-0.446655,-0.5141948767854658,-0.19773965158404527,-97.473137,135.25432150232052,-126.08417521472518
-0.352295,-0.459451495154103,-0.24696533322039205,-110.595695,150.1499084426989,-135.31844182543043
-0.308838,-0.41373971491653216,-0.3181802073444964,-120.788567,165.93750730225835,-146.54773647115695
-0.194336,-0.36001583331174103,-0.4126277148251832,-125.244133,178.6597733009273,-161.01114937405632
-0.05896,-0.25830416599053013,-0.495735939302303,-126.647942,185.67759950814323,-178.03072182446994
0.050171,-0.16546563746489304,-0.5754128909959669,-123.962395,188.60666943191507,-200.30120589757522
0.196777,-0.03717882593568893,-0.6613196154863726,-116.333,190.7602326099857,-225.0135070558474
0.414795,0.01236774070274472,-0.6568004447280085,-105.163567,186.7429827456769,-248.20693992752933
0.573853,0.003794082917202039,-0.6238004556192769,-98.205559,179.2404664729634,-265.2299992964814
0.743164,0.061413438669351145,-0.5403568039571685,-97.228996,176.29325083972986,-274.2409765141032
0.944336,0.10080503461086597,-0.5009385583952408,-97.778313,174.10197092128982,-278.40259466644676
1.036377,0.16078659308416984,-0.5093514516023152,-97.534172,162.32908126232923,-283.65711970766876
1.139893,0.1823516039754382,-0.42341575707286205,-96.496574,149.9258404513956,-282.55715497071753
1.288208,0.1685627781310982,-0.3679527040119778,-95.275871,148.53505489064727,-263.35962022436684
1.353394,0.09584945773903528,-0.3793938693180649,-102.966301,155.38518905981678,-226.2262558047016
1.421631,0.21818775563754653,-0.5634937216463465,-115.966789,164.71002940538608,-182.48726655370754
1.493408,0.8328694181261462,-0.28521185173518754,-112.365715,157.44399734768544,-153.2022872470693
1.418701,0.6293089106188877,-0.5713809931522651,-109.863274,176.75403256835483,-118.04734114892534
1.396362,0.5752591167639098,-0.5807699822477108,-92.407219,155.01812687816175,-121.63741615286523
1.378418,0.5800388711886963,-0.4865532047362785,-78.00293,132.18695360016224,-122.97416026676927
1.372681,0.504604751529236,-0.388450932610694,-70.3125,119.50584675971278,-119.66992761063696
1.255005,0.3858137420201396,-0.3393189965628467,-69.030762,110.92944348495786,-105.83819982871262
1.306885,0.3617149025849643,-0.3244194108680148,-74.34082,118.11570962198016,-73.12754976267829
1.300537,0.42701752499713486,-0.37903595098264925,-78.918457,118.5364186905781,-48.35099428066163
1.253418,0.4882927141141684,-0.41328621018855566,-76.23291,106.78778012321274,-41.356483199101675
1.194458,0.5014808344979294,-0.41314771562754693,-67.504883,95.22369373696567,-42.221030363197144
1.160645,0.46803464473631035,-0.406382215614261,-57.800289,84.83167749131026,-46.79279449375351
1.153931,0.4389398991610968,-0.3708377931838207,-48.33984,74.391186000975,-50.34989021100471
1.160034,0.4082900359016892,-0.3411609135941534,-41.442867,65.12072997598901,-51.270071055613464
1.140503,0.4103115304759838,-0.32935958228425033,-38.513184,58.68841574523164,-47.274464113533526
1.085571,0.38626608966030235,-0.298985507467401,-35.339355,54.72261813280973,-36.809441070783606
1.060059,0.3787178570180527,-0.30082942991112716,-34.729004,53.58485805175637,-33.897279337991726
1.053711,0.38997893184818794,-0.28816067615749796,-32.714844,51.135432294954065,-31.425943198141166
1.05835,0.36891568897254123,-0.2645832829902812,-29.479979,48.40696542231162,-30.414480448326437
1.052124,0.3809284801412381,-0.28039851834538354,-27.9541,45.263812804989335,-29.02264447747174
1.060425,0.3968961406662052,-0.2612857190381285,-25.695799,42.921706100972216,-27.952338285577078
1.067627,0.39022961141626744,-0.23840848640916476,-22.3999,40.938220617624516,-24.551897918810596
1.067993,0.3979118678960353,-0.2407284278694317,-20.019531,40.41140236082221,-18.750507905947057
0.989502,0.38938602844757414,-0.22058361497134144,-17.51709,36.84159370172557,-16.266613876801756
0.960571,0.3831220018972032,-0.22288722721654425,-14.709472,32.924545526853755,-18.656608331374684
0.981812,0.372148774680659,-0.2389634142785964,-11.535644,29.716991631312514,-21.5267066464676
1.039307,0.385873731839886,-0.2034730911471091,-9.399414,27.028824461946115,-21.66614876304881
1.04187,0.3675961223208217,-0.20729883947503294,-8.911133,24.38651013584236,-18.30819742542763
1.046753,0.372675044764548,-0.20924388775479724,-8.972168,20.627018204909312,-17.617678460448893
1.063477,0.3786199325060593,-0.21042104014120624,-8.605957,19.981924837772294,-12.875638947955895
1.074341,0.37124987880058957,-0.21659634761359106,-8.605957,21.438161720820542,-5.470550678660592
1.00708,0.36966287880058957,-0.21934511224520287,-7.995605,19.556598800898335,-1.283227253603503
0.994751,0.38641152300858284,-0.23916360951906432,-6.530761,17.146882789146417,-1.7948658177700683
1.006958,0.3727986087167006,-0.24272186871168483,-2.624511,13.88807523085581,-5.974442080818873
1.00769,0.36976853389985126,-0.21940611224520284,0.610352,9.7203144803,-10.26352945457293
1.02002,0.3609730903447454,-0.20192426735775043,1.831055,6.986878863718789,-12.068290821709953
1.018066,0.34468655023011097,-0.20083738231580595,2.624511,4.6038871943523905,-11.679153467065928
0.99939,0.3408710182540346,-0.1906000775562738,1.953125,3.5516966298152863,-8.252576984088773
0.983154,0.3350362563352755,-0.19850818164963263,0.671387,4.449852013234074,-3.7672382269159264
0.96936,0.327794480838967,-0.20983130474624628,-0.549316,5.441165960448889,-0.4633201040882159
0.953003,0.33346705838195495,-0.210992112231917,-1.403808,6.098388873383519,0.9191653730129795
0.931396,0.33357970805551124,-0.2027409972738615,-0.732422,5.601931099928906,-0.06279671442292943
0.929565,0.35723812504696034,-0.20766141701802085,0.732422,4.1572359025288215,-3.1754321977706232
0.957031,0.3525014059822601,-0.20365765509926176,2.868652,4.007855932044664,-6.1197118962823245
0.956421,0.34067866792759094,-0.1828772380945268,3.723144,3.7577293504847136,-6.186733843867677
0.932495,0.3316105638342321,-0.17905165511254761,2.685547,4.069478292194108,-4.181924837621179
0.944214,0.31466448901738275,-0.17983911768419414,1.770019,5.652010042379378,-2.4174614417093947
0.936768,0.30101757743835317,-0.18760626190547328,0.549316,6.453644181859395,-0.9069203830482497
0.932495,0.3272421094011437,-0.1807580401412062,-0.488281,7.503214211004698,0.17856623353296247
0.928223,0.32720409853644694,-0.1859518768901005,-0.610352,6.937542932044664,-1.0453451620082832
0.932983,0.3186050774250674,-0.17887181835036745,-0.244141,6.90045249033527,-2.574431691524125
0.931396,0.3303480237063118,-0.1736704387607001,0.244141,6.418157937920624,-3.776002360519984
0.951904,0.32641748630453005,-0.15533232924163584,0.854492,5.860664298440606,-4.863679668995859
0.952393,0.3266226094144295,-0.16010304559348335,0.427246,5.173510379630017,-4.466951168995859
0.945313,0.3375464515890293,-0.15851639593321293,-0.061035,4.868920873754059,-3.1634596686253205
0.940552,0.33944910940114364,-0.1596148959332129,-0.610352,4.4177303154634515,-2.480100639480017
0.929932,0.32682114682949714,-0.16317716870338286,-0.854492,4.661870815463452,-2.0572368892947477
0.934326,0.335253954301882,-0.16663711771076586,-1.342773,4.639531820968873,-1.9738611627493612
0.94519,0.3473961815051403,-0.17026416327767746,-1.342773,4.592659542008839,-2.2991863313746808
0.941284,0.3379182883379236,-0.16690635579200677,-1.098633,4.350710599928906,-2.2299741918946636
0.934814,0.32796691690010027,-0.15411263672730655,-0.915527,4.533816099928906,-1.9128261627493606
0.922607,0.33238354000999976,-0.15158882110307773,-1.403808,4.224844344238216,-1.5934869417093944
0.925415,0.3404348686070501,-0.1559555109045543,-1.464844,3.9583634837182324,-1.9329753313746805
0.92981,0.3388823073544643,-0.1508306258758957,-1.342773,3.3867066231982497,-2.8010440582906067
0.930542,0.34382726450040535,-0.1522757088578749,-0.915527,3.211778762678266,-2.9819580003705393
0.935791,0.3517672509095701,-0.16122924898579521,-0.915527,3.297344815092913,-2.46754125018527
0.94519,0.3538904781261143,-0.1604817115707276,-0.732422,3.7245908150929132,-1.7275294708546975
0.938599,0.34514064681621126,-0.15317486395713661,-0.366211,3.7572998730129803,-1.182595720669428
0.929077,0.32365675637513314,-0.15303405374532736,-0.305176,3.5317048438676775,-0.8409157730840745
0.918213,0.3334586094144295,-0.1482627462729425,-0.976562,3.364952756802307,-0.8855968601494447
0.931885,0.3383036896702702,-0.15500682110307773,-0.976562,2.915366396282324,-1.5422332789600341
0.925659,0.33002864411664445,-0.15347162043690443,-1.220703,2.0652566460970543,-2.0381045582906063
0.928223,0.34036460940114366,-0.1580292034188836,-1.098633,1.8516336460970542,-2.4081104479558926
0.928345,0.3471839141606758,-0.16013382110307772,-1.586914,1.6543654250570876,-2.5056490295158422
0.924194,0.3495171440900727,-0.1631725483196219,-1.647949,1.3148770353918013,-2.239168168995859
0.910767,0.3412270611213794,-0.15824539322036024,-1.770019,1.7154004250570876,-2.399933308475876
0.917725,0.33764275636184726,-0.15053759117368082,-1.770019,2.3355323962823236,-2.5465352269159265
0.912109,0.3322319223258057,-0.15502543063542784,-2.01416,2.5328019833476936,-2.4489962793305726
0.920166,0.3516217617742668,-0.15635324356008978,-2.13623,2.81125487301298,-2.821193726915926
0.937866,0.3487050930974557,-0.16213906189717134,-1.831055,2.8924400416382996,-3.2909288900358256
0.933716,0.35324160123601384,-0.16673159931223894,-1.831055,2.794900594052946,-3.093660168995859
0.914917,0.3521571815051403,-0.16201786938284202,-1.770019,2.986183233532963,-2.6402789188105897
0.917603,0.3511417134945025,-0.15889471157072763,-1.89209,2.9780060940529465,-2.776512139850556
0.923828,0.3458448366176879,-0.1514671714428073,-1.89209,3.1447568150929133,-2.73183141881059
0.919556,0.34467598629124413,-0.14543567959465128,-2.13623,2.8052684254276268,-2.4653505582906066
0.92395,0.35110048085225287,-0.14773612860203428,-2.502441,2.7747509254276266,-2.5182084188105898
0.927856,0.36717621076836393,-0.14870014761857497,-2.624511,2.4635893438676773,-2.6909460874359095
0.923706,0.35772174819671737,-0.14676575715092507,-1.89209,2.1137322568023067,-3.052774337621179
0.917847,0.36842728559849913,-0.15336922244871018,-1.525879,2.115923814722374,-2.5606984479558927
0.912598,0.3631910583819549,-0.15950863402773968,-1.098633,2.518637896282324,-2.2293871977706234
0.919189,0.3563929781261143,-0.1561472544247865,-0.793457,3.033054646467593,-2.31495325018527
0.914795,0.35222648356510555,-0.14993583469391297,-0.732422,3.175274315092913,-2.6789735582906067
0.929932,0.34243775364899454,-0.13808241225018678,-0.854492,3.1060630416382997,-2.9209230003705393
0.930176,0.3557899141606758,-0.14522779185313997,-1.098633,2.5671143730129797,-3.2440574771011956
0.935181,0.3591959488628907,-0.13859636669656106,-1.159668,1.9306267568023068,-3.369922366766482
0.938721,0.3632642828989323,-0.13643380544397524,-1.281738,1.8717833147223737,-2.983562198141162
0.938354,0.3564317964764817,-0.14729001906968417,-1.342773,1.8009664774717344,-1.8855165582906064
0.935547,0.3599010958103084,-0.14689701635683144,-1.525879,2.0696388959117846,-1.0539522789600337
0.924438,0.3554469032959791,-0.1509499040983428,-1.403808,1.9415819483264312,-0.9095414184400505
0.926025,0.3583636305125233,-0.14882798436746927,-1.281738,1.6282301748718182,-1.5743546107052528
0.929443,0.35294475363570865,-0.14161175443807236,-1.098633,1.3595577564317676,-2.4059188900358253
0.936646,0.3560962216463465,-0.14103525172521966,-0.854492,0.6434905353918011,-3.402043698511701
0.943237,0.3469962937769149,-0.13775478914028727,-0.976562,0.5399650062464982,-2.8489331748718185
0.939819,0.3605080236930259,-0.14315978642743454,-1.586914,0.9388846981411617,-1.6697020003705392
0.930908,0.36125510396215244,-0.13527380544397524,-1.403808,0.8636864771011953,-1.5558091398505558
0.935303,0.36192268150514034,-0.14510352722152817,-1.525879,1.6348031165812122,-0.0981259417093941
0.925659,0.3527790556823881,-0.1516647517119338,-1.647949,1.5231009479558923,0.31875222691592586
0.917114,0.3560551386643673,-0.14354840953733405,-2.197266,1.8789436165812123,0.32473780847587536
0.92041,0.35601661211399643,-0.13506913948001684,-2.01416,1.7770219191811283,-0.4621457498147307
0.918091,0.3546655692732234,-0.1256912143234379,-2.319336,1.197187919181128,-1.4664476977706231
0.931152,0.3476195665603707,-0.13374524901236695,-2.13623,0.536170116581212,-2.0010141165812123
0.928101,0.3578427910507763,-0.13654610477780194,-2.319336,0.4162908084758755,-1.720369168995859
0.920166,0.36718320534265847,-0.14038803266051944,-2.563476,0.5383608084758755,-1.508937726915926
0.923218,0.3720657964631958,-0.1419391367671641,-2.319336,0.1661642269159258,-1.7873911165812124
0.921509,0.373775753609137,-0.14898740411162864,-2.01416,0.18251813985055554,-1.5149233084758755
0.922974,0.37346804751725826,-0.14683636669656105,-1.89209,0.45717613985055566,-1.0392016977706229
0.914917,0.36830075633527554,-0.14089237756125772,-1.953125,0.8211964479558922,-0.8969820291453031
0.917725,0.3566306842312789,-0.13669153537337214,-1.708984,0.9350893084758756,-0.8217838081053368
0.92041,0.3572216332386619,-0.13322798166790242,-1.770019,1.1078269771011953,-1.1329453896652864
0.920898,0.36663144071104675,-0.13499571703629062,-1.89209,1.121989698141162,-1.35255483725064
0.915771,0.3587145930974557,-0.14480209933881064,-1.770019,0.7803111165812121,-1.5781495003705392
0.925903,0.3575572080687971,-0.13948274901236693,-2.01416,0.7132891689958587,-1.3280229188105894
0.932007,0.37156231758786135,-0.14305718775978116,-2.075195,1.3296271165812121,-0.6267062789600337
0.924194,0.35838398899081103,-0.1475707224487102,-2.380371,2.2347854191811285,0.3307238900358249
0.937256,0.36339789785698784,-0.15060637754797188,-2.685547,3.412412395911785,1.271799646097054
0.925293,0.34805159582359424,-0.1456929523781071,-2.746582,3.786800535391802,2.0423289254276265
0.920044,0.3507040556823881,-0.15525875713763923,-3.112793,4.272890477471735,2.395981402158283
0.912231,0.345778149529064,-0.1562206768685127,-3.295898,4.293039646097054,1.8205287859476096
0.911499,0.3483165611080935,-0.16769401904311246,-3.356933,4.166586896282324,0.6249441985117002
0.942505,0.35829755023011095,-0.17726243877398595,-3.417969,4.824827512863536,-1.164637609964175
0.960083,0.3737725876186068,-0.19733288776808308,-3.784179,5.6847191002994455,-1.8725276915241251
0.981323,0.3627396678877334,-0.20985046529778517,-3.417969,6.91082032170995,-1.9461220808188726
0.992432,0.3515595100756189,-0.22482106666500543,-3.112793,8.505325467065926,-0.8933441561323239
1.025513,0.34900762503367444,-0.24364506121272828,-3.234863,12.355351694352393,1.7467768800005554
1.061768,0.3482166461317682,-0.2887170768585449,-3.540039,16.53289428215884,4.832102892864091
1.074951,0.33049707945347695,-0.30329426663344977,-3.356933,21.955084928255896,8.608378580228907
1.103394,0.3292163869391477,-0.3018504911371413,-3.784179,27.68025938245829,12.421155617102862
1.141968,0.3601509855935152,-0.2812301945560249,-3.662109,32.817422831155255,15.093399717031769
1.202026,0.381064210070635,-0.2872434272115604,-3.051758,36.49631708758702,16.704689484844913
1.242065,0.3783686433790579,-0.2975262856765622,-1.953125,38.625973279852225,18.92852021250192
1.286621,0.3826740896470165,-0.32693503399120016,-0.244141,42.5914984314547,20.303845253769683
1.260742,0.3989940760296095,-0.36482998839771685,-0.244141,44.82788804840645,19.29457369584961
1.329224,0.42013591550464235,-0.31966724826149456,2.441406,50.013372189232584,14.115935689603113
1.494263,0.41451844542573735,-0.24467899184815606,6.16455,49.38869908551491,6.4421741358423565
1.643311,0.4880823461134984,-0.18171657825400275,7.995605,41.63958266008728,0.34452877323518605
1.781006,0.6374400753185948,-0.13615540276766208,9.216309,30.454695042530492,-3.769470857321181
1.822388,0.871986068444288,-0.1337178259622607,9.94873,10.231952678441163,-12.673244100299447
2.173096,1.2321963282300028,-0.06499135460581841,24.719236,-21.733757570783606,-28.61076835198194
2.394775,1.5602444036665182,-0.01730342062458627,52.185055,-72.34855627963282,-34.97935133058036
2.622192,1.806874092059251,0.06343573032650734,91.00341,-124.75215034767095,-7.825124755637442
2.481323,1.9072771450935635,0.11160691941696914,135.375977,-164.28882206477044,62.855491068174786
2.290527,1.857762404983913,0.16866687382348594,172.790512,-184.34464941787905,156.047467104761
2.094971,1.636651200985221,0.2761690343750249,203.857407,-200.18092806039928,231.15732189309804
1.872192,1.3191718289675893,0.31343663168542574,221.923813,-216.8679005485709,278.42645171908083
1.651001,1.0344949058909112,0.3013197371742425,216.674789,-229.82244909623626,310.4318734454068
1.331177,0.7228773542919142,0.27769430527456335,205.261215,-242.87865438048226,329.8100505390434
1.043213,0.5129604971957985,0.21635364341891547,196.411118,-254.80441236628772,336.13157178885814
0.850586,0.4608100455021345,0.17119241144782307,183.5327,-262.32851312271947,327.8601889974509
0.737427,0.42863096046517396,0.21457860122272793,178.894028,-270.81224174004177,320.00187599462265
0.683838,0.4573073026530595,0.26864148286737666,173.400864,-273.2339289149136,320.2019227677067
0.525879,0.3722031727602022,0.3988248059590064,167.358383,-272.3930131418295,323.7336276115744
0.424438,0.35774259044938017,0.490478342689631,158.630371,-272.76638444368837,319.7910315466667
0.357056,0.24685550886285884,0.6211702834787407,150.146484,-270.7529679544647,314.6113772027991
0.074951,0.014945979019826857,0.7893151950311985,136.84082,-272.30717376257,312.407695777742
-0.331543,-0.16822521209904465,0.8009113855304041,110.168449,-262.89391107483465,314.795929017892
-0.849854,-0.33924721952658793,0.7014685794534771,78.125,-247.18632166360163,307.7005139425785
-1.060181,-0.45371362020106315,0.5893889577257495,50.537106,-223.09199779496737,284.97998305707256
-1.178833,-0.5516024113697601,0.456462597930067,32.226563,-200.111243504937,251.90790108366167
-1.22522,-0.42385981686356067,0.2585292619054733,17.822266,-180.86017767585386,210.91090519948673
-1.139282,-0.416301571301633,0.16395452723481402,8.789063,-157.45068373356193,170.40262008701217
-1.124512,-0.425228753609137,0.05986819390978722,2.13623,-131.24615117094584,133.63688187405631
-1.171265,-0.4917014964847837,0.00479402593070504,-7.324218,-96.51044084227902,106.88686500030224
-1.168823,-0.5219483441116606,-0.0654170509278398,-15.502929,-51.998445802833814,85.83935595487516
-1.124512,-0.5222464434106135,-0.1086593740593272,-27.038572,-15.64908897152746,62.73872480914865
-1.07251,-0.5691614753734041,-0.15134459305759804,-36.010742,10.863555195683439,35.66193354975257
-1.001587,-0.5930697318664577,-0.1988569080239555,-44.677731,35.6640069314547,8.305078006768147
-0.866211,-0.5789404515890293,-0.25959027670906865,-53.649899,59.49008749309523,-20.251153915241254
-0.703125,-0.5819667563618474,-0.27264399033477754,-62.927242,80.52447462417324,-48.393714698141174
-0.547852,-0.5530276577340515,-0.29893600118618835,-72.08252,102.71810187585574,-69.52353669398187
-0.473877,-0.5214626448143734,-0.34069979506773795,-81.115715,123.82582096168852,-84.5996528054282
-0.394409,-0.46437598224771076,-0.37365879506773797,-89.294426,144.78590037287577,-97.1238243345735
-0.292847,-0.4152663598089685,-0.4128664338633117,-94.482414,162.85558727407354,-112.70120854483713
-0.171875,-0.3741019108680148,-0.44776751683200505,-97.839348,175.97939400002898,-130.49745250676818
-0.060181,-0.31505806937785813,-0.5037045834970104,-99.914543,185.45540946367666,-148.02005827042203
0.070313,-0.24595545240467884,-0.5651673399634924,-98.69384,191.46177628710325,-167.76809376335106
0.236206,-0.16668300956058776,-0.6449054413174269,-94.116203,196.89649524039095,-188.38421241139926
0.43396,-0.12574279326188367,-0.6689649066152119,-85.388176,198.24580324358976,-210.09499239479962
0.609619,-0.08029341912449352,-0.6461522814370452,-77.392578,195.5397925416598,-227.8434644163674
0.82666,-0.035619341581505586,-0.5797605093513184,-72.387695,195.7319350021087,-237.39835991257863
0.936401,-0.0639434667331006,-0.5004013331938204,-69.091797,189.8862932456769,-242.7625664375646
1.032715,0.04441048698897303,-0.502912780146222,-69.946289,183.69255611660273,-242.99238583384695
0.988159,0.2343752848874843,-0.5698800985364469,-71.716309,170.70274734730742,-251.20916860287014
0.999146,0.37221925152923596,-0.6177493447961037,-63.84277,155.20830902009203,-264.2523770203497
1.044922,0.1675061855619595,-0.7718827760246256,-52.24609,137.29641761719267,-282.94758298982754
1.451294,0.4924850923864409,-0.09743079801643187,-39.489746,120.3859133096315,-285.87021763213585
1.516235,0.07673568909046181,-0.050927887741511337,-58.898922,119.71194734672491,-257.00826292246217
1.753662,0.3062557189467796,-0.2014835346756432,-85.449211,162.15328422977316,-178.6148990998757
1.618286,0.603961004518707,-0.5208028543832631,-106.872551,175.08319742017062,-97.13760051665233
1.45874,0.7841917813589822,-0.49574399180829853,-99.060051,162.71239320633762,-83.65235394549818
1.382935,0.7047818568868462,-0.477524015619245,-79.162598,142.70562068476988,-84.85783444832646
1.40332,0.6518911569051161,-0.4338793952354841,-62.07275,122.50041857826973,-89.82500507398242
1.448853,0.5306164065886402,-0.40882542445885006,-49.621578,112.60036314413787,-75.72240408364716
1.390137,0.4305836263510693,-0.43169728225269466,-43.212887,103.35255545079865,-63.05353686713703
1.324951,0.37514592093034776,-0.4058922046964209,-38.94043,87.46886382477213,-59.80317977517127
1.283447,0.319577413449661,-0.39227568295374166,-36.376953,72.67664539688677,-57.95823364892533
1.236572,0.31609298558022936,-0.3792688890589062,-35.15625,62.81993894684369,-54.52273601569181
1.189819,0.3226668331938204,-0.3717886509909512,-32.775879,55.42960768694103,-51.45404124260774
1.156982,0.32316845631700575,-0.35431781425534276,-29.174803,48.23156910991093,-51.10402577286466
1.149048,0.3126146304726657,-0.29325157683197317,-24.29199,41.68797316172054,-51.69567241933225
1.123169,0.3036263951308492,-0.27171165711438555,-22.216795,37.06100123004642,-48.60142489018694
1.098999,0.29868640870839863,-0.27928996458677036,-21.484373,33.95712888030278,-45.18842550015112
1.070313,0.2876841733665822,-0.2612383951956264,-21.850584,29.92794905933391,-42.15740366290048
1.036255,0.24603855090126817,-0.2525587292183822,-23.193357,26.970678994055724,-38.12427366766482
1.036743,0.25063335294794753,-0.25436629862281196,-25.451658,26.39261017258027,-33.63236223673177
1.025635,0.27600469239640874,-0.2453338496420007,-26.916502,25.29354732908313,-30.531110922379938
1.052246,0.28022072165963235,-0.2507274727519002,-26.18408,26.158994520607255,-26.59070641539236
1.040405,0.3011470692599375,-0.24011597549132463,-24.963377,26.93069852023672,-23.300951879630023
1.018433,0.29583114139050587,-0.2302814326505516,-22.949217,26.35583376417549,-21.489028844608757
1.013916,0.3026806706404436,-0.2528416999817303,-21.545408,24.332479287074293,-21.941823600669988
1.031494,0.34012278015950786,-0.2158220639521527,-19.287109,21.656281548776988,-22.792950054501837
1.077759,0.3683293787873037,-0.24338280202010776,-16.723633,20.523923519261146,-22.068705693981855
1.043335,0.3673887318266001,-0.2572180503480316,-15.563964,16.380263477622844,-20.94495341539236
1.031128,0.3692728386460975,-0.2559086816097751,-14.648437,15.1324078898164,-18.955912693981855
0.996582,0.3637120447512621,-0.24649625916604886,-13.610839,15.198412133755168,-16.033971989964733
1.010864,0.3344331570363225,-0.24227878027742847,-12.023925,17.522130383569902,-11.032611918810593
1.005249,0.30892914409007266,-0.2334730264972275,-11.474608,17.091678586104866,-9.092634302229378
0.965698,0.2817915774383532,-0.2209066707317925,-11.291503,16.756571580228908,-7.842000662378823
0.932129,0.26534064685606884,-0.22620851833209765,-11.718749,16.04868149866896,-8.701892249814732
0.944458,0.2905881788188593,-0.22105251020682537,-11.901855,16.206668586104865,-10.62551658743591
0.971191,0.32897756109480764,-0.22291814963369874,-10.681151,14.546747556959563,-12.768162146467594
1.029541,0.3645305420516952,-0.21920058025584066,-7.629394,13.179442138519512,-15.502614600669986
1.020874,0.36394207404105744,-0.21533783674889437,-5.554199,10.411693632273014,-16.51231563606179
0.994019,0.3480189032694074,-0.20727157754298794,-4.516602,9.092434347066481,-15.2572997463965
0.973022,0.328450793763629,-0.19160453741506764,-4.333496,8.11923689323463,-12.792535182229935
0.965088,0.32067717065372947,-0.1999428476003052,-4.516602,7.8293983345734866,-9.87658229182357
0.969604,0.2948403046548974,-0.20123561221863115,-5.554199,7.8202043574722895,-6.840748727286465
0.926758,0.3093984434371853,-0.21654817618406966,-6.774902,7.574460525727071,-5.923617529515843
0.93103,0.32743425904812823,-0.21582522718997255,-6.774902,8.220727747137577,-7.001513866766483
0.94751,0.3279504781261143,-0.20541110951906427,-5.798339,7.386384915762897,-9.0569900416383
0.980347,0.3569334753866899,-0.19451708570811782,-4.394531,6.1253830785122565,-10.02040529219411
1.009399,0.37320322914031917,-0.1995410455801975,-2.868652,5.582641752272459,-9.495620844608757
0.973755,0.3722527747072307,-0.19532728094858567,-1.953125,3.759332682229933,-7.52672879182357
0.949341,0.3636152427311544,-0.1934419251831507,-1.770019,3.8841821002994448,-4.991149256431768
0.939453,0.35642154479111965,-0.1939397755095944,-1.342773,4.470589042008839,-2.5106186394800174
0.900635,0.3390351386510814,-0.19475591430516812,-1.525879,4.769778960448889,-1.6261964996294616
0.921509,0.3233064917169496,-0.19074872992939695,-1.342773,6.660694240150001,-2.0131431623788223
0.931763,0.3405647107683639,-0.19479261768419415,-1.159668,6.709169850855253,-3.027812941709395
0.966919,0.34661716790101915,-0.21604745441980258,0.183105,6.883511217251196,-4.678970837250641
0.964478,0.354970167914305,-0.17985163400116796,0.610352,5.40509149033527,-5.1644729191811285
0.954956,0.34614963593822873,-0.17828324353351807,0.488281,3.9555854316741246,-4.257123058661145
0.964111,0.3292786413905059,-0.17234866326439158,-0.12207,2.62814987301298,-3.1383408900358254
0.942017,0.32397337133318865,-0.1668896605515389,-0.976562,1.491995587806448,-1.5661778372506399
0.928589,0.3270086760927208,-0.17554835849157363,-1.647949,1.3437903376211786,-0.8463148605199834
0.914307,0.32015618153171205,-0.17398922722983012,-1.831055,1.7078106457265154,-0.7040951918946636
0.914917,0.3180192243857709,-0.1676805455801975,-2.13623,1.461478087806448,-1.619035697770623
0.933228,0.3285155665603707,-0.16683434764016278,-1.953125,1.1579067855770706,-3.4876106169517516
0.931885,0.3415945182673205,-0.16761893877398595,-1.342773,0.1955070066170368,-5.398675931303586
0.951416,0.35329063593822874,-0.1659146687166687,-0.488281,-0.4796743830482491,-5.713632402528822
0.960693,0.3680074780995426,-0.17948635036630134,0.244141,-0.6398521623788218,-4.28208445457293
0.945557,0.364372389691858,-0.17992450817841574,-0.12207,-0.38096108118941086,-2.2467579483264313
0.918701,0.3349782216463465,-0.1776127006794592,-0.427246,0.6953310582906062,-0.26049527896003366
0.890747,0.32056376451369123,-0.1708412727967417,-0.976562,1.2588107793305727,0.4713402269159258
0.906494,0.32101565225520257,-0.18153258026912653,-1.342773,1.9824686457265155,-0.22837358118941095
0.904419,0.32368480735446425,-0.1771534680239237,-1.464844,2.356269425057088,-1.289915639480017
0.896118,0.32476957742506735,-0.1681945911471091,-1.403808,2.9131757043876605,-2.0343096686253204
0.914307,0.3434936039621524,-0.16603762586260987,-1.037598,3.4090469837182322,-2.8844194188105896
0.94397,0.3455491869441316,-0.16003525169864793,-0.793457,3.292963431303586,-3.4516940295158425
0.954102,0.34186909309745567,-0.17397936121771218,-0.488281,2.5671143730129797,-3.2440574771011956
0.930176,0.3406812828989323,-0.1755487088313032,-1.159668,1.5322949250570876,-2.717081337621179
0.924316,0.3352235291320172,-0.17352581565080058,-1.525879,1.1541118959117842,-2.6396915586611454
0.91687,0.3405120128283292,-0.18292189319378852,-1.647949,1.2009841748718182,-2.3143663900358256
0.921387,0.34168960667500514,-0.17331224082066538,-1.953125,1.8233068379917174,-1.9688919188105896
0.918335,0.3491167053426585,-0.17168012857546255,-1.586914,2.2036814250570878,-1.554205808105337
0.912476,0.3567613338782635,-0.17186524354680394,-1.098633,2.915366396282324,-1.5422332789600341
0.930786,0.3491357563352755,-0.17408713128831527,-0.061035,2.85812628594761,-2.4958680582906063
0.92334,0.35104505838195493,-0.18054612313647128,0.366211,1.9916617568023067,-3.2642066457265155
0.931396,0.3530215475172582,-0.18225074353351808,0.488281,1.436360175242357,-3.859807198511701
0.933838,0.3503572134812167,-0.18198150545227718,0.488281,1.2189417855770708,-3.381894895911785
0.920898,0.3417046440900727,-0.17670419525375378,-0.12207,1.6402013379917175,-2.2860399479558926
0.923462,0.33948859309745566,-0.17810250816512987,-0.488281,2.7202888671370204,-1.1476954708546971
0.923706,0.3396309515757434,-0.17663393604784738,-1.037598,3.3306403671370206,-0.0905356623788217
0.920044,0.3357707645004054,-0.16622997618905355,-1.098633,3.6864830357623406,-0.08455008081887208
0.926514,0.3369152270853378,-0.16082970884458905,-0.793457,3.5398819833476938,-0.7046825520441079
0.921875,0.3417036869441316,-0.16669585307915405,-0.671387,2.89302603576234,-1.4588579184400505
0.912231,0.348234336604402,-0.16905643606113324,-0.244141,2.2238302276570034,-2.1296570582906065
0.915894,0.3497718604419202,-0.17078936665670344,-0.366211,1.6864862568023067,-3.7927861169517514
0.937012,0.3423446706537295,-0.16241363672730655,-0.244141,1.8510462859476096,-4.240181785577072
0.929199,0.3402859570147347,-0.16207143334828056,-0.854492,1.2941400066170372,-3.4957877564317683
0.933105,0.3474115692599375,-0.15998351090455432,-1.098633,1.6216558671370203,-3.0505836457265154
0.927002,0.3494000236930259,-0.16239940679790962,-1.281738,1.890328785577071,-2.2190185003705394
0.925659,0.3471967454838647,-0.16084559659938624,-1.220703,1.9982351985117006,-1.7879771107052531
0.92395,0.3448820665470848,-0.16021473812109852,-0.671387,1.9453773379917174,-1.7574596107052531
0.936523,0.35029560667500514,-0.15840621157072762,-0.488281,2.0451069774717343,-1.462652808105337
0.938843,0.35490237401946967,-0.16092505647146593,-0.366211,2.1775461748718183,-0.6229113892947475
0.922485,0.3492907964764817,-0.15965859388653353,-0.610352,2.0740211457265154,-0.06979999962946125
0.918823,0.347127793763629,-0.15925502448210374,-0.366211,1.5715760586611451,-0.6959184184400505
0.921997,0.339812903309265,-0.15630078640086284,-0.366211,1.1912023376211784,-1.1106050291453031
0.921997,0.33772236589419735,-0.15650370341888362,-0.427246,1.022260058661145,-1.647361639850556
0.924561,0.3375614890040969,-0.16190835036630133,-0.915527,0.8249913376211785,-1.7449010874359092
0.930786,0.3422226121139964,-0.15896104831962193,-1.281738,0.7601614479558922,-1.0026977501852696
0.904541,0.3455076039621524,-0.16254927553616613,-2.01416,0.9372800003705389,-0.32970741844005047
0.913086,0.3466946066750051,-0.16464332652878316,-2.01416,1.6489658376211787,-0.31773538929474743
0.918213,0.34721756110809354,-0.16959754288063064,-2.197266,1.4860100062464985,-1.21033516862532
0.909424,0.3441027964764817,-0.16864447347620085,-1.953125,1.5203228959117845,-2.0053955003705393
0.912598,0.34610533117869663,-0.16444398162804486,-1.831055,1.8576192276570036,-2.7639531165812126
0.919189,0.3508284114345372,-0.17139936665670344,-1.586914,1.9693218962823236,-3.1808304191811287
0.924561,0.34180925092285597,-0.15674901090455431,-1.586914,2.4859297043876603,-2.774321447955893
0.916992,0.34000298900409687,-0.15767954831962191,-2.01416,3.307712646467593,-1.8392316394800172
0.920776,0.34080363323866186,-0.16166479182656826,-2.868652,3.8793703730129803,-0.9711634125640913
0.911743,0.3406170611213794,-0.15930194421297725,-3.601074,4.243389315092913,-0.8289441099641754
0.905029,0.3434255182673205,-0.16444755374532735,-3.845215,4.599232483718232,-0.8229576623788217
0.902466,0.3405335291320172,-0.16432862586260985,-4.02832,4.680417152343553,-1.292693691524125
0.90564,0.3423048366176879,-0.15759863130160115,-4.577637,5.198628792194109,-2.2261788022293776
0.916992,0.3502119835651056,-0.15342505104576049,-3.967285,5.383338489964731,-3.2490262210399674
0.934448,0.34542709582359427,-0.1502387197225716,-3.784179,5.350628932044664,-3.7939608372506406
0.921387,0.35128136588091147,-0.154746826542069,-4.272461,5.29777107152468,-3.7634433372506404
0.930786,0.3518989515757434,-0.1553851367405924,-4.760742,5.403486792564648,-3.824478337250641
0.938354,0.3501205583952408,-0.16041940408505692,-5.432128,5.794229711004697,-2.781481749814731
0.942871,0.36184594341061355,-0.16916244150012452,-6.04248,6.754437932044664,-1.3624923251281824
0.956055,0.35514959579702254,-0.17685485579200677,-6.530761,8.159850629815287,-0.2710201269870208
0.956787,0.35068710122272795,-0.19288412312318542,-6.591796,8.78816024052054,-0.28138795836170116
0.994629,0.34277332572641944,-0.20537118436248536,-5.798339,9.884015554501836,-0.7026488768017513
1.018311,0.34416893254591685,-0.20490792244372627,-4.943848,10.673089804687105,-0.3124941845365498
1.041992,0.34645489240471067,-0.21510852382423237,-4.699707,11.395143973312425,0.32778832133941
1.080933,0.37009002846086,-0.2322772673311787,-4.455566,12.577152333832409,2.253016856731212
1.137207,0.40910258964701646,-0.2811595292233661,-4.455566,14.322639415392358,4.910079165948165
1.228394,0.4527308270438143,-0.3442652054074357,-1.647949,17.32533407851226,9.378478882087743
1.311768,0.47361469030322195,-0.3908572931838207,1.403808,20.06651772312716,16.323610227437577
1.407959,0.46950995220869524,-0.42189290811530455,5.249023,23.25509630431657,23.433304333983518
1.451416,0.4123083753368645,-0.39084094553037213,9.216309,21.401859460448893,27.181411961946115
1.355469,0.3623754855536577,-0.3425612476036232,10.742187,14.83095463985056,23.856912960970543
1.393799,0.3455054509045862,-0.2856010047412624,10.864257,8.814609890035827,12.459736178441164
1.52124,0.482153599840556,-0.26864546802392375,11.535644,-3.1160005295158424,-2.711525233532963
1.675537,0.7311915446599133,-0.28627309458426253,15.014647,-18.559770688105896,-16.27732580862699
1.828735,0.9617523343800088,-0.3356600925558529,25.146482,-40.53719411085637,-24.802327796285105
1.916016,1.1382079615467275,-0.32519598102166486,38.208008,-68.16925047740342,-26.39780734075167
2.076538,1.309966904364247,-0.2881987654074039,60.974117,-99.37358644998984,-14.16111666172054
2.136475,1.4953341383371774,-0.2859812981077809,90.515129,-125.03959775927453,27.93188372296099
2.163452,1.6352120600831748,-0.21704563078657008,123.474113,-143.33831254528988,83.88405000037056
2.045776,1.6953097845602945,-0.15518931857292279,156.982422,-161.24308244552714,138.19922683532965
1.907959,1.612688902995361,-0.04560888320951855,188.537582,-182.1953859786274,181.37654658039511
1.806274,1.446162153363328,0.04193632560849889,218.261703,-205.61555915162396,207.5841087227034
1.59375,1.1869357758934191,0.14494506916858862,237.426743,-228.46042773468116,226.97559564461434
1.357422,0.8818795936772641,0.20421826240721844,238.46434,-240.91223361972501,247.76677320573322
1.134277,0.6187059808123954,0.2505861937138036,228.210434,-243.31752307712622,273.7520556586046
0.856201,0.34470744551708626,0.3106748093828739,218.749985,-243.89469046924924,293.7484664109755
0.765503,0.17212126463161184,0.29177477540495966,204.650864,-238.06481613162808,300.67227696547735
0.68103,0.1715499891087316,0.24854929717421065,187.011703,-232.42681229363632,305.3106340661473
0.544067,0.2110801707317925,0.26477158017777763,176.208481,-228.7217824209939,305.9906280491245
0.482544,0.21807277482515133,0.2573511257446892,168.823227,-222.53739715169857,302.4200715491245
0.353149,0.23249074828806632,0.31259778832463775,166.870102,-225.36575081444795,296.300515303469
0.178101,0.1392485945709766,0.4548096406794911,161.987289,-219.54084608679094,300.40810224101915
-0.061768,-0.002880184955579507,0.5433513733217408,144.592285,-212.0094620843332,293.31123998458736
-0.416626,-0.37054213384504187,0.6238281978354001,125.793449,-198.4861766531212,278.52631143670254
-0.732422,-0.6680342895373979,0.6442006693230489,95.520012,-180.89279822277814,261.3915147548432
-0.981812,-0.8518977432461855,0.5376538258443401,60.546871,-160.67565666923682,240.13421710938874
-1.085571,-0.8859803316671561,0.4627510510457606,29.96826,-140.64672988590547,208.90733591919565
-1.19812,-0.7889600146989607,0.33611716940111186,4.760742,-126.03636873206472,166.2200597545785
-1.233765,-0.7338785528250431,0.2506130599219052,-15.197753,-100.42322221150324,124.15758086989699
-1.22876,-0.7027496365180371,0.11776192455019892,-34.179688,-62.199451503803246,93.56131979249635
-1.256592,-0.664985482156362,-0.04485464139050576,-50.537106,-20.225824078073398,70.31451707182691
-1.234131,-0.5674175794800488,-0.15052007676719598,-62.927242,14.793748619999446,41.00438224424099
-1.105103,-0.5003995692997951,-0.17018347811282844,-69.335938,39.02880540365551,0.58327191785008
-0.922363,-0.46195741485840475,-0.20125771346793078,-73.486328,62.439026366342695,-31.256729958361706
-0.764771,-0.43467361012544437,-0.21137277744665514,-80.13916,81.8597737890098,-63.04868270133998
-0.619507,-0.42337331081818935,-0.2408720849057541,-88.98925,98.24908152131017,-93.86568500811428
-0.47937,-0.42186923600134,-0.26683095090458614,-98.937981,115.49682959775029,-117.21436502357159
-0.340454,-0.399500105384182,-0.2996204801545239,-108.093254,132.0390208107964,-134.0946453740563
-0.195068,-0.3236647292183822,-0.36919775562426077,-115.356438,149.5834927869371,-145.21063451941228
-0.028687,-0.19395667418223175,-0.458744814150708,-119.079582,166.30794353542078,-151.7654980943552
0.123047,-0.12176010820166942,-0.5124086937403753,-118.286125,178.5121540448661,-158.4592154257299
0.250366,-0.08517868100339505,-0.587231803219582,-116.638176,189.9137139432356,-163.49140839621404
0.390747,-0.0017145640567874428,-0.6672757120591871,-113.952629,199.7289606921356,-169.44015233829398
0.581909,0.06895031483515096,-0.7282305515076483,-108.093254,205.62057196804795,-179.2551122699681
0.766113,0.06783476925495352,-0.7577507331307093,-98.632805,204.06284259712217,-192.45122668485388
0.67749,-0.032189510995903184,-0.8023358685157012,-88.195793,195.00992290596855,-212.52587354677263
0.55896,-0.09537379872744671,-0.6732482651067855,-83.374016,191.99670302879628,-224.4587914684115
0.881958,0.01068554347372474,-0.4634260957970226,-80.26123,195.72172418738631,-231.19045956246444
1.223511,0.11913856183239414,-0.3585879577656071,-77.148438,188.5099522328134,-235.62497500038506
1.405518,0.1217248883744631,-0.27085630878977973,-77.636719,180.93842590975734,-220.54099928276335
1.333862,0.28944557675391014,-0.34851955503615045,-85.388176,180.2742247937203,-192.8828053621834
1.347412,0.3077249481518759,-0.4120727550444524,-88.134758,176.9650649661344,-182.8673683139281
1.317749,0.7617635657712929,-0.2552948007292847,-76.416016,162.3463280836761,-172.6653033368269
1.341553,0.5689391174616388,-0.4291185421430442,-65.734863,160.32837319401082,-175.30601173310922
1.071289,0.5337827290356844,-0.6194071931074236,-57.678219,128.1418822769018,-194.9218353188962
1.357056,0.49368703864111363,-0.15394296603537166,-47.851559,107.79412897809065,-213.19740585231432
1.587646,0.4338507481701457,-0.058362461267537594,-58.1665,111.97395076878756,-158.5944601442438
1.622559,0.4123499590564302,-0.16054492041531662,-73.852539,116.61533880555619,-104.04658224691818
1.516968,0.5285444256716101,-0.28936820067945923,-84.533684,131.95069733603253,-41.71836011984834
1.383667,0.652929967143497,-0.36738412312318547,-82.458488,131.63155064195223,-9.67835040906307
1.378784,0.666263573909851,-0.4331556387557163,-68.603516,107.29930237718679,-25.089640666016493
1.294312,0.6440009086303357,-0.33572970613173636,-56.15234,78.70891458216441,-41.284450935092366
1.300903,0.5152262596943659,-0.3390479408156815,-39.489746,49.30316546627161,-63.77433443844229
1.346313,0.496953016845291,-0.26718212584932405,-34.667969,42.577210492959175,-56.01485018163998
1.285278,0.41403427400950177,-0.2855576013406486,-33.02002,34.90098318840812,-44.04190388356991
1.217407,0.37700160597727617,-0.2747480639122951,-34.606934,37.06863208186218,-24.784495867137025
1.143677,0.3551583012310299,-0.2769377775380041,-35.583496,42.04374095866393,-7.5003625193294665
1.060181,0.3601770311604268,-0.27532508231082203,-34.667969,44.98497360841371,1.8664558669175932
0.981201,0.35244957131491883,-0.25282143537669016,-30.334471,43.503189835329636,-2.77526491389514
0.991211,0.3383024379716223,-0.22336898910873162,-24.597166,38.47478865643455,-15.02474323658066
1.022339,0.31682859853644696,-0.2039227700440314,-19.165039,30.361495040223875,-28.100815996581773
1.022095,0.3208800291320172,-0.19836948640916477,-16.601563,23.197028806184328,-37.21414552304992
1.035156,0.32390859853644693,-0.19165985032644375,-15.441894,17.52252052060725,-41.549518181639975
1.063232,0.3327512536224228,-0.19831592244372626,-15.502929,15.0180453453649,-39.5397404314547
1.07312,0.33068098356510556,-0.1872537353683882,-16.113281,15.878678577551753,-31.579349946624852
1.076904,0.3440610128150433,-0.19850284490073833,-17.51709,18.9643186237199,-22.084472612792442
1.009399,0.3730879644954215,-0.21512068980147664,-18.737793,21.12785959420406,-15.651563727657008
1.00293,0.371163475373404,-0.19159800273942448,-17.39502,22.416170535913455,-11.955299720669432
0.971924,0.2819495828906303,-0.1854769972605756,-15.563964,19.495834529666954,-13.229290058661146
1.01709,0.36377682030071407,-0.16069206462330993,-14.404296,21.540512029666953,-9.687804743568234
1.018555,0.37070072914031915,-0.20387550272613864,-10.681151,8.109728748854225,-23.429123771382493
1.019043,0.41064603933884253,-0.13517619593819685,-9.277344,7.58611902156776,-20.307722422379936
1.030151,0.38480600734948034,-0.18481444421297724,-6.896972,3.419529393234629,-20.932667352942442
1.028564,0.4175571753949918,-0.18131175715092507,-6.103515,3.329152113533518,-17.427097393234632
1.009033,0.427041362457044,-0.20370266329096332,-5.310058,4.677482083647138,-10.453051379630018
0.986694,0.4177739134629469,-0.20046635580529262,-4.455566,5.343469496211229,-7.102261343867678
0.978271,0.38875857674062425,-0.19823239320707436,-3.234863,5.602359711375236,-5.066934337621179
0.97229,0.3667658121355842,-0.18652097890190628,-2.685547,6.182781071524681,-2.2305610520441084
0.974243,0.35130233116541076,-0.17717051360412117,-1.953125,6.132113902899361,-1.7079671623788222
0.967285,0.34775428832463773,-0.17159790407177106,-2.13623,5.786639931674125,-1.0856436332335189
0.967041,0.34851021892020795,-0.17175259387324768,-1.831055,4.086420431303586,-2.077386191894664
0.953003,0.36235743254591685,-0.17340451633025974,-1.159668,2.5000929254276265,-2.9939300295158424
0.966553,0.37365662504696034,-0.17922374083395123,-0.793457,2.11971870438766,-3.408617506246499
0.961792,0.38225161689511633,-0.1736147782623047,-0.12207,1.2576369250570876,-3.1928029483264315
0.939575,0.38417689781713027,-0.17980009388653354,0.366211,1.0521901985117004,-3.4265751169517515
0.951172,0.3726945556558164,-0.16062609389981938,1.403808,0.5944266985117003,-4.219444756802307
0.942383,0.35334710667500513,-0.1531208585314312,1.647949,0.015180058661144875,-3.3916753671370206
0.950928,0.3529770930974557,-0.15473974084723707,1.220703,0.5323752269159259,-1.1530950582906063
0.945923,0.35432009309745566,-0.1524135966126721,0.366211,0.32751586051998327,0.4452041107052527
0.931763,0.353568633225376,-0.16128316329096332,-0.488281,0.1591609417093941,1.7405188376211786
0.924805,0.3633643577157816,-0.16482447077663398,-0.854492,-0.24136244795589207,1.9012839771011956
0.929443,0.3723705957837367,-0.1687552088578749,-0.854492,-0.27187994795589215,1.8484261165812124
0.920044,0.37018994068447497,-0.17228821428358032,-0.610352,0.19785558118941096,1.9296099191811282
0.89978,0.3739257134679308,-0.1628876660171019,-0.244141,1.5236878081053369,2.1508226985117007
0.909058,0.36453617335329636,-0.14985482655535487,0.427246,2.324735087435909,1.8292932855770707
0.922852,0.35390848085225285,-0.14287252993438088,1.281738,2.855506116581213,2.016193675242357
0.913818,0.3517454195996671,-0.13880506192374303,1.220703,3.0467878900358256,2.4695754254276263
0.91333,0.35088383390483513,-0.13858937212226644,1.220703,3.3132696165812128,2.809063315092913
0.910767,0.35324537403275547,-0.14206706463659577,0.915527,3.191199616581213,2.59763187301298
0.917969,0.3557572243591992,-0.14577241225018678,0.427246,2.778116337621179,1.638010646097054
0.919922,0.3601292509095701,-0.14674584013290426,0.183105,2.778116337621179,1.638010646097054
0.906494,0.36084359852316117,-0.14941455377189908,0.183105,2.5012676457265157,0.670212645726515
0.896973,0.34866560940114366,-0.14365144966525437,-0.183105,2.269099174871818,-0.4643369417093941
0.902588,0.3241583794983185,-0.1355632170097189,-0.549316,2.958443785577071,-0.368989052044108
0.912354,0.3264036067148627,-0.13460436939612788,-1.403808,3.6908652855770714,0.8996021985117003
0.916992,0.33825229921590616,-0.13947183198106028,-2.319336,4.512648727657004,1.83469287301298
0.922852,0.3536980692599375,-0.14909497350277257,-2.685547,4.663045535762341,1.6069057859476095
0.924194,0.36723233116541076,-0.14957894423954896,-2.319336,4.211268483347694,0.458192977471734
0.913208,0.3671032454705788,-0.14809452722152816,-1.647949,3.312094896282324,-0.8550793601494447
0.901123,0.3571466440900727,-0.14995786668327518,-1.037598,2.0913918962823237,-2.969398977101196
0.912842,0.33925937404604134,-0.14456352720824228,-0.366211,2.357286262678266,-4.461982425057088
0.922852,0.3287195345975802,-0.12790706463659576,-0.976562,3.353998431303586,-3.345978308475876
0.915039,0.3389754488894624,-0.13016330000498394,-1.953125,4.314206152343552,-1.926989749814731
0.917236,0.34196464140379174,-0.12864786669656103,-3.173828,4.798105402528822,-2.0654136627493607
0.924072,0.36019593799819405,-0.14199233470719885,-3.479004,4.944707320968873,-1.4452816915241253
0.927002,0.36562094342389945,-0.14089594967854024,-3.356933,5.280400820968873,-0.8638434937535023
0.927734,0.37084259037131717,-0.14137379186642585,-3.051758,4.95288446044889,-1.3090484704841585
0.9198,0.36962339785698783,-0.13982349524545185,-2.502441,3.901123373383519,-2.886610110705253
0.916016,0.3567243740327555,-0.13604125987706364,-2.319336,2.821035844238216,-4.024954587806449
0.921509,0.34948953457100845,-0.13538836940941373,-2.319336,2.682611931303586,-4.508853837991718
0.923584,0.3546374087349704,-0.13892398980646056,-2.624511,2.7637965999289054,-4.978589867137021
0.930542,0.3555210264191645,-0.13421951908297003,-3.051758,3.0629856523435524,-4.094167227286466
0.937988,0.36964456382094624,-0.13490283472048473,-3.417969,2.890247983718232,-3.7830056457265155
0.944824,0.3796564781128285,-0.13758169048591973,-3.112793,2.754014762678266,-3.774828506246499
0.935547,0.38279467334001044,-0.13995817690837029,-2.380371,2.314796733532963,-3.8031544483264317
0.936035,0.37568233387826344,-0.13909311021679321,-2.075195,1.7862163962823236,-3.497978448326432
0.927856,0.37407059579702256,-0.14408272246199605,-1.525879,1.67232303576234,-3.573177535391802
0.932739,0.3686057563352755,-0.14036410206494923,-1.281738,2.0668608438676768,-3.3781000062464988
0.935059,0.3607701760794349,-0.13879972517484876,-1.281738,2.1546189542023906,-2.3716065003705395
0.925781,0.3688546359382287,-0.1389570299476667,-1.525879,2.5840556460970543,-1.1395183313746804
0.933594,0.37785328831135184,-0.1411929068377672,-1.403808,2.742629227657004,-1.2310708313746803
0.932739,0.3848768175745755,-0.14172379730541712,-0.671387,2.0004267564317675,-1.2959012210399665
0.933594,0.38622951824074875,-0.13376485102417268,0.183105,1.5508403959117845,-1.9525376398505558
0.926636,0.37959985771578164,-0.1367037598903495,0.671387,1.0811043667664815,-2.0337223084758755
0.930054,0.3633500209801732,-0.13408730273112252,0.976562,0.8331689771011952,-1.6086670003705392
0.926514,0.3564171094011437,-0.1302254578303842,0.671387,1.162875529515842,-0.6713865000000001
0.914063,0.35703994072433254,-0.1298806823340757,0.12207,1.220115639850556,0.2822482793305724
0.923096,0.3549131413905059,-0.1279484068377672,-0.244141,1.2729735003705391,0.25173077933057236
0.905762,0.3567866815184262,-0.13227134014619013,-0.671387,1.3623358084758757,-0.0817711627493605
0.92041,0.3529310237063118,-0.13455553537337214,-0.854492,1.8358662272864648,-0.8485064184400506
0.917969,0.3706458604419202,-0.1346345380995107,-1.037598,1.5895350353918014,-1.7634465582906063
0.919556,0.36588521078164976,-0.1292082251881346,-0.854492,1.8739740066170372,-2.491485808475876
0.928223,0.34881713596480046,-0.13020699795830454,-0.793457,1.8963143671370204,-2.574861168995859
0.915161,0.35829276450040537,-0.1272207279009873,-1.403808,3.324654785577071,0.2653070062464981
0.920654,0.34890725364899455,-0.12687690955061992,-1.586914,3.2592370357623404,-0.8245618601494445
0.921631,0.34911629921590615,-0.120654832007632,-2.380371,3.7676677043876605,-0.5542861099641754
0.903564,0.35172007471221467,-0.1173649605565228,-2.990722,3.8815610649076437,-0.47908702289880506
0.908325,0.3650098366176879,-0.11827241771574978,-3.479004,4.18016362319825,-1.426736220669428
0.913574,0.3606789515890293,-0.1184497306271259,-3.417969,3.956172791823569,-2.4250517210399667
0.925171,0.37214032846584394,-0.11520004355178787,-3.784179,3.091312460448889,-4.533385756431769
0.936035,0.3659125638342321,-0.11963884831131999,-3.479004,2.9528868154634513,-5.017284006617038
0.945313,0.36315052641916445,-0.12100483744662327,-3.845215,3.6384374025288215,-4.074017558661145
0.933838,0.35550276722654395,-0.11447514493229397,-4.272461,4.478765315463452,-2.3743849184400507
0.940674,0.35510503457100845,-0.1256620380995107,-4.821777,5.581194071154142,-1.319416301858839
0.936279,0.3711599060088318,-0.1278841850602143,-5.493164,6.793719931674125,0.658670094052946
0.923584,0.36924316792759093,-0.1334020728017256,-5.859375,5.550676571154142,-1.3722741623788222
0.943848,0.37093582302685263,-0.1307143081701138,-5.981445,5.696690763419344,-2.584212162749361
0.956543,0.38035367334001047,-0.14418611292964592,-5.676269,5.26725357152468,-3.8163011977706236
0.96167,0.3824459753866899,-0.15032813948001683,-5.676269,4.953900932044664,-4.481113890035826
0.995117,0.38563239783041614,-0.15555109391310526,-5.310058,5.659599821709951,-4.113299558290607
1.005615,0.3710771304859516,-0.17026355647146593,-5.126953,6.650326408775321,-2.641452773084075
1.014648,0.3758925930575981,-0.18023293063542783,-5.676269,9.101513380000556,0.38342559992890474
1.020752,0.3895610767273384,-0.21857042245701214,-5.92041,12.10362141502182,3.019751246396498
1.064575,0.3954112821879175,-0.2650795693645723,-5.065917,16.278971944908204,5.613000503569344
1.133667,0.39711967262899567,-0.29947255032145986,-2.258301,21.89185837033583,8.010586969523652
1.211426,0.39327658692087797,-0.3261489700257617,0.610352,28.219207551083606,12.744289227808116
1.292603,0.3668985229820111,-0.31641711697317937,3.295898,35.22831233115526,19.269182822466096
1.354492,0.41076719101423675,-0.315386355080992,4.882813,39.25443927323519,25.754359243870457
1.462646,0.4729014447280084,-0.3061546707583642,8.605957,37.04915488245829,28.648558633906287
1.578491,0.5711087113747441,-0.3091506952537538,15.136718,28.563393723868238,27.134383166333773
1.714966,0.6508363018241241,-0.30020845783038425,24.230955,14.802041337621182,22.464059652494665
1.814941,0.7650924024803296,-0.32374708641913263,34.179688,-4.250664695093468,16.197200782158838
1.933228,0.8221495412360458,-0.308905223159725,46.264645,-24.42915668163997,12.130815441338859
1.954468,0.8850202174068295,-0.2874120177257176,55.053707,-48.11583756520987,12.486112688325322
1.876221,1.0061439949315476,-0.2238594810482366,63.598629,-68.51480241838681,18.413841140811066
1.86145,1.1307392296154928,-0.14257620419467565,75.744629,-82.83856805338964,35.35238330527708
1.986206,1.3398868833325825,-0.08403384167285446,102.539055,-106.4037264566746,59.59980966237883
2.166626,1.542516994826913,0.007167806578672183,136.169434,-143.58667741242687,89.31324343167414
2.217407,1.7383763948036595,0.09762623847835133,169.250473,-180.4980291752713,129.0186028023805
2.168823,1.861846126774752,0.18111008744919482,201.782211,-214.51796922447969,168.60511016670432
2.069092,1.7175277274957346,0.3425212874309251,229.736313,-240.10280279334228,210.22837852224055
1.920532,1.4683738201047305,0.3782580609253957,242.187485,-253.55812617705513,265.78043678938036
1.643921,1.1136188440070258,0.39222241808628855,239.318832,-266.2797587430895,307.5886968297861
1.271606,0.7355607774200835,0.4297906385464467,228.271469,-267.60144574249944,345.7047397951046
1.054077,0.2988178394351753,0.46092768010968244,210.754379,-264.51607815715073,367.0399652129547
0.665039,0.12420166123598197,0.3909055876451786,185.791,-274.1493794039178,369.6417060089376
0.394531,0.08216003541322972,0.327363355687372,171.081528,-268.6744884139531,366.5512533694576
0.296875,0.09750276532934077,0.32512974342888334,160.15625,-259.1955363816089,358.18900789198585
0.197144,0.14968465512583343,0.30247342779136865,151.550293,-264.08741991454303,334.09101706823446
0.086182,0.1534214231414552,0.4175896998505238,146.240234,-267.6463184187024,313.52252604004974
0.071411,0.1934579605830945,0.5269730168585768,136.84082,-256.8638750199623,305.4648678364031
-0.12085,0.06194419189466346,0.5955724875953532,120.23925,-251.55866981973392,293.16937678777725
-0.452637,-0.20909145291970996,0.6886249801146664,96.374504,-239.20582721660625,280.7516517942958
-0.818604,-0.3710007569416556,0.6498878393305407,69.030762,-216.62848631245237,264.1927513400934
-0.989624,-0.46633504809706655,0.5431140033458046,45.227047,-192.30594587928098,236.61847913949453
-1.083008,-0.5265384304261583,0.4202846863643233,28.564451,-176.5047993749097,197.82472770290494
-1.199951,-0.5179334256583242,0.32947499182158435,14.160155,-156.18561604582658,158.67776559718345
-1.22522,-0.5045513352089442,0.22350345239139296,0.244141,-121.42872672053221,128.18022182164165
-1.270874,-0.5397808542786283,0.061166135436483415,-13.366698,-80.11772475927452,105.73885013011753
-1.369995,-0.5765861087299865,-0.1319764352587695,-24.963377,-40.76466039132869,83.93455304892812
-1.337891,-0.5595583604286344,-0.170843510062333,-32.592773,-9.28512209517963,48.4928927766685
-1.215454,-0.5663321468162114,-0.2299400522452347,-39.306641,18.1139792172512,14.772770331525793
-1.074829,-0.6084815073760521,-0.24605888624141867,-45.837399,42.924641169668625,-18.791980597471184
-0.922241,-0.607877135924943,-0.2533140841814534,-54.687496,66.32566505717841,-47.596148275171274
-0.748657,-0.5898232107816498,-0.25866376855722456,-66.52832,90.40523971064864,-71.92914155071308
-0.557739,-0.5609750801777778,-0.3019593406479354,-77.880859,110.78534902376788,-92.2938347565829
-0.3927,-0.5081850488861445,-0.36824032431767567,-88.317863,127.74938714937807,-106.24618882149055
-0.272461,-0.46212361354931186,-0.4390935780447332,-96.252434,142.2929258107964,-116.33436093807175
-0.155151,-0.4132571435235503,-0.5260843691735726,-102.416985,156.48559141355358,-123.61229501926118
-0.078491,-0.35483587689010054,-0.6197197671219093,-103.759758,165.45172989348305,-133.22897162432497
0.011719,-0.30677476260320224,-0.670021475308627,-101.867668,171.71436676270724,-146.42961837747453
0.117188,-0.2858313136356768,-0.696490357611147,-97.778313,173.28723211980898,-162.13795166550935
0.24231,-0.2495408619552987,-0.7005274514711087,-94.360344,174.3129710348308,-178.30565574939098
0.387817,-0.21423911635351345,-0.6818650344929456,-90.209953,173.44458827461028,-191.40641881050985
0.505981,-0.22428955444305626,-0.6096729039023591,-86.120598,172.92841431000207,-196.8170603427555
0.612183,-0.21373594697897338,-0.5176615195714295,-85.998528,174.86401067676854,-197.37075909257024
0.716431,-0.18592064221944127,-0.4833999984999074,-88.74511,176.2590555431645,-196.9075965051343
0.833618,-0.180418840159476,-0.46190859779886045,-91.796867,176.49896681000206,-190.63268200166343
0.918213,-0.0988122660270697,-0.4899958651698967,-95.703117,178.33616527423973,-180.98083491801628
1.040283,0.05447666317304262,-0.5511516515574737,-96.984856,180.7123130410773,-171.0058502595623
1.121582,0.0742458284392721,-0.6746244528931383,-92.834465,177.449438132302,-162.4971593803028
1.413818,0.4072996167506239,-0.8934123698845874,-89.660637,179.52201209691017,-154.39075397115695
1.177734,0.6986850399452227,-0.14995001232658395,-86.181633,188.56253091542132,-128.60028005071308
1.153442,0.2783259209569195,-0.530133363839216,-63.049313,152.81408898128947,-159.26839777205527
1.120728,0.13583355021682503,-0.5843093896520004,-54.443356,126.13738816998534,-180.93766695554794
1.073608,0.10780386112636327,-0.4490202352770394,-51.940914,115.57322198187943,-183.3661995329486
1.17334,0.14192884276769388,-0.30690603326689947,-58.105465,110.49228143987058,-181.91274070194444
1.292603,0.18289742303682044,-0.2293543707268086,-66.40625,121.17213977540459,-148.4000334471616
1.313843,0.2641420665337989,-0.32178852034722144,-76.171875,142.732615755924,-95.79740561353353
1.264282,0.3427756433923438,-0.3374471700473494,-78.063965,144.15469676595927,-80.76104705167359
1.228882,0.5178592086618913,-0.39723153943019146,-71.350098,128.56727261403205,-85.78663164193776
1.284424,0.5796042324595518,-0.35986602109809385,-55.664059,110.61523289053437,-96.49473454253051
1.301636,0.5495241365578947,-0.3179722754963086,-42.846676,94.8169498002702,-99.56617152722431
1.277344,0.49017580800070193,-0.3372705959016573,-35.583496,83.32105342165333,-97.01669413353575
1.263428,0.44233999030820587,-0.33150066256666266,-29.96826,76.09703497711568,-88.89917911428968
1.250488,0.38408754953238206,-0.2951908496552866,-29.174803,74.05443372484322,-73.2720282628294
1.227783,0.30605628017279374,-0.25309897276518606,-31.86035,75.09731486811202,-54.98621313643234
1.170288,0.2675518182457327,-0.22579465714095726,-37.414551,76.00717031985667,-39.37221126646704
1.177734,0.2793658155328799,-0.20118221359913724,-39.245605,73.6837733975752,-30.701156782007736
1.097046,0.3266500182540346,-0.2152315720907108,-38.818359,65.70104232017455,-29.757144591224687
1.054321,0.35613489510427754,-0.22422026733117872,-35.15625,58.94484230768155,-33.89086627896004
0.995239,0.3488303121222983,-0.23931417618406964,-31.188963,53.44248433058036,-40.369471856731224
1.018433,0.3505006944513901,-0.2178669891220175,-27.709959,50.91989366195504,-44.12837506148942
1.098755,0.3335584835518198,-0.2039977591926206,-25.573729,48.63940722001115,-41.120279444908206
1.119019,0.3265317910507763,-0.19077834761359105,-26.18408,47.59715450937699,-32.06125609405295
1.140259,0.3743480420649811,-0.18046817142952143,-27.709959,49.68886130498933,-21.358235649515294
1.13501,0.4027870257347214,-0.19322240679790967,-24.841307,43.021593257104534,-20.82132065613233
1.085815,0.4097934536307248,-0.15667291770246392,-20.26367,36.22568263353575,-21.972067139850562
1.026978,0.38141616788773336,-0.17750181839022502,-16.174316,30.321200033100258,-26.949914996211234
1.030762,0.372773558381955,-0.14291125716421094,-12.695312,24.452631055999056,-34.06281663227302
1.060547,0.3507168284658439,-0.1523066340277397,-12.08496,21.074101572280824,-31.125539352942447
1.077393,0.36205856109480766,-0.16562017686851271,-12.695312,20.78762682773702,-24.05336416557763
1.081665,0.37074512777309887,-0.1666886020383775,-13.305663,19.944247035913456,-16.236796815092916
1.140869,0.41041063319880433,-0.10628593133315677,-13.610839,17.73356269167524,-11.154682418810593
1.09668,0.39300573185317184,-0.16939210476451608,-12.329101,12.130615620150557,-7.919819418810591
1.06543,0.4151770257347214,-0.17176229729213127,-9.460449,6.888752422009394,-13.703094804316569
1.047729,0.40934014884462094,-0.18699806462330992,-7.080078,7.315568578512257,-7.958943535762342
1.02832,0.37560007404105744,-0.1951455884342564,-4.760742,4.633387856731212,-8.454228820968874
1.000488,0.37151258220618727,-0.17121933196777442,-4.02832,4.8988518796300164,-4.942673645726516
0.999878,0.348503133225376,-0.17005686665670344,-3.234863,2.964858844608754,-5.728969843867677
0.998657,0.3285464917302354,-0.15994478367472426,-3.356933,1.0374404833476931,-5.03903837301298
0.987427,0.3217908019420447,-0.15040598162804483,-3.90625,2.6123824542023906,-1.5787368605199836
1.005005,0.3408010182673205,-0.16899332108979187,-3.662109,2.9055859250570877,-0.338471552044108
1.001831,0.34165270261652,-0.20218616052496718,-2.990722,1.9296099191811282,-0.1978555811894109
0.998901,0.35608501281504334,-0.17767666599053017,-2.441406,2.4037281981411622,0.8674813667664814
0.965454,0.35158616520145236,-0.1815628986327798,-1.159668,-0.4860903081053367,-0.3536511107052527
0.953247,0.3414195611080935,-0.179639973462915,-0.488281,-0.5612885291453031,-0.23975825018526947
0.936035,0.33371291688681437,-0.16588827281002755,-0.12207,-2.2228133900358253,-1.0424097272864647
0.926025,0.3206626842578506,-0.15553393877398594,-0.549316,-1.8304671398505559,-1.339408087806448
0.943115,0.30460284209653676,-0.14428840135891835,-0.427246,-1.8549990582906064,-1.748108616951751
0.941528,0.3150700080472093,-0.1430027381210985,-1.281738,-1.799949639850556,-1.2865502272864648
0.95105,0.33894687947174673,-0.1534047836880101,-1.953125,-0.8642738372506397,-0.27626219777062283
0.930786,0.3511837536224228,-0.16638989593321293,-2.01416,-1.193393029515842,0.6185286394800169
0.935913,0.35252544613675213,-0.16772801633025974,-1.342773,-1.262605668995859,0.37657883137468035
0.930542,0.3432177216463465,-0.16334146805049546,-0.976562,-0.7721334771011953,1.7143835874359092
0.911011,0.3274231039887241,-0.15041654831962192,-0.610352,-0.15360483762117821,2.907776616951751
0.897827,0.3191847618141244,-0.14735177553616613,-0.915527,0.9101279125640913,3.77365378594761
0.879028,0.31267095705459225,-0.14471801633025974,-1.159668,2.11169858155995,3.291359233532963
0.893433,0.32497173797660617,-0.13293243880055766,-1.098633,2.1394380295158424,1.0200693667664815
0.90332,0.3313017352504676,-0.13954656191045717,-0.854492,1.614066087806448,-1.3547455291453032
0.905762,0.3423025719860761,-0.1512545537586132,-0.671387,0.580263477471734,-3.9998361752423577
0.92688,0.36426255566910226,-0.15350274628622837,0.183105,0.048905954202390384,-6.018808402528823
0.953735,0.356175480838967,-0.16067397077663398,0.976562,0.1508267855770705,-5.231924344238216
0.928345,0.34301259853644694,-0.15857075169864793,0.854492,0.7007306457265151,-2.4484089191811282
0.902588,0.3230979971692267,-0.15595385307915405,0.366211,2.6843731457265156,0.987360674871818
0.88147,0.301395195149119,-0.14032220884458904,-0.549316,3.967714477471735,1.8674010649076431
0.887329,0.30746776997925424,-0.1366402007060309,-0.671387,4.247772064907644,0.15520903539180103
0.901367,0.3181830080472093,-0.1376108639571366,-1.098633,3.364366262678266,-2.7176686977706233
0.907715,0.33279681008060286,-0.1437930163435456,-1.525879,2.1332954313035857,-5.460297925427628
0.922363,0.3536312910507763,-0.14384063675387826,-1.342773,-0.12660926646703752,-8.031793682229933
0.941895,0.3543951733665822,-0.14569155377189907,-0.793457,-1.235024103717677,-8.73092049621123
0.945435,0.35118410396215244,-0.15271728912700142,-0.549316,-1.0170183539029467,-7.376761461189967
0.94043,0.33704779377691485,-0.15498609659938622,-0.793457,0.305605477471734,-4.47555778594761
0.918213,0.32237781280674144,-0.14426124898579523,-1.342773,2.173163925057088,-1.6070636686253201
0.887207,0.3235652726655352,-0.15636450817841574,-1.831055,2.970415814722374,-1.0806748892947475
0.915161,0.3286665774383532,-0.1397167891270014,-1.586914,4.126718402528822,-3.2282900582906064
0.923584,0.33055149174352133,-0.1347440217825369,-0.976562,2.586675815463451,-5.651580064907644
0.930542,0.3380767352504676,-0.12781191768917805,-0.732422,1.4962213209688726,-7.418234652714092
0.958984,0.3536652883379236,-0.13963175172521966,-0.793457,0.5441898733835182,-8.700989490335271
0.959595,0.3541595665470848,-0.14414563675387826,-0.854492,-0.11843212698702073,-7.895560461189968
0.951294,0.35482005839524083,-0.152279631314887,-1.342773,0.7546048438676769,-5.650994070783604
0.950195,0.3394941148401349,-0.14610894422626308,-1.586914,2.115923814722374,-2.5606984479558927
0.92627,0.3255337189600655,-0.1463650591843186,-2.380371,3.875575483347694,-0.12324435427348505
0.911621,0.33136404273613834,-0.13577664217958368,-2.868652,5.103868262678266,0.2952371460970537
0.924316,0.3308454679060031,-0.12983884013290425,-2.502441,4.853154820968873,-1.603855273084075
0.913208,0.3501786869574175,-0.13028872246199605,-2.13623,3.138183873383519,-4.208060087806449
0.935913,0.35281244616332386,-0.12377491770246389,-1.586914,1.482058099928905,-7.198626071154142
0.951294,0.3577609168868144,-0.12423591498961119,-1.281738,0.001446315092912107,-8.176204908775322
0.958374,0.35744490873497037,-0.13406125716421094,-1.464844,-0.23612124319769406,-7.122839989964732
0.949341,0.35149433390483514,-0.13753195510424565,-1.831055,0.49469742505708736,-4.514252925427627
0.936035,0.354200649529064,-0.14163247894176384,-2.441406,2.0451069774717343,-1.462652808105337
0.925903,0.35006333119198246,-0.13586052450867545,-2.441406,3.2047749774717347,0.5459510878064476
0.913818,0.3506843393438264,-0.1255069068377672,-2.441406,3.385689785577071,0.3710227272864645
0.903687,0.3496950665603707,-0.13015037756125775,-1.525879,2.553538146097054,-1.1923761918946638
0.91626,0.3561457563485614,-0.14021745510424566,-1.220703,1.4832319542023906,-3.534482895911785
0.921143,0.36468201282832924,-0.14105822517484876,-0.915527,0.10176381472237354,-6.049325902528822
0.931274,0.368443980838967,-0.13942430544397522,-0.915527,-0.4758794933829633,-6.5615514608194285
0.944336,0.3635989917036637,-0.14268807278843976,-0.793457,-0.22356135390294615,-6.002453623568789
0.947266,0.3551713713199028,-0.13458113948001682,-0.793457,0.6718164774717342,-3.8412617276570042
0.939453,0.3567054141606758,-0.14364209933881064,-1.159668,2.470162285577071,-1.2147174184400507
0.92688,0.34538148357839143,-0.14006372244871018,-1.586914,3.363349425057088,0.4543980878064477
0.913208,0.3579214434371853,-0.13250387484840503,-1.770019,3.924637954202391,0.6941563379917172
0.909424,0.3557995237063118,-0.12958714763186083,-1.525879,3.617270896282324,-0.3264990228988051
0.910645,0.34232399716922673,-0.12265344425283481,-1.403808,2.79110570438766,-2.245741110705253
0.914063,0.3419319516023151,-0.12919248709360784,-1.464844,2.111541564907643,-3.544850727286465
0.932373,0.3582701413905059,-0.12213391227675849,-1.647949,1.8287059254276263,-4.156806425057088
0.935425,0.35380704000999974,-0.11448223062712588,-2.01416,1.7840257043876602,-3.990054837991718
0.93103,0.3543981386776532,-0.1246904177024639,-2.319336,1.8777688962823236,-3.339404866766482
0.92749,0.3579439168868144,-0.1239189496918261,-2.441406,2.4859297043876603,-2.774321447955893
0.934692,0.35578529377691487,-0.1225317945925644,-2.563476,2.738247843867677,-2.215223610705253
0.934204,0.3663710958103084,-0.1356906476318608,-2.746582,2.809650675242357,-1.481198278960034
0.937256,0.35525263867765317,-0.12321038028739631,-2.685547,2.673417454202391,-1.473021139480017
0.927246,0.3654462454838647,-0.129236535386658,-2.929687,2.3540778671370206,-1.7819915291453032
0.921387,0.36044737403275545,-0.12959283472048472,-2.929687,2.1404548671370205,-2.1519974188105895
0.925049,0.3640753767456082,-0.12745894969182608,-3.173828,2.1889313438676767,-3.166667698141162
0.936768,0.35737937947174675,-0.12147875717749679,-3.051758,1.5725933962823235,-3.867984337991718
0.936401,0.358691454301882,-0.1260421769083703,-3.112793,1.2472677276570034,-3.821112925057088
0.955933,0.3658803311786966,-0.1301926769083703,-3.540039,1.3611619542023905,-3.7459143379917177
0.954956,0.373344133225376,-0.12703099254588499,-3.295898,1.168274616951751,-2.8593010062464987
0.954712,0.3657185556823881,-0.12925288028739632,-3.540039,2.1388515353918014,-0.8120024708546971
0.964478,0.3701689753999758,-0.14986452722152818,-3.601074,2.6434864483264313,0.30619283762117844
0.966309,0.36985305836866905,-0.1696977115707276,-3.90625,3.290341895911785,1.0603673379917173
0.972656,0.3669779298197783,-0.18297958029569825,-4.272461,4.246167867137021,1.4952044833476936
0.998901,0.3752045474774007,-0.20901266053825304,-4.211426,5.201994204387661,1.9300402626782658
1.065063,0.4038824508647286,-0.24967307481684942,-2.868652,7.03844779182357,2.913605181859394
1.141724,0.4233485841947393,-0.2916407428623609,-0.732422,8.775170873754059,3.602363798440606
1.232422,0.46178897125180757,-0.3774040394169056,1.342773,13.583801490335272,9.001468341190522
1.294312,0.4621271583005739,-0.43736428226598056,4.02832,20.050162944167123,16.05114291933224
1.398926,0.3559370733167567,-0.43525690471800876,7.385253,26.73992900319881,22.267065624324935
1.507202,0.26275376654210086,-0.41599112646898995,8.178711,30.37312470096943,27.21717116670431
1.615479,0.30939829579203865,-0.3696244319129651,5.310058,29.993337474053508,28.634556393620233
1.643066,0.3891542474591309,-0.32010507141955363,2.441406,17.18984510029945,18.054935087957563
