0.961548,-0.064941,-0.141602,0.000000,0.000000,0.000000
0.967529,-0.067505,-0.155029,0.000000,0.000000,0.000000
0.973755,-0.065796,-0.158203,0.000000,0.000000,0.000000
0.976929,-0.059692,-0.150391,0.000000,0.000000,0.000000
0.978271,-0.053833,-0.159912,-2.075195,-0.793457,-1.892090
0.982056,-0.060059,-0.174561,-1.525879,-0.244141,-2.258301
0.996094,-0.040161,-0.160278,-1.403808,1.403808,-2.502441
0.986084,-0.043213,-0.162476,-2.014160,4.394531,-2.136230
0.984131,-0.038940,-0.162964,-2.075195,5.859375,-1.892090
0.978027,-0.039917,-0.154053,-2.014160,5.310058,-1.525879
0.972046,-0.038452,-0.152222,-1.525879,3.417969,-1.098633
0.965698,-0.042969,-0.156616,-1.342773,1.770019,-1.037598
0.967896,-0.037354,-0.157349,-1.281738,-0.183105,-0.671387
0.967651,-0.048462,-0.161865,-1.098633,-1.281738,-0.366211
0.979370,-0.036987,-0.165771,-0.610352,-1.647949,-0.427246
0.994019,-0.028809,-0.156250,-0.366211,-1.464844,0.183105
1.000122,-0.040649,-0.167114,-0.183105,0.000000,0.732422
0.992432,-0.048584,-0.159546,0.061035,0.915527,1.159668
0.985352,-0.046875,-0.159912,-0.183105,2.258301,1.342773
0.972412,-0.049683,-0.158447,-0.488281,2.197266,1.586914
0.957397,-0.054321,-0.150391,-1.281738,2.136230,1.464844
0.956299,-0.047241,-0.141968,-2.136230,0.915527,0.793457
0.946655,-0.050537,-0.151611,-3.112793,0.061035,0.427246
0.949585,-0.053223,-0.153687,-3.051758,-1.281738,-0.244141
0.971069,-0.049927,-0.169800,-2.807617,-2.624511,-0.671387
0.983032,-0.045410,-0.179443,-1.647949,-2.868652,-1.037598
0.979492,-0.048584,-0.175415,-1.281738,-1.831055,-1.220703
0.986816,-0.050903,-0.172974,-0.915527,-0.732422,-1.525879
0.973999,-0.050171,-0.166138,-0.854492,0.549316,-1.220703
0.964600,-0.051758,-0.165649,-0.915527,1.220703,-1.647949
0.949097,-0.051147,-0.157715,-0.793457,1.342773,-2.380371
0.957886,-0.057007,-0.170654,-0.366211,0.366211,-2.807617
0.976074,-0.059937,-0.162842,-0.244141,-0.305176,-2.746582
0.981689,-0.057617,-0.171997,-0.183105,0.061035,-2.502441
0.992188,-0.055054,-0.166626,-0.122070,-0.061035,-2.502441
1.000610,-0.059814,-0.176514,0.122070,-0.427246,-2.441406
1.047119,-0.067993,-0.209106,0.915527,-1.770019,-2.380371
1.077881,-0.081909,-0.225586,2.136230,-3.662109,0.122070
1.060791,-0.086670,-0.199219,3.723144,-7.202148,2.014160
1.138672,-0.127075,-0.179443,5.371093,-12.023925,3.845215
1.243408,-0.173340,-0.142944,6.530761,-11.779784,7.751464
1.378662,-0.245728,-0.194458,8.911133,-5.859375,12.329101
1.455566,-0.276245,-0.203735,11.840819,2.136230,20.507811
1.398560,-0.334473,-0.179932,13.305663,8.361816,25.939939
1.235107,-0.313354,-0.130371,13.854980,7.202148,30.700682
1.144165,-0.240845,-0.009644,13.854980,-7.568359,32.287598
1.144287,-0.168701,-0.031860,10.192870,-23.010252,38.452148
1.036011,-0.161621,-0.103638,1.159668,-36.743164,43.579098
1.264404,-0.092773,-0.204834,-0.122070,-58.044430,49.438473
1.479370,-0.006104,-0.263672,0.427246,-58.654781,64.514160
1.620850,0.078125,-0.321167,1.098633,-37.719727,81.787102
1.491699,0.061523,-0.489868,3.234863,-6.896972,95.581047
1.219849,0.017456,-0.538086,8.422852,10.620116,104.980461
1.085815,0.015747,-0.475830,18.615723,5.310058,113.952629
0.982544,0.029541,-0.321533,23.681639,5.920410,120.544426
1.273193,-0.005127,-0.269653,20.385740,14.587401,127.380363
1.472900,-0.087524,-0.266602,19.592285,41.442867,140.380859
1.384277,-0.207397,-0.298340,19.409180,66.589355,150.817871
0.983765,-0.173096,-0.068848,21.057127,64.880371,155.212402
0.906494,-0.159790,0.026855,16.784668,43.029781,159.667969
0.745361,-0.209595,0.111450,19.470215,3.234863,165.039047
1.172607,-0.313965,-0.442505,20.385740,-11.352538,168.395981
2.250977,-0.346436,-0.678223,41.564938,-32.653809,181.945786
1.692139,-0.245850,-0.421997,72.387695,14.892577,222.961411
0.734375,-0.169312,-0.268799,64.331055,97.778313,225.830063
0.436401,-0.280884,-0.176270,57.373043,95.336906,210.937485
0.478638,-0.396606,-0.008301,64.819336,39.611816,202.453598
0.516968,-0.401367,-0.025513,63.781734,17.578125,198.120102
0.437012,-0.376709,-0.118408,55.236813,18.005371,186.157211
0.293457,-0.375732,-0.042114,48.889156,31.982420,170.593246
0.319580,-0.326416,0.153809,46.386715,46.020504,151.184082
0.179565,-0.370239,0.245972,32.104492,75.317383,132.568359
0.168213,-0.354492,0.263550,14.648437,93.383781,109.252922
0.185913,-0.403076,0.173096,3.234863,97.290031,94.787590
0.011719,-0.507813,-0.114624,-1.281738,105.651848,83.190910
0.017334,-0.500122,-0.209717,4.455566,90.087883,63.049313
0.061523,-0.457642,-0.182251,14.160155,59.082027,44.189449
0.141479,-0.469727,-0.044678,22.277830,30.639647,26.000975
0.248291,-0.514282,0.150879,25.146482,9.582520,12.573241
0.256836,-0.546753,0.270142,18.249512,-4.028320,3.967285
0.365112,-0.551147,0.320190,9.887695,-8.728027,-6.347656
0.505493,-0.569214,0.267090,-0.488281,-8.178711,-13.427733
0.600220,-0.569092,0.177612,-9.338379,4.150391,-19.653320
0.594727,-0.599243,0.088013,-15.808105,20.690916,-25.207518
0.631714,-0.600830,0.013550,-17.395020,32.104492,-31.188963
0.659058,-0.578735,-0.022095,-14.892577,32.165527,-33.447266
0.667725,-0.568604,-0.060059,-10.498046,25.268553,-33.142090
0.689941,-0.561279,-0.069214,-5.798339,15.563964,-32.409668
0.717773,-0.536377,-0.040527,-2.258301,4.821777,-31.555174
0.726196,-0.530396,0.006104,-0.427246,-3.173828,-30.639647
0.727295,-0.544800,-0.010376,-1.708984,-6.286621,-29.846189
0.603271,-0.629395,0.006592,-4.272461,-1.831055,-30.639647
0.519165,-0.641846,0.047241,-6.347656,7.263183,-38.513184
0.540405,-0.602051,0.075073,-8.789063,7.873535,-46.508785
0.563599,-0.546875,0.088623,-10.925292,4.089355,-49.682613
0.619019,-0.487427,0.062378,-12.512206,-2.441406,-52.429195
0.651367,-0.442749,0.045166,-14.587401,-5.249023,-54.382320
0.647705,-0.399048,0.036621,-16.723633,-5.432128,-57.067867
0.662476,-0.395874,-0.028931,-18.981934,-3.662109,-60.729977
0.675415,-0.395874,-0.061157,-18.066406,-2.014160,-63.659664
0.648926,-0.436523,-0.014404,-17.089844,1.220703,-66.894531
0.683350,-0.468384,-0.058350,-16.723633,7.141113,-73.181152
0.682495,-0.493530,-0.028687,-13.427733,13.183593,-77.575684
0.670898,-0.508057,0.006592,-14.038085,19.409180,-81.787102
0.647095,-0.510254,-0.008545,-14.282226,19.104004,-85.693352
0.641113,-0.497192,-0.022827,-12.207030,10.009766,-88.684074
0.649536,-0.469727,-0.050049,-9.399414,-1.281738,-93.261711
0.689575,-0.452637,-0.035645,-7.812500,-8.178711,-98.876945
0.710083,-0.456909,-0.010986,-7.080078,-11.718749,-104.431145
0.748779,-0.477173,-0.004272,-7.141113,-20.080564,-107.910149
0.883179,-0.470947,-0.062866,-5.554199,-24.414061,-111.083977
0.923096,-0.468506,-0.065674,-5.310058,-30.822752,-107.360832
0.994507,-0.447021,-0.084595,-3.845215,-36.071777,-102.539055
1.104614,-0.451172,-0.143555,-1.586914,-37.109375,-101.196281
1.137573,-0.406006,-0.185181,5.920410,-31.616209,-103.393547
1.085938,-0.378784,-0.187134,6.713867,-21.545408,-106.994621
0.913818,-0.291138,0.174927,-1.586914,-22.277830,-104.736320
0.728394,-0.284180,0.255981,-10.925292,-23.559568,-104.248039
0.698975,-0.261719,0.154785,-18.310547,-38.818359,-105.224602
0.868042,-0.298950,0.027588,-18.310547,-84.045403,-100.769035
1.064331,-0.298584,-0.128174,-13.916015,-106.689445,-90.576164
1.169312,-0.280273,-0.197388,-9.277344,-100.341789,-88.256828
1.137695,-0.231201,0.005249,-10.314940,-73.059082,-88.562004
1.255981,-0.214722,0.141357,-15.258788,-49.499508,-90.759270
1.156738,-0.303589,0.019165,-25.268553,-27.404783,-91.430656
1.032227,-0.319580,-0.227417,-30.883787,-23.864744,-87.463371
1.109131,-0.255371,-0.357544,-25.085447,-45.593258,-86.975090
1.221436,-0.169434,-0.387573,-16.052246,-60.241695,-77.819824
1.203979,-0.129761,-0.268799,-9.033203,-60.913082,-63.537594
1.209595,-0.108765,-0.209595,-8.422852,-47.241207,-55.541988
1.323242,-0.122314,-0.266357,-11.535644,-29.541014,-51.208492
1.361694,-0.159302,-0.296631,-11.169433,-17.211914,-44.555660
1.302368,-0.189209,-0.319824,-8.361816,-4.516602,-35.583496
1.283936,-0.192017,-0.350220,-3.723144,1.220703,-27.770994
1.202026,-0.171021,-0.272095,0.732422,-0.915527,-18.554688
1.128784,-0.169189,-0.229858,1.953125,0.976562,-12.634276
1.090332,-0.177246,-0.158813,1.953125,1.953125,-8.117676
1.076660,-0.173340,-0.115234,1.708984,3.417969,-4.333496
1.033325,-0.154541,-0.061890,0.366211,0.793457,-1.770019
1.016235,-0.150635,-0.072266,-2.380371,-2.685547,-1.281738
1.083496,-0.151733,-0.186035,-4.516602,-9.948730,0.244141
1.098389,-0.162598,-0.224609,-1.098633,-16.601563,3.417969
1.062256,-0.165161,-0.197388,2.380371,-11.535644,5.615234
1.012207,-0.161621,-0.197266,3.356933,0.610352,5.493164
0.990356,-0.160400,-0.160645,3.479004,5.676269,4.760742
0.966309,-0.143433,-0.146484,3.112793,8.911133,3.906250
0.917969,-0.128418,-0.127808,2.014160,8.789063,3.662109
0.908081,-0.106201,-0.116577,1.220703,5.126953,2.624511
0.938721,-0.103760,-0.147583,-0.427246,-0.366211,1.953125
0.948730,-0.110352,-0.156006,-1.159668,-5.737304,2.136230
0.922729,-0.125366,-0.174194,-2.929687,-4.943848,1.647949
0.929565,-0.142944,-0.172852,-3.662109,-2.990722,-0.183105
0.923828,-0.154785,-0.182861,-4.699707,3.173828,-1.586914
0.933838,-0.134766,-0.169800,-5.432128,5.920410,-3.112793
0.942017,-0.124756,-0.161621,-5.065917,5.859375,-3.234863
0.942017,-0.108887,-0.168091,-4.333496,4.394531,-2.990722
0.950317,-0.116455,-0.177734,-3.051758,1.220703,-2.624511
0.933228,-0.123657,-0.186401,-1.708984,-0.976562,-2.502441
0.941040,-0.126587,-0.200439,-1.220703,-2.624511,-2.868652
0.930298,-0.132690,-0.178101,-1.464844,-1.098633,-4.394531
0.919678,-0.141968,-0.179321,-1.708984,3.173828,-6.164550
0.970337,-0.132446,-0.184937,-1.647949,2.258301,-7.385253
0.955688,-0.131592,-0.173828,-2.014160,0.854492,-6.958007
0.966919,-0.127930,-0.193359,-1.647949,-1.892090,-6.958007
1.030884,-0.138184,-0.213989,-0.488281,-4.943848,-5.981445
1.030518,-0.147095,-0.207031,0.915527,-3.601074,-3.906250
1.016479,-0.150879,-0.190674,2.136230,-0.061035,-3.295898
1.002563,-0.134399,-0.119141,1.892090,2.380371,-2.929687
1.019531,-0.129761,-0.092651,0.488281,2.624511,-3.479004
1.076904,-0.143677,-0.160278,-0.244141,1.281738,-2.380371
1.134644,-0.167847,-0.222900,2.563476,-0.061035,0.793457
1.109863,-0.191650,-0.240845,6.286621,3.417969,4.333496
1.100098,-0.205200,-0.234985,10.070800,6.591796,5.981445
1.123047,-0.223145,-0.229492,14.404296,6.774902,7.690429
1.107910,-0.239258,-0.208618,16.418457,8.361816,10.681151
1.094238,-0.255859,-0.167480,16.967773,11.352538,11.474608
1.147217,-0.248657,-0.188232,17.150879,13.122558,12.268065
1.167847,-0.224976,-0.134033,16.906738,10.986327,15.991210
1.183960,-0.176758,-0.079102,17.089844,9.338379,19.592285
1.098022,-0.206299,-0.117188,12.390136,11.962890,23.193357
1.007324,-0.227173,-0.150635,10.498046,10.742187,24.536131
1.022217,-0.238770,-0.218140,11.474608,8.911133,24.353025
1.056030,-0.258179,-0.259277,13.000487,14.343261,25.024412
1.185059,-0.240234,-0.271484,16.113281,21.972654,27.465818
1.140869,-0.211304,-0.200928,17.028809,30.639647,32.531738
1.112915,-0.107056,-0.089233,15.014647,36.315918,37.353516
1.152710,-0.092773,-0.059326,9.460449,36.437988,44.189449
0.935669,-0.133057,-0.074097,1.770019,36.437988,50.537106
0.866821,-0.086792,0.016968,-1.770019,21.667479,52.795406
0.891357,-0.081299,0.006958,-7.202148,15.319823,56.823727
0.757813,-0.137085,-0.025513,-18.920898,35.095215,53.222652
0.859375,-0.151611,0.034302,-25.939939,44.616695,43.151852
0.918579,-0.135498,0.200928,-28.320311,40.161129,41.625973
1.045654,-0.174438,0.036133,-28.381346,22.216795,40.771481
1.156250,-0.319580,-0.169556,-19.104004,-21.850584,51.391598
0.791748,-0.280029,-0.121338,-1.586914,-62.927242,63.964840
1.515015,-0.265625,-0.759521,7.934570,-67.504883,64.575195
2.516724,-0.179810,-0.614990,41.320797,-79.040527,95.336906
1.778687,-0.006592,-0.080688,51.879879,-6.225585,140.502930
0.901978,-0.122437,-0.168335,27.038572,70.983887,137.512207
0.466797,-0.273438,0.007446,22.521971,55.358883,118.713371
0.445801,-0.329102,0.025024,24.719236,-2.075195,113.891594
0.666016,-0.369141,-0.303223,32.104492,-52.734371,117.797844
0.940430,-0.291382,-0.473999,46.813961,-88.256828,127.685539
1.215088,-0.175903,-0.479004,61.584469,-95.397942,135.986328
1.218994,-0.163208,-0.262573,63.964840,-60.424801,136.169434
0.799316,-0.322754,-0.100342,51.574703,3.112793,128.417969
0.497803,-0.422485,-0.012573,38.574219,40.710445,112.121574
0.265991,-0.517822,-0.051025,31.616209,47.668453,98.510735
0.078003,-0.546143,-0.079834,31.066893,32.043457,84.838860
0.086670,-0.500732,0.038452,32.348633,3.234863,70.495605
0.283691,-0.395020,0.089233,29.785154,-35.461426,60.485836
0.472290,-0.314697,0.077026,24.597166,-35.461426,46.874996
0.482910,-0.439941,0.128052,14.099120,-15.380858,37.170410
0.360474,-0.504639,0.164795,-0.244141,7.080078,20.263670
0.358887,-0.533936,0.116699,-9.521484,9.277344,4.333496
0.444946,-0.502441,0.076782,-12.939452,-0.610352,-5.065917
0.527222,-0.454224,0.095337,-15.624999,-8.544922,-11.718749
0.648926,-0.425171,0.013916,-20.385740,-10.742187,-16.662598
0.692261,-0.413086,-0.046143,-24.169920,-5.615234,-20.141600
0.749390,-0.404663,-0.120850,-26.306150,-2.258301,-23.254393
0.787842,-0.436035,-0.214600,-25.451658,1.281738,-24.963377
0.784302,-0.456543,-0.219360,-21.972654,6.347656,-26.916502
0.769775,-0.445435,-0.141846,-20.324705,7.324218,-28.686522
0.775513,-0.454712,-0.074097,-18.371582,7.507324,-27.893064
0.801270,-0.483032,-0.042847,-20.263670,7.690429,-26.733397
0.815308,-0.492065,-0.061035,-22.766111,10.620116,-25.756834
0.808472,-0.474854,-0.089233,-26.489256,15.380858,-28.259275
0.816040,-0.465820,-0.135132,-28.076170,16.967773,-32.714844
0.881104,-0.458862,-0.232544,-26.367186,16.357422,-35.461426
0.896484,-0.452026,-0.311646,-20.324705,16.967773,-36.010742
0.857178,-0.438843,-0.292969,-13.122558,18.798828,-35.583496
0.829712,-0.444946,-0.265869,-8.911133,17.578125,-36.254883
0.770386,-0.479126,-0.198364,-5.676269,15.380858,-37.719727
0.729614,-0.518555,-0.124390,-3.845215,11.718749,-41.748043
0.752930,-0.521362,-0.104370,-4.272461,4.333496,-45.593258
0.737915,-0.508423,-0.098145,-4.455566,-3.967285,-47.058102
0.766602,-0.460327,-0.083130,-3.845215,-11.413573,-50.109859
0.820801,-0.414429,-0.091553,-4.211426,-14.709472,-51.940914
0.850220,-0.373169,-0.102783,-4.394531,-14.099120,-52.734371
0.871216,-0.357300,-0.087646,-5.554199,-9.765625,-54.687496
0.909058,-0.360718,-0.109741,-8.605957,-3.784179,-56.823727
0.961914,-0.374756,-0.176270,-9.643555,5.126953,-58.532711
0.877808,-0.411133,-0.174683,-8.605957,12.329101,-57.128902
0.738892,-0.446289,-0.119995,-6.652832,16.235352,-59.875484
0.646484,-0.450073,-0.119385,-4.699707,8.422852,-65.734863
0.659668,-0.391602,-0.063721,-4.211426,-9.033203,-70.983887
0.776855,-0.309570,-0.088745,-5.615234,-24.108885,-72.204590
0.932861,-0.266602,-0.124878,-6.530761,-33.142090,-71.472168
0.973999,-0.249023,-0.099976,-7.690429,-28.259275,-68.298340
1.047852,-0.291260,-0.188232,-10.253905,-15.991210,-68.237305
0.832031,-0.281372,-0.065063,-12.084960,-1.892090,-68.237305
0.669800,-0.230103,0.020752,-15.686034,3.234863,-73.181152
0.704712,-0.267456,-0.067017,-20.263670,-7.202148,-78.674316
0.662598,-0.236084,0.014648,-18.737793,-30.456541,-81.176750
0.755615,-0.196655,0.053345,-18.615723,-50.354000,-81.603996
0.920410,-0.204468,-0.065796,-24.780272,-41.687008,-85.205070
1.065430,-0.204102,-0.194092,-30.090330,-26.062010,-92.956535
1.147339,-0.154053,-0.268677,-29.663084,-18.493652,-93.872063
1.229980,-0.128906,-0.342041,-26.000975,-14.038085,-90.698235
1.054810,-0.178223,-0.309326,-22.216795,-2.197266,-85.266106
0.904785,-0.151123,-0.207520,-20.629881,0.122070,-83.984367
0.894165,-0.094727,-0.168945,-21.606443,-12.817382,-80.627434
0.854004,-0.040771,-0.097900,-24.169920,-24.291990,-78.613281
0.982544,0.023315,-0.121704,-25.695799,-36.437988,-77.270508
1.387695,0.020020,-0.302490,-25.451658,-45.227047,-69.580078
1.481323,-0.010864,-0.435791,-21.057127,-39.184570,-54.931637
1.567261,-0.019897,-0.548340,-16.967773,-15.441894,-44.006344
1.350952,-0.089722,-0.467896,-12.512206,11.291503,-31.799314
0.998169,-0.135010,-0.333862,-12.512206,28.320311,-28.564451
0.995239,-0.128296,-0.277344,-9.277344,13.671874,-26.611326
1.085815,-0.115479,-0.217896,-6.652832,-4.760742,-21.301268
1.102783,-0.125610,-0.235229,-5.187988,-11.108397,-15.624999
1.174072,-0.138916,-0.288818,-3.906250,-10.864257,-13.732909
1.210083,-0.143066,-0.279419,-1.831055,-4.699707,-11.413573
1.170898,-0.143066,-0.251953,-1.037598,4.638672,-9.033203
1.092407,-0.131836,-0.207886,-1.220703,11.047362,-6.958007
0.981201,-0.128052,-0.192627,-2.685547,14.587401,-6.591796
0.962158,-0.110474,-0.161865,-2.990722,5.737304,-6.042480
0.965942,-0.098267,-0.148804,-3.295898,-5.920410,-3.479004
1.025391,-0.085449,-0.166992,-4.089355,-15.869140,-1.586914
1.064697,-0.074219,-0.193726,-5.249023,-18.005371,-0.122070
1.075928,-0.087646,-0.213745,-6.042480,-12.207030,0.976562
1.053223,-0.076660,-0.213135,-6.530761,-3.723144,1.281738
1.007690,-0.077759,-0.231934,-6.652832,1.770019,1.037598
0.986694,-0.082764,-0.242676,-5.004883,3.173828,1.342773
0.906372,-0.095337,-0.239380,-2.380371,2.502441,0.732422
0.927490,-0.064819,-0.212769,-0.610352,-2.258301,0.488281
0.956299,-0.057983,-0.210205,-0.427246,-3.356933,1.159668
0.979248,-0.041016,-0.223511,0.061035,-1.403808,1.281738
0.975098,-0.036743,-0.225952,0.366211,3.051758,0.671387
0.984009,-0.036255,-0.215698,0.183105,9.033203,-0.488281
0.970337,-0.050415,-0.216675,0.000000,13.183593,-0.122070
0.938843,-0.055176,-0.218628,0.000000,13.610839,-0.549316
0.888428,-0.061035,-0.214355,0.244141,9.887695,-0.976562
0.906494,-0.062134,-0.227051,1.647949,1.159668,-1.953125
0.935181,-0.038452,-0.181152,2.746582,-5.493164,-0.854492
0.937500,-0.027954,-0.158203,0.915527,-5.432128,-0.854492
0.991821,-0.031372,-0.186279,-0.671387,-3.173828,-0.915527
0.987305,-0.033447,-0.187866,-1.647949,1.953125,-0.915527
0.943481,-0.039795,-0.202637,-2.319336,5.432128,-1.831055
0.965332,-0.053467,-0.212769,-1.708984,2.624511,-2.014160
0.965332,-0.062134,-0.244873,-1.220703,0.854492,-1.770019
0.975342,-0.060669,-0.229248,-0.488281,-0.671387,-1.586914
0.963745,-0.070068,-0.188965,-0.488281,-1.159668,-1.525879
0.957886,-0.060547,-0.182129,-1.037598,-1.159668,-2.014160
0.955444,-0.049805,-0.178467,-1.831055,-0.854492,-2.685547
0.975098,-0.054321,-0.187744,-2.807617,0.732422,-3.540039
0.978149,-0.057617,-0.194092,-3.662109,3.540039,-4.516602
0.967407,-0.065918,-0.218994,-4.028320,5.432128,-5.004883
0.974609,-0.072388,-0.218750,-3.601074,5.920410,-5.676269
0.959106,-0.075195,-0.225708,-2.685547,4.943848,-5.798339
0.950928,-0.060913,-0.227539,-2.136230,0.549316,-5.981445
0.975830,-0.059204,-0.234741,-1.708984,-3.540039,-5.432128
0.996338,-0.060669,-0.245850,-1.159668,-5.004883,-4.821777
0.999634,-0.062500,-0.232422,-0.915527,-3.784179,-4.028320
0.982056,-0.062378,-0.213013,-0.915527,-1.953125,-3.417969
0.980347,-0.059570,-0.205566,-1.342773,-0.488281,-3.295898
1.018799,-0.055542,-0.228027,-1.770019,1.098633,-2.868652
1.038452,-0.064575,-0.234497,-1.647949,4.333496,-1.281738
1.055542,-0.062622,-0.263062,-0.671387,5.920410,0.427246
1.097534,-0.072021,-0.262695,1.464844,5.554199,3.417969
1.069214,-0.073608,-0.223145,2.502441,6.469726,6.347656
1.040161,-0.094727,-0.214478,1.892090,8.056641,7.263183
1.059692,-0.127319,-0.246826,4.577637,5.310058,8.911133
1.083374,-0.151001,-0.278931,6.103515,4.943848,9.887695
1.086914,-0.152588,-0.290039,7.019042,5.554199,10.498046
1.054688,-0.176514,-0.313843,9.399414,5.920410,10.925292
0.910645,-0.186035,-0.228516,10.253905,4.089355,11.108397
1.027832,-0.200806,-0.231201,10.803222,-0.976562,4.760742
1.345581,-0.185425,-0.237549,14.282226,-10.742187,5.981445
1.461060,-0.175415,-0.215332,15.991210,-0.671387,11.901855
1.422974,-0.196167,-0.119385,15.563964,22.033689,20.812986
1.309814,-0.191528,-0.034790,13.183593,41.503902,27.221678
1.144409,-0.185425,-0.065186,7.080078,44.189449,32.592773
1.101196,-0.171387,-0.119629,3.234863,25.817869,35.583496
1.215942,-0.142700,-0.204102,5.798339,0.488281,39.733887
1.252319,-0.136597,-0.319336,9.338379,-14.160155,48.156734
1.182251,-0.180054,-0.378052,11.657714,-9.643555,54.931637
1.166748,-0.150513,-0.359009,12.329101,0.915527,56.823727
1.293823,-0.071167,-0.332520,14.160155,8.544922,59.143063
1.403320,0.016968,-0.294556,13.854980,18.127441,68.176270
1.421265,0.044434,-0.246338,13.854980,26.977537,81.603996
1.280151,0.071045,-0.161865,10.070800,36.804199,95.642082
1.205444,0.039917,-0.179199,7.263183,37.963867,106.933586
0.642090,-0.112183,-0.248535,1.464844,37.780762,115.173332
0.508057,-0.055176,-0.126221,0.793457,15.197753,110.290520
0.899048,0.015015,-0.095459,2.502441,-18.371582,108.764641
0.931641,0.047241,0.059814,3.784179,-11.718749,116.271965
0.503540,0.011475,0.304688,1.892090,18.554688,120.788567
0.219238,-0.206299,-0.067505,-7.202148,12.145995,112.853996
0.798950,-0.449829,-0.795288,-0.183105,-54.565426,99.731438
1.949341,-0.284668,-0.600098,49.987789,-129.516602,113.220207
2.058228,0.007080,-0.134033,84.228508,-128.479004,158.630371
1.512207,0.041504,-0.261597,69.885254,-46.936031,195.129379
0.717407,-0.035156,-0.353149,56.213375,5.065917,192.138657
0.410278,-0.115601,-0.221924,50.659176,-0.732422,170.227036
0.515869,-0.225586,-0.211304,54.016109,-3.601074,161.071762
0.245483,-0.292969,-0.285034,52.673336,4.821777,157.531738
0.044312,-0.349609,-0.148682,50.415035,3.479004,141.235352
0.235107,-0.360352,-0.150757,49.865719,-17.639160,117.431633
0.269287,-0.318237,-0.057007,49.377438,-18.188477,102.478020
0.393677,-0.311279,-0.014404,43.640133,-14.709472,81.970207
0.157837,-0.490845,0.105957,33.447266,20.996092,63.476559
-0.065918,-0.663208,0.204590,15.380858,51.818844,36.315918
-0.132813,-0.695557,0.215698,4.333496,47.729488,15.686034
0.048340,-0.635010,0.138184,-1.586914,17.089844,-0.915527
0.338745,-0.588623,0.091309,-4.150391,-17.944336,-15.686034
0.586670,-0.563843,0.056152,-7.629394,-33.569336,-25.390623
0.842285,-0.528442,-0.049072,-12.634276,-32.714844,-31.372068
0.964600,-0.506714,-0.187012,-17.333984,-16.601563,-33.264160
0.925171,-0.503052,-0.260254,-18.981934,6.713867,-31.433104
0.834229,-0.533813,-0.201050,-17.822266,23.620604,-29.785154
0.796143,-0.586304,-0.170288,-15.686034,27.709959,-27.343748
0.720093,-0.604980,-0.106323,-13.244628,22.033689,-24.414061
0.796143,-0.581787,-0.120972,-12.023925,12.573241,-24.719236
0.886719,-0.550171,-0.155396,-12.390136,2.807617,-23.132322
0.902100,-0.545410,-0.174805,-12.817382,0.854492,-20.202635
0.944702,-0.562622,-0.295532,-13.793944,5.004883,-18.554688
0.830811,-0.605225,-0.308838,-12.817382,11.352538,-18.310547
0.736572,-0.600342,-0.257080,-9.155273,19.226074,-23.193357
0.681641,-0.594604,-0.140381,-7.385253,14.465331,-27.282713
0.683472,-0.589478,-0.050415,-6.713867,4.882813,-29.174803
0.727783,-0.588867,-0.055054,-8.117676,-2.685547,-27.160643
0.748657,-0.552856,-0.071533,-12.084960,-4.028320,-28.137205
0.759888,-0.498169,-0.096313,-17.272949,-1.159668,-32.836914
0.797119,-0.463989,-0.127197,-19.592285,-1.403808,-37.048340
0.854858,-0.447632,-0.192017,-19.531250,-2.441406,-39.062500
0.851807,-0.436646,-0.234253,-18.127441,-1.342773,-39.611816
0.803955,-0.442993,-0.186768,-16.540527,0.244141,-41.687008
0.751709,-0.455322,-0.118652,-15.930175,1.647949,-43.762203
0.696899,-0.479248,-0.055298,-16.296387,3.356933,-45.349117
0.784912,-0.464844,-0.087158,-17.150879,0.915527,-47.180172
0.793579,-0.423828,-0.147217,-19.714355,1.647949,-47.302242
0.810425,-0.371704,-0.196167,-22.644041,3.295898,-50.598141
0.859863,-0.344604,-0.249878,-22.277830,1.220703,-53.710934
0.969238,-0.318237,-0.349609,-19.409180,-1.403808,-54.748531
1.009888,-0.316162,-0.418213,-14.526366,-1.037598,-53.527828
0.917358,-0.344604,-0.366699,-8.117676,5.065917,-50.964352
0.859009,-0.395752,-0.267700,-4.028320,7.141113,-51.513668
0.762939,-0.423462,-0.135010,-2.502441,5.249023,-52.551266
0.776001,-0.440918,-0.133057,-3.234863,0.793457,-51.879879
0.805786,-0.436768,-0.144287,-5.371093,-5.187988,-52.856441
0.882202,-0.400391,-0.212158,-8.789063,-9.216309,-55.297848
0.922852,-0.346802,-0.238892,-9.216309,-12.390136,-57.067867
0.927856,-0.324951,-0.211548,-7.690429,-10.070800,-57.067867
0.893311,-0.343018,-0.187012,-7.934570,-6.713867,-57.006832
0.847534,-0.374390,-0.147827,-8.422852,-3.295898,-58.837887
0.751465,-0.354492,-0.064209,-9.399414,-6.958007,-59.265133
0.726685,-0.309937,-0.044556,-10.559081,-16.235352,-61.340328
0.736206,-0.243042,0.037964,-14.770507,-25.146482,-63.781734
0.755005,-0.189697,0.043457,-20.385740,-30.395506,-65.979004
0.902710,-0.180176,-0.111328,-26.977537,-25.756834,-71.350098
1.036865,-0.179565,-0.200806,-29.907225,-13.610839,-76.599121
0.972656,-0.179199,-0.231934,-28.503416,-1.159668,-76.049805
0.796509,-0.202759,-0.235352,-28.259275,13.854980,-78.063965
0.790405,-0.189575,-0.234619,-24.414061,5.065917,-82.031242
0.840698,-0.129517,-0.197998,-21.118162,-17.150879,-81.787102
0.947144,-0.077759,-0.160156,-20.507811,-29.174803,-80.627434
1.179077,-0.097656,-0.270996,-21.911619,-20.874022,-77.270508
1.117676,-0.134888,-0.246948,-22.521971,6.164550,-75.256348
0.911011,-0.199829,-0.258179,-26.733397,33.813477,-78.735352
0.849609,-0.162109,-0.217285,-27.282713,34.301758,-84.167473
0.873047,-0.090576,-0.189087,-24.047850,13.183593,-83.068840
0.950684,-0.083496,-0.245117,-22.277830,-11.291503,-78.063965
1.067749,-0.089478,-0.306152,-18.249512,-29.907225,-72.509766
1.229614,-0.096924,-0.335938,-13.122558,-34.912109,-66.772461
1.296631,-0.099487,-0.341431,-10.070800,-20.263670,-62.133785
1.209473,-0.108643,-0.271729,-11.108397,6.896972,-60.729977
1.088257,-0.100464,-0.216797,-13.671874,25.451658,-60.668941
1.000244,-0.081299,-0.208740,-15.075683,23.559568,-57.922359
0.986694,-0.046143,-0.177246,-13.793944,4.821777,-53.588863
1.052734,-0.050659,-0.258179,-13.488769,-12.390136,-48.767086
1.105469,-0.038330,-0.292480,-11.413573,-24.475096,-44.189449
1.215210,0.000366,-0.324951,-8.728027,-27.465818,-37.902832
1.284912,0.016602,-0.319214,-8.056641,-13.610839,-32.409668
1.208374,0.016357,-0.275146,-9.521484,8.911133,-28.015135
1.124268,-0.014771,-0.279419,-9.948730,22.827147,-24.963377
1.099365,-0.002808,-0.270630,-6.835937,18.920898,-19.104004
1.048462,-0.008423,-0.300415,-3.723144,10.253905,-13.000487
1.065796,-0.010132,-0.296143,-0.732422,-0.671387,-8.300781
1.139526,-0.022217,-0.317627,1.220703,-8.728027,-3.234863
1.146240,-0.011719,-0.291504,3.540039,-9.399414,2.197266
1.113037,-0.000610,-0.250244,3.417969,-3.540039,5.065917
1.046509,-0.020142,-0.238525,2.502441,3.784179,6.652832
0.991699,-0.027588,-0.220337,1.464844,6.347656,6.896972
0.978760,-0.032471,-0.224731,1.037598,4.821777,7.385253
0.974487,-0.046143,-0.241699,1.220703,2.258301,7.263183
0.957275,-0.043701,-0.245483,2.075195,-0.366211,7.629394
0.959229,-0.027710,-0.255737,2.563476,-3.723144,6.896972
0.977539,-0.009644,-0.240723,3.295898,-6.408691,6.774902
0.948853,0.005005,-0.214600,2.990722,-5.065917,6.835937
0.934692,-0.005615,-0.198120,1.525879,-1.037598,5.187988
0.912842,-0.019165,-0.185181,-0.915527,2.624511,2.990722
0.927124,-0.021484,-0.206299,-2.258301,4.882813,1.159668
0.927490,-0.015015,-0.225342,-2.563476,6.896972,-0.305176
0.928711,-0.013794,-0.266235,-1.281738,6.530761,-1.037598
0.930420,-0.002441,-0.279175,1.098633,2.258301,-0.427246
0.931396,0.021240,-0.236084,3.356933,-1.220703,0.366211
0.912476,0.023804,-0.213135,3.540039,-2.624511,0.732422
0.937012,0.015015,-0.196899,2.380371,-3.479004,-0.305176
0.947876,0.012939,-0.196655,0.854492,-2.380371,-0.854492
0.942627,-0.001831,-0.213867,-0.549316,0.549316,-2.136230
0.945190,-0.008789,-0.223755,-1.159668,3.051758,-3.173828
0.942627,-0.012573,-0.249634,-1.098633,3.662109,-3.417969
0.948242,-0.013550,-0.241333,-0.244141,1.953125,-3.601074
0.937500,-0.005615,-0.225464,0.427246,-0.488281,-3.601074
0.957275,-0.008545,-0.218018,0.488281,-3.112793,-3.173828
0.952881,-0.017456,-0.214844,-0.183105,-2.075195,-2.929687
0.951660,-0.016113,-0.217407,-1.220703,-0.183105,-3.967285
0.959839,-0.009277,-0.213989,-2.624511,1.586914,-5.371093
0.971191,-0.004517,-0.221802,-3.417969,2.258301,-6.225585
0.967285,0.001099,-0.240845,-3.723144,1.159668,-6.408691
0.979492,0.010620,-0.249023,-3.112793,-0.732422,-6.469726
0.981201,0.015259,-0.245361,-2.563476,-1.770019,-5.798339
0.990479,0.020874,-0.255249,-1.892090,-2.380371,-4.760742
0.994629,0.010254,-0.263550,-0.671387,-3.662109,-3.173828
1.003052,0.007935,-0.248291,0.366211,-1.770019,-2.319336
0.999146,-0.010986,-0.255981,0.305176,1.892090,-2.014160
0.972656,-0.001465,-0.221680,0.427246,4.211426,-1.953125
0.970459,-0.005493,-0.226685,-0.366211,4.272461,-2.075195
0.968262,-0.001343,-0.222412,-0.488281,2.502441,-1.831055
0.977783,0.001465,-0.235474,-0.793457,1.098633,-1.831055
0.962158,0.006104,-0.237549,-0.427246,0.183105,-1.220703
0.968750,0.005249,-0.236328,0.000000,-1.464844,-0.854492
1.000977,0.006958,-0.237671,0.854492,-3.540039,-0.122070
1.020508,-0.004395,-0.247192,1.525879,-1.525879,0.732422
1.020386,-0.016968,-0.245117,2.258301,1.647949,1.159668
1.007813,-0.028198,-0.219849,2.075195,4.577637,1.464844
1.037109,-0.019287,-0.239136,1.953125,4.577637,2.136230
1.058472,-0.030396,-0.234375,2.380371,4.699707,3.845215
1.084473,-0.030884,-0.240723,2.990722,5.554199,5.371093
1.155273,-0.037964,-0.261963,3.967285,5.493164,7.873535
1.130371,-0.061768,-0.249023,5.249023,7.507324,12.023925
1.064453,-0.092041,-0.271973,6.530761,9.887695,14.038085
1.015747,-0.117310,-0.262207,8.483887,8.789063,13.671874
0.949463,-0.130859,-0.263672,10.742187,6.713867,10.864257
0.973633,-0.128906,-0.220337,10.864257,3.723144,6.896972
1.116455,-0.123169,-0.221924,12.512206,0.305176,5.615234
1.229980,-0.117676,-0.210083,13.549804,4.821777,8.666992
1.368652,-0.145630,-0.235352,14.404296,11.413573,13.610839
1.444946,-0.142578,-0.232056,14.770507,21.179197,20.690916
1.288696,-0.123291,-0.179443,13.854980,26.611326,30.212400
1.087402,-0.098755,-0.097778,10.437011,21.911619,36.560059
0.942139,-0.077026,-0.162231,6.347656,9.399414,38.452148
0.878662,-0.089844,-0.236206,3.845215,-9.460449,37.963867
1.078369,-0.040405,-0.271362,5.432128,-27.160643,36.865234
1.330566,0.005371,-0.306396,8.422852,-23.925779,42.602535
1.452148,0.052002,-0.359253,10.192870,-3.295898,51.879879
1.447876,0.071777,-0.376465,12.451171,19.226074,63.842770
1.258423,0.076416,-0.411865,14.892577,34.484863,76.843262
0.888794,0.069946,-0.280762,15.563964,32.409668,86.608879
0.697021,0.087524,-0.138794,15.197753,10.864257,89.294426
0.772339,0.115723,-0.116211,14.770507,-14.953612,88.134758
1.024048,0.115112,-0.032349,12.145995,-33.935547,94.848625
0.852051,0.004028,-0.083496,8.117676,-21.423338,104.003899
0.842285,-0.102051,-0.061401,5.737304,-22.521971,102.905266
0.909302,-0.236206,-0.216553,8.544922,-37.292480,101.013176
1.053833,-0.261230,-0.189209,20.446775,-45.715328,104.125969
1.174316,-0.192993,-0.022461,30.212400,-49.560543,117.065422
1.121948,-0.210327,-0.221924,30.639647,-42.602535,127.014153
0.921387,-0.223633,-0.442383,37.353516,-49.499508,125.427238
1.628296,0.026489,-0.598022,53.955074,-82.519524,126.586906
2.079468,0.135986,-0.812378,72.265625,-80.871574,163.879379
1.421021,0.151489,-0.736816,84.655754,4.089355,187.255844
0.481201,-0.146606,-0.497070,77.331543,88.867180,171.813950
-0.154541,-0.537842,-0.222046,68.664551,120.605461,138.366699
-0.453613,-0.751953,0.019531,59.753414,86.791985,107.971184
-0.375610,-0.707397,0.171021,50.109859,35.156250,82.641594
-0.092651,-0.556396,0.178101,39.428711,-11.047362,61.218258
0.262817,-0.404053,0.150513,26.977537,-32.958984,42.602535
0.625977,-0.299683,-0.008301,15.380858,-28.930662,26.306150
0.627563,-0.354980,0.035278,4.455566,10.375976,10.864257
0.393066,-0.454956,0.094116,-8.911133,42.846676,-7.324218
0.428955,-0.476074,0.033447,-16.479492,37.841797,-23.437498
0.539673,-0.402222,-0.067749,-17.883301,9.155273,-26.428221
0.709351,-0.322632,-0.179688,-14.709472,-18.920898,-22.155760
0.882935,-0.278564,-0.236206,-10.131835,-33.386230,-17.883301
1.029785,-0.270142,-0.239502,-7.934570,-33.264160,-13.061522
1.109009,-0.287231,-0.223633,-8.789063,-20.629881,-7.446289
1.041626,-0.350098,-0.213623,-11.779784,1.220703,-1.281738
0.844116,-0.436523,-0.214844,-14.404296,19.348145,1.464844
0.751831,-0.475708,-0.241699,-14.343261,16.967773,1.403808
0.803955,-0.484985,-0.270142,-9.765625,1.464844,2.868652
0.823608,-0.495972,-0.283447,-5.493164,-5.432128,3.845215
0.881104,-0.487915,-0.256104,-2.563476,-8.605957,2.868652
0.898560,-0.466919,-0.216553,-1.770019,-7.141113,1.586914
0.900024,-0.462158,-0.185425,-2.807617,-3.479004,1.220703
0.908325,-0.466797,-0.164795,-4.150391,2.319336,1.647949
0.874268,-0.463013,-0.116455,-6.347656,10.437011,1.708984
0.823364,-0.461426,-0.089966,-10.070800,18.127441,0.183105
0.771729,-0.489258,-0.153564,-13.366698,25.268553,-3.906250
0.730835,-0.502686,-0.180786,-12.939452,26.000975,-8.544922
0.717041,-0.487549,-0.193237,-9.887695,19.409180,-12.756347
0.743652,-0.449341,-0.169434,-7.019042,10.437011,-14.648437
0.805786,-0.404907,-0.158691,-5.737304,5.859375,-15.808105
0.838623,-0.350464,-0.160278,-6.469726,8.483887,-17.028809
0.858276,-0.315308,-0.144897,-8.728027,15.441894,-18.676758
0.840942,-0.316284,-0.190063,-11.901855,26.428221,-21.301268
0.747803,-0.383911,-0.202393,-13.854980,38.391113,-26.672361
0.621704,-0.452637,-0.236206,-14.221190,42.114254,-33.996582
0.582886,-0.434326,-0.206543,-10.864257,34.606934,-41.137691
0.638184,-0.385620,-0.179932,-7.873535,17.517090,-43.762203
0.671631,-0.320190,-0.152710,-8.056641,4.272461,-44.677731
0.734741,-0.284668,-0.125366,-10.681151,-3.173828,-46.447750
0.759399,-0.280396,-0.117188,-14.038085,-3.540039,-49.621578
0.795898,-0.306030,-0.156616,-17.517090,0.427246,-53.649899
0.785767,-0.364502,-0.192261,-18.066406,5.859375,-57.617184
0.786499,-0.389282,-0.256348,-16.784668,11.230468,-61.645504
0.800659,-0.390259,-0.244751,-13.732909,12.634276,-65.307617
0.767456,-0.348755,-0.183960,-11.596679,9.033203,-66.101074
0.764160,-0.331787,-0.141235,-11.962890,-0.122070,-68.298340
0.833374,-0.283325,-0.129395,-12.145995,-7.446289,-69.824219
0.865479,-0.277466,-0.113770,-13.732909,-13.305663,-69.702148
0.914551,-0.275146,-0.195801,-14.892577,-15.136718,-71.472168
0.874512,-0.317017,-0.279907,-13.488769,-12.573241,-74.157715
0.895874,-0.282593,-0.274536,-10.375976,-14.160155,-77.270508
0.915527,-0.247192,-0.219238,-7.812500,-19.714355,-75.805664
0.937744,-0.178955,-0.103638,-8.361816,-20.507811,-75.256348
0.934204,-0.139526,-0.030151,-13.793944,-16.052246,-74.157715
0.961060,-0.133423,-0.048096,-19.165039,-14.587401,-75.744629
1.021240,-0.137451,-0.120117,-18.798828,-18.127441,-72.998047
1.089233,-0.157104,-0.187988,-15.808105,-17.944336,-68.481445
1.110474,-0.187866,-0.262817,-13.549804,-10.681151,-65.307617
1.015625,-0.204468,-0.384644,-10.864257,-0.549316,-66.040039
0.842896,-0.222412,-0.393799,-7.080078,1.037598,-70.190430
0.808105,-0.144043,-0.292114,-0.732422,-6.713867,-75.256348
0.945923,-0.037476,-0.184937,2.929687,-16.235352,-74.096680
1.030884,0.009033,-0.125488,-1.342773,-11.962890,-68.786621
1.062256,-0.011353,-0.135620,-5.981445,-3.601074,-65.124512
1.138794,-0.015747,-0.208862,-7.507324,0.549316,-61.279293
1.114014,-0.029663,-0.262939,-6.835937,0.488281,-54.077145
1.026978,-0.043457,-0.320679,-6.103515,-4.577637,-49.194332
1.054932,-0.046875,-0.338379,-2.014160,-14.099120,-44.860836
1.174194,-0.017090,-0.289063,0.732422,-15.991210,-38.757324
1.201782,-0.039917,-0.256958,0.610352,-13.183593,-31.433104
1.273682,-0.089478,-0.299438,0.854492,-12.268065,-28.564451
1.241211,-0.125732,-0.272827,1.831055,-5.981445,-22.338865
1.152100,-0.128784,-0.212280,2.502441,1.220703,-18.127441
1.089600,-0.150269,-0.205811,1.281738,6.774902,-16.662598
1.039917,-0.160156,-0.227173,0.061035,8.056641,-15.930175
0.979492,-0.141968,-0.227417,0.793457,4.516602,-15.686034
1.047485,-0.095581,-0.215088,1.953125,-3.356933,-16.113281
1.137329,-0.080322,-0.198364,2.380371,-10.925292,-13.610839
1.169800,-0.097412,-0.218262,2.014160,-13.183593,-10.009766
1.150269,-0.102051,-0.178223,1.342773,-7.751464,-6.774902
1.143433,-0.111450,-0.245972,-0.427246,2.197266,-4.882813
1.086670,-0.106934,-0.246826,-0.976562,7.995605,-2.929687
0.931396,-0.105835,-0.222290,-0.915527,12.512206,-1.770019
0.937744,-0.077637,-0.225830,-1.586914,10.192870,-3.295898
0.985229,-0.047485,-0.212769,-1.037598,1.953125,-2.746582
1.001587,-0.039063,-0.188110,-0.854492,-2.990722,-0.732422
1.007813,-0.047852,-0.207275,-1.770019,-2.624511,0.915527
1.030273,-0.048096,-0.214355,-2.075195,-1.586914,1.403808
1.027710,-0.050903,-0.236694,-1.647949,0.244141,2.868652
0.987183,-0.057495,-0.247192,-1.037598,4.089355,3.723144
0.946655,-0.065918,-0.272705,-0.671387,6.591796,3.662109
0.923462,-0.040771,-0.231445,0.915527,5.187988,3.417969
0.909424,-0.043579,-0.212158,1.464844,3.112793,2.807617
0.947754,-0.052124,-0.205811,0.915527,1.342773,2.136230
0.956665,-0.049561,-0.199951,0.061035,-0.183105,2.197266
0.964966,-0.042969,-0.205444,-0.854492,0.183105,1.831055
0.914917,-0.040161,-0.211060,-1.525879,0.488281,1.953125
0.920044,-0.030884,-0.213989,-2.136230,-0.366211,0.976562
0.947754,-0.023926,-0.228271,-2.075195,-2.990722,0.305176
0.930786,-0.030640,-0.231812,-1.220703,-3.112793,0.366211
0.954102,-0.026978,-0.224365,-1.037598,-2.685547,0.122070
0.983521,-0.027222,-0.219482,-0.854492,-2.807617,0.244141
0.999634,-0.023560,-0.224243,-0.671387,-1.403808,1.037598
0.994019,-0.049561,-0.224243,-0.732422,2.441406,1.342773
0.975586,-0.049438,-0.215820,-0.915527,7.019042,1.464844
0.917603,-0.055542,-0.206909,-0.915527,9.094238,1.037598
0.891357,-0.045654,-0.210449,-1.281738,6.713867,-0.061035
0.912231,-0.051880,-0.216553,-0.915527,0.488281,-1.342773
0.966309,-0.044434,-0.220703,-0.732422,-4.028320,-1.770019
1.016968,-0.046021,-0.233521,-1.342773,-4.821777,-1.953125
1.008179,-0.048340,-0.219604,-1.159668,-1.586914,-1.220703
0.986694,-0.051025,-0.211548,-2.197266,2.868652,-1.281738
0.983643,-0.040771,-0.199585,-2.929687,4.272461,-1.098633
0.959229,-0.042847,-0.208740,-3.234863,3.173828,-0.061035
0.920166,-0.054321,-0.212280,-3.723144,1.464844,0.061035
0.919556,-0.055786,-0.222168,-4.028320,-1.831055,-0.427246
0.969849,-0.046387,-0.225220,-3.662109,-5.981445,-1.037598
1.021606,-0.045166,-0.246094,-2.990722,-7.202148,-0.671387
1.020020,-0.061035,-0.246826,-2.746582,-3.417969,0.061035
1.010620,-0.064087,-0.246216,-2.441406,1.708984,-0.061035
0.995605,-0.048340,-0.223389,-2.258301,3.845215,0.671387
0.955688,-0.041382,-0.210205,-2.014160,3.784179,1.770019
0.932007,-0.047119,-0.219482,-2.746582,1.037598,2.441406
0.945313,-0.040405,-0.226318,-3.234863,-3.662109,2.502441
0.986816,-0.038696,-0.248535,-2.502441,-8.239746,2.868652
1.012939,-0.061523,-0.267090,-1.586914,-7.873535,3.540039
1.025146,-0.092041,-0.236206,-0.793457,-4.882813,4.028320
1.067261,-0.112427,-0.236084,-0.305176,1.159668,2.746582
1.103638,-0.115845,-0.233765,0.427246,7.385253,2.258301
1.023682,-0.119385,-0.224976,0.793457,14.831542,3.662109
0.959839,-0.113770,-0.206909,0.427246,18.066406,3.356933
1.008301,-0.109375,-0.225830,1.464844,11.047362,1.647949
1.059326,-0.148560,-0.248779,2.624511,4.089355,3.173828
1.105225,-0.187622,-0.243896,4.089355,-0.427246,4.638672
1.152100,-0.215210,-0.248535,6.042480,-0.183105,5.798339
1.121948,-0.242188,-0.238525,6.103515,3.723144,7.324218
1.139648,-0.212891,-0.222778,4.577637,4.455566,8.117676
1.158936,-0.167480,-0.202026,3.601074,1.586914,10.070800
1.225098,-0.117188,-0.208862,1.525879,-0.305176,14.770507
1.280762,-0.095825,-0.230835,-0.488281,-0.122070,21.179197
1.268921,-0.135742,-0.229980,-1.525879,3.112793,29.296873
1.221802,-0.106567,-0.200928,-0.854492,2.990722,36.865234
1.232300,-0.052612,-0.196289,-1.831055,1.831055,43.640133
1.385620,-0.076538,-0.335205,-0.488281,2.197266,51.452633
1.384888,-0.116333,-0.409790,4.089355,5.920410,61.950680
1.272949,-0.079468,-0.326294,9.948730,9.582520,72.387695
1.210327,-0.067871,-0.305054,12.573241,10.864257,79.895020
1.119751,-0.072021,-0.275024,12.634276,7.019042,85.632317
1.019653,0.005371,-0.147217,13.854980,0.732422,89.721672
1.002441,0.078003,-0.031006,11.352538,-1.281738,92.224113
1.140503,0.052368,-0.143066,6.286621,1.708984,97.961418
1.083984,-0.120728,-0.264038,2.929687,3.784179,105.041496
0.897095,-0.119263,-0.176270,9.704590,3.479004,109.069817
0.868286,-0.091309,-0.070435,13.977050,-2.624511,114.624016
0.994629,-0.067993,-0.062500,17.028809,-27.099607,121.276848
1.002441,-0.046753,-0.071533,24.353025,-58.410641,132.751465
1.258911,-0.035889,-0.308350,31.433104,-76.477051,143.920898
1.656982,-0.096069,-0.518921,39.428711,-77.209473,151.794434
1.456299,-0.086304,-0.465698,52.001949,-44.921871,167.663559
1.209961,-0.077881,-0.525146,54.260250,-16.418457,177.795395
1.091187,-0.188232,-0.692871,57.373043,-3.662109,179.443344
0.975708,-0.172119,-0.575684,73.059082,0.061035,177.978500
0.618530,-0.263184,-0.417114,76.843262,23.986814,178.100571
0.110596,-0.443237,-0.273682,74.157715,44.494625,165.527328
-0.182861,-0.532837,-0.060059,69.152832,37.963867,140.136719
-0.240479,-0.614136,0.044434,56.152340,21.545408,107.849113
-0.082520,-0.624878,0.109863,45.410152,17.211914,79.345703
-0.107178,-0.631470,0.102905,30.700682,26.123045,53.771969
-0.185059,-0.644775,0.192505,19.531250,31.921385,24.902342
-0.123291,-0.573975,0.269531,8.422852,19.409180,-4.516602
0.219727,-0.447754,0.188110,-0.183105,-13.549804,-24.047850
0.646851,-0.325806,0.018066,-5.249023,-37.719727,-28.625486
0.906372,-0.257202,-0.161987,-6.042480,-33.996582,-24.536131
0.983643,-0.284668,-0.280029,-5.554199,-13.183593,-20.141600
0.966797,-0.330322,-0.318726,-3.845215,7.629394,-15.380858
0.890503,-0.394287,-0.260620,-1.464844,18.371582,-8.300781
0.790161,-0.476318,-0.192017,-0.061035,22.460936,-1.586914
0.662598,-0.536621,-0.153320,-0.732422,20.629881,1.342773
0.658691,-0.545898,-0.171875,-1.403808,8.239746,1.098633
0.719360,-0.526855,-0.206909,-1.159668,-6.774902,1.342773
0.816406,-0.520508,-0.208130,-0.610352,-16.357422,3.540039
0.870483,-0.530640,-0.212646,-2.502441,-14.343261,4.333496
0.855713,-0.557739,-0.205444,-4.760742,-7.324218,3.540039
0.823364,-0.582520,-0.182983,-6.835937,-1.037598,2.380371
0.770874,-0.599243,-0.148193,-8.300781,4.089355,2.197266
0.726318,-0.624756,-0.116455,-8.483887,4.760742,1.220703
0.724731,-0.608032,-0.088745,-9.216309,3.295898,-1.953125
0.737427,-0.574585,-0.105103,-9.948730,1.098633,-5.065917
0.772339,-0.532227,-0.139404,-9.765625,-1.098633,-8.117676
0.796631,-0.518555,-0.161499,-9.155273,-1.159668,-9.826660
0.807739,-0.501709,-0.191528,-7.934570,2.197266,-11.291503
0.820679,-0.486084,-0.225342,-6.774902,4.760742,-11.840819
0.755127,-0.480957,-0.238159,-4.699707,10.192870,-13.305663
0.714600,-0.458740,-0.196411,-4.272461,13.732909,-16.296387
0.676514,-0.428223,-0.139038,-5.676269,15.258788,-18.737793
0.610840,-0.441528,-0.089111,-8.972168,19.531250,-21.972654
0.555420,-0.449707,-0.086670,-13.000487,23.803709,-26.855467
0.524902,-0.464722,-0.093384,-17.639160,24.597166,-34.240723
0.543579,-0.436401,-0.135986,-20.507811,19.714355,-41.809078
0.574829,-0.406250,-0.180054,-21.179197,14.648437,-47.241207
0.591064,-0.377930,-0.185669,-20.019531,8.300781,-52.795406
0.619629,-0.354736,-0.167114,-18.554688,4.577637,-57.800289
0.650513,-0.344971,-0.149048,-18.066406,2.868652,-62.194820
0.675659,-0.347168,-0.102051,-19.042969,4.028320,-67.138672
0.733154,-0.346313,-0.130981,-21.911619,7.263183,-72.875977
0.704468,-0.385620,-0.210205,-25.024412,16.235352,-79.101563
0.669922,-0.400391,-0.232910,-24.963377,22.827147,-85.632317
0.660278,-0.401855,-0.252197,-22.033689,20.996092,-91.186516
0.696899,-0.358887,-0.207886,-17.822266,10.498046,-94.726555
0.753418,-0.322998,-0.171387,-15.869140,-1.098633,-96.252434
0.790894,-0.289917,-0.122681,-16.845703,-11.718749,-96.191399
0.840820,-0.290527,-0.132080,-19.592285,-18.737793,-96.984856
0.878052,-0.309692,-0.112061,-23.071287,-22.766111,-98.083488
0.895020,-0.349609,-0.172852,-25.878904,-19.165039,-99.426262
0.923706,-0.349487,-0.221680,-26.367186,-22.766111,-101.013176
0.975952,-0.298218,-0.202271,-25.207518,-32.897949,-100.524895
0.975342,-0.227051,-0.134521,-23.742674,-40.893551,-96.313469
1.089111,-0.182007,-0.194946,-26.367186,-45.898434,-93.322746
1.040039,-0.158325,-0.124390,-28.320311,-41.809078,-90.087883
0.882324,-0.117432,-0.042603,-31.555174,-26.916502,-91.369621
0.958984,-0.174683,-0.195557,-37.963867,-21.667479,-95.458977
1.065308,-0.212769,-0.250122,-37.780762,-18.737793,-95.520012
1.166138,-0.188721,-0.362915,-34.606934,-19.226074,-91.918938
1.319336,-0.173096,-0.433350,-29.174803,-18.127441,-89.294426
1.327881,-0.126709,-0.365723,-23.132322,-8.850098,-80.749504
1.293945,-0.125610,-0.314453,-18.798828,-9.460449,-72.143555
1.160645,-0.164429,-0.273682,-15.563964,-13.061522,-64.086914
0.837036,-0.191040,-0.253418,-16.723633,-13.122558,-60.241695
0.837646,-0.115967,-0.260742,-17.822266,-30.029295,-64.697266
1.047485,-0.042969,-0.283936,-16.174316,-40.588375,-64.575195
1.197021,-0.037476,-0.389771,-15.380858,-28.991697,-59.265133
1.339966,-0.054932,-0.422974,-13.183593,-8.728027,-55.175777
1.313477,-0.038086,-0.367310,-10.498046,9.765625,-47.851559
1.173950,-0.034912,-0.342529,-9.033203,15.380858,-39.611816
1.091431,-0.034424,-0.324829,-6.835937,9.155273,-32.226563
1.039429,-0.013794,-0.306885,-4.028320,-4.455566,-24.658201
1.121460,-0.018677,-0.356323,-2.807617,-14.648437,-18.493652
1.239624,-0.060425,-0.424316,0.305176,-16.662598,-13.061522
1.283569,-0.074219,-0.419556,3.479004,-7.202148,-6.835937
1.253174,-0.086182,-0.343140,4.821777,7.202148,-2.075195
1.084717,-0.113525,-0.261597,2.258301,19.836426,0.976562
0.971924,-0.118896,-0.231201,-0.061035,21.484373,1.525879
0.944580,-0.113281,-0.220581,-0.915527,10.437011,2.746582
0.918457,-0.109741,-0.251587,-0.671387,-1.281738,2.929687
0.943481,-0.084106,-0.255493,-0.244141,-12.878417,2.502441
1.040649,-0.064697,-0.295654,0.976562,-18.127441,2.746582
1.134766,-0.061035,-0.345825,2.197266,-12.878417,3.967285
1.114136,-0.056274,-0.303223,3.601074,2.929687,5.493164
0.959961,-0.070679,-0.251587,1.403808,21.179197,5.249023
0.875366,-0.099365,-0.225830,-0.732422,25.695799,2.319336
0.904663,-0.092041,-0.234253,-1.220703,15.380858,1.159668
0.879761,-0.075439,-0.252441,-1.525879,5.432128,1.831055
0.900146,-0.052612,-0.259644,-1.281738,-3.356933,1.831055
0.950317,-0.040894,-0.266235,-2.014160,-8.056641,1.831055
1.006348,-0.025146,-0.282959,-2.136230,-8.666992,2.685547
0.976685,-0.017944,-0.281860,-3.051758,-3.479004,3.662109
0.941528,-0.032104,-0.262939,-4.333496,2.075195,3.051758
0.897339,-0.040405,-0.254395,-5.371093,5.249023,1.770019
0.892090,-0.047607,-0.274048,-4.821777,4.882813,1.281738
0.916626,-0.040527,-0.282471,-3.051758,1.098633,0.610352
0.924072,-0.038818,-0.291504,-1.342773,-0.915527,0.427246
0.966187,-0.039063,-0.300537,0.549316,-1.220703,0.183105
1.001953,-0.039795,-0.298706,2.319336,1.953125,0.610352
0.960449,-0.048340,-0.268555,2.746582,9.399414,1.098633
0.938110,-0.054565,-0.264771,2.197266,14.343261,-0.305176
0.923340,-0.061035,-0.254761,1.403808,14.221190,-1.220703
0.871704,-0.065796,-0.261841,0.854492,11.596679,-1.892090
0.876465,-0.054321,-0.254517,0.915527,4.882813,-3.845215
0.908691,-0.031616,-0.242188,0.610352,-2.319336,-3.784179
0.960205,-0.031494,-0.256958,-0.305176,-4.272461,-3.845215
0.977173,-0.035034,-0.282837,-1.220703,-2.380371,-3.845215
0.968384,-0.021729,-0.281494,-1.342773,0.915527,-3.356933
0.954590,-0.033936,-0.262329,-1.586914,3.540039,-3.112793
0.941650,-0.052856,-0.286011,-1.464844,4.882813,-3.112793
0.954468,-0.046021,-0.272461,-0.427246,2.197266,-2.990722
0.932007,-0.049316,-0.284912,0.061035,1.159668,-2.624511
0.968628,-0.052002,-0.285278,0.915527,-1.831055,-2.868652
0.977417,-0.038574,-0.272949,1.770019,-1.586914,-1.831055
0.965942,-0.034058,-0.258301,1.708984,0.061035,-1.403808
0.970581,-0.037964,-0.255859,1.464844,2.197266,-1.586914
0.963257,-0.047607,-0.242554,0.976562,3.662109,-1.403808
0.958984,-0.043823,-0.231689,0.427246,3.540039,-2.014160
0.943970,-0.051636,-0.263794,-0.244141,3.173828,-1.770019
0.942627,-0.056152,-0.261719,0.000000,1.953125,-2.746582
0.978394,-0.046143,-0.270874,0.854492,-0.244141,-2.624511
0.977295,-0.037354,-0.278076,1.708984,-0.061035,-2.075195
0.989380,-0.033203,-0.282104,1.708984,2.258301,-1.708984
0.977661,-0.028687,-0.265625,1.708984,4.272461,-1.159668
0.973267,-0.025513,-0.266235,1.464844,5.676269,-0.793457
0.973267,-0.036865,-0.261475,1.586914,3.417969,-0.305176
0.982300,-0.051392,-0.249023,1.525879,1.831055,0.427246
0.991455,-0.066162,-0.261597,1.770019,0.488281,1.220703
0.991943,-0.070435,-0.264160,2.136230,-0.183105,1.525879
1.017578,-0.065430,-0.270264,2.929687,0.366211,1.708984
1.034546,-0.058472,-0.277954,3.540039,1.098633,2.990722
1.041870,-0.056396,-0.277344,4.333496,4.150391,3.784179
1.077515,-0.060425,-0.287231,5.371093,5.493164,5.676269
1.062500,-0.061035,-0.244263,5.493164,7.202148,8.422852
0.997070,-0.072998,-0.214600,4.150391,8.483887,9.399414
0.981079,-0.099487,-0.252441,3.479004,5.371093,9.094238
0.971191,-0.119751,-0.273804,5.249023,-0.305176,9.277344
0.997314,-0.111694,-0.290649,6.225585,-0.854492,8.422852
1.056519,-0.098389,-0.324463,7.690429,2.014160,8.789063
1.190918,-0.111572,-0.375732,10.498046,5.371093,10.620116
1.266846,-0.126709,-0.341187,13.549804,11.718749,15.991210
1.253784,-0.128906,-0.178589,14.404296,19.592285,21.728514
1.261108,-0.102539,-0.130737,11.718749,21.057127,26.916502
1.002686,-0.151611,-0.129150,4.089355,10.681151,35.766602
0.729736,-0.173096,-0.139038,-2.929687,-13.854980,34.118652
0.800171,-0.158936,-0.202637,-5.371093,-46.752926,32.531738
1.032715,-0.057129,-0.205322,-5.737304,-65.246582,36.560059
1.371460,-0.060791,-0.344116,-9.094238,-43.273922,41.137691
1.426025,-0.082153,-0.360107,-9.338379,-11.413573,47.241207
1.162476,-0.046631,-0.232788,-12.329101,20.812986,50.659176
0.886597,-0.025635,-0.240601,-13.305663,19.897461,48.828121
0.981323,-0.038208,-0.310669,-8.422852,-3.234863,56.762691
0.885742,-0.062256,-0.267212,-0.854492,-8.300781,64.819336
0.710449,-0.104858,-0.152710,2.502441,-16.662598,66.528320
1.011719,-0.151489,-0.425903,10.681151,-52.429195,69.274902
2.282104,-0.141113,-0.845215,35.278320,-90.637199,91.857903
2.544922,0.044678,-0.790283,53.344723,-26.306150,139.221191
1.961792,0.107056,-0.427368,46.386715,84.838860,164.978012
0.970215,-0.027344,-0.299561,34.912109,119.689934,164.550766
0.573730,-0.206177,-0.349487,38.085938,66.467285,158.142090
0.593018,-0.291870,-0.246216,50.964352,8.666992,162.963852
0.696899,-0.300049,-0.252563,59.753414,-27.282713,170.715317
0.850342,-0.297363,-0.337036,65.124512,-55.541988,173.706039
0.981079,-0.233643,-0.338379,71.228027,-71.411133,171.936020
1.313721,-0.094482,-0.366211,73.486328,-60.302731,169.555649
1.317993,-0.158325,-0.411621,71.594238,2.380371,174.377426
0.651611,-0.292114,-0.221924,63.659664,75.866699,163.513168
0.095337,-0.469360,-0.064331,54.870602,98.815910,141.052246
-0.094727,-0.561401,0.068481,47.668453,72.143555,119.445793
-0.053955,-0.529907,0.037476,44.128414,25.024412,100.463860
0.067139,-0.495972,-0.018066,44.921871,-14.831542,86.791985
0.312134,-0.474609,-0.085327,46.386715,-34.057617,78.430176
0.389526,-0.457153,-0.083862,42.663570,-29.357908,62.622066
0.597046,-0.421631,-0.080444,37.475586,-12.939452,47.180172
0.605225,-0.425293,-0.094604,28.503416,19.165039,37.292480
0.501221,-0.485229,-0.121704,25.024412,32.226563,32.592773
0.239990,-0.560059,-0.002808,18.066406,50.842281,22.216795
0.127808,-0.587769,0.104004,11.413573,50.964352,7.385253
0.168823,-0.550293,0.117554,5.249023,30.090330,-6.530761
0.424561,-0.498535,-0.037720,1.037598,0.549316,-16.357422
0.617065,-0.428345,-0.095459,-0.549316,-18.127441,-18.676758
0.839111,-0.401245,-0.157837,-1.831055,-24.475096,-20.080564
0.964966,-0.401855,-0.245483,-4.211426,-17.944336,-18.554688
0.949585,-0.422607,-0.267944,-3.784179,-4.272461,-14.526366
0.842529,-0.463135,-0.243286,-3.906250,10.131835,-11.779784
0.743652,-0.502441,-0.191528,-4.089355,15.319823,-9.460449
0.681885,-0.541626,-0.118164,-3.601074,12.573241,-6.835937
0.619873,-0.553345,-0.044800,-5.004883,5.493164,-5.737304
0.683838,-0.547729,-0.066650,-9.460449,-2.807617,-8.850098
0.723755,-0.529785,-0.094849,-13.610839,-5.737304,-12.634276
0.763184,-0.532593,-0.106812,-16.296387,-6.591796,-13.854980
0.752075,-0.524658,-0.100464,-19.226074,-1.159668,-16.723633
0.700317,-0.496582,-0.085327,-21.789549,5.249023,-20.202635
0.681030,-0.509888,-0.154663,-24.291990,7.934570,-24.291990
0.597290,-0.533081,-0.213135,-25.695799,11.230468,-30.151365
0.584961,-0.518188,-0.207520,-24.902342,9.887695,-38.757324
0.638550,-0.481201,-0.168823,-23.132322,2.807617,-45.532223
0.695068,-0.463257,-0.165894,-22.460936,-1.281738,-49.194332
0.739502,-0.432739,-0.129639,-23.498533,1.159668,-51.574703
0.800171,-0.411987,-0.093384,-25.878904,7.263183,-54.321285
0.734741,-0.445557,-0.146851,-29.174803,17.272949,-57.250973
0.677979,-0.496582,-0.273315,-31.311033,28.625486,-63.903805
0.560181,-0.560059,-0.311279,-30.090330,36.254883,-71.411133
0.545898,-0.532837,-0.296509,-24.780272,34.729004,-80.810539
0.627197,-0.458496,-0.289429,-19.287109,17.211914,-85.205070
0.761841,-0.373535,-0.261353,-13.916015,-5.126953,-85.693352
0.841919,-0.311401,-0.218750,-9.460449,-21.118162,-81.481926
0.903198,-0.253174,-0.166260,-7.324218,-27.160643,-80.200195
0.870239,-0.256470,-0.095215,-10.498046,-20.263670,-79.956055
0.783081,-0.292114,-0.029419,-15.319823,-10.009766,-82.214348
0.552002,-0.370972,-0.044312,-20.202635,-1.464844,-86.486809
0.385376,-0.417969,-0.041870,-26.672361,-5.065917,-96.618645
0.597656,-0.329224,-0.092163,-28.808592,-26.550291,-108.093254
0.907349,-0.230713,-0.217896,-28.869627,-48.706051,-109.680168
1.047485,-0.154785,-0.240234,-26.916502,-47.607418,-105.773918
1.061768,-0.126709,-0.232788,-26.733397,-30.761717,-102.416985
1.036133,-0.164673,-0.230835,-25.512693,-14.831542,-101.623528
0.916748,-0.216553,-0.269897,-25.390623,-4.760742,-101.440422
0.808105,-0.220093,-0.390747,-25.268553,-5.737304,-102.050774
0.845703,-0.178833,-0.403687,-18.676758,-32.775879,-103.881828
1.063477,-0.104492,-0.403809,-15.502929,-38.391113,-101.989738
1.328125,-0.093750,-0.418213,-11.962890,-37.475586,-95.031731
1.305664,-0.099487,-0.336304,-11.901855,-15.380858,-85.754387
1.204834,-0.131226,-0.240112,-14.038085,2.624511,-79.040527
1.115845,-0.132446,-0.219849,-18.066406,8.850098,-74.829102
0.868774,-0.162720,-0.215820,-19.165039,-2.319336,-68.420410
0.828979,-0.098877,-0.238037,-18.798828,-23.986814,-65.368652
1.012329,-0.068359,-0.263428,-16.784668,-44.128414,-61.584469
1.221313,-0.062866,-0.370361,-17.700195,-41.442867,-58.593746
1.418335,-0.093262,-0.456665,-16.662598,-26.367186,-56.823727
1.384155,-0.123169,-0.441406,-12.023925,-2.807617,-50.170895
1.180664,-0.157349,-0.388184,-7.507324,13.427733,-43.395992
1.084961,-0.136108,-0.301514,-3.723144,12.023925,-39.733887
0.969116,-0.139282,-0.264771,-1.770019,-1.098633,-34.790039
0.928101,-0.095459,-0.226318,-0.732422,-18.798828,-31.494139
1.155273,-0.098877,-0.312988,-0.854492,-31.921385,-30.395506
1.360107,-0.137939,-0.378540,-0.610352,-30.395506,-27.709959
1.338013,-0.124878,-0.391479,0.488281,-12.634276,-22.827147
1.187134,-0.109985,-0.308228,0.305176,15.930175,-19.226074
1.037842,-0.091797,-0.221558,-2.197266,35.583496,-17.517090
0.947632,-0.072998,-0.214966,-3.723144,30.334471,-14.770507
0.901978,-0.055176,-0.216431,-2.929687,8.789063,-10.620116
0.991089,-0.037842,-0.273315,-0.976562,-11.840819,-6.958007
1.109863,-0.047974,-0.311768,0.732422,-21.667479,-3.662109
1.130493,-0.048828,-0.309448,2.197266,-15.197753,-1.342773
1.046021,-0.059692,-0.277588,1.159668,2.868652,-0.854492
1.003052,-0.057739,-0.248535,-0.305176,17.089844,-2.075195
0.949585,-0.080811,-0.247192,-1.525879,21.667479,-2.563476
0.887939,-0.086304,-0.237549,-1.220703,20.507811,-3.112793
0.878418,-0.079590,-0.266113,-0.549316,10.620116,-3.662109
0.967163,-0.058716,-0.303101,1.159668,-1.892090,-3.662109
0.991089,-0.023926,-0.298218,2.746582,-8.972168,-1.647949
1.055908,-0.008301,-0.292114,2.929687,-9.460449,0.244141
1.032959,-0.010864,-0.263306,2.075195,-4.333496,2.136230
0.995605,-0.021118,-0.233643,0.061035,3.173828,3.051758
0.959351,-0.042358,-0.243164,-2.563476,10.314940,3.112793
0.951172,-0.052856,-0.248779,-4.089355,12.390136,2.441406
0.899536,-0.075439,-0.280396,-4.150391,10.986327,2.319336
0.913208,-0.055176,-0.296143,-3.112793,3.784179,1.647949
0.964966,-0.029663,-0.321777,-1.342773,-4.028320,2.136230
1.031982,-0.021606,-0.323120,0.976562,-9.643555,3.295898
1.012207,-0.014282,-0.302856,2.624511,-6.530761,5.310058
0.979980,-0.023926,-0.261475,2.441406,0.854492,5.432128
0.956055,-0.047852,-0.264038,0.793457,8.728027,4.821777
0.923218,-0.056885,-0.259399,-0.305176,11.718749,3.845215
0.868286,-0.070068,-0.242676,-1.586914,12.939452,2.380371
0.878784,-0.061157,-0.263550,-2.502441,9.765625,0.854492
0.919678,-0.058472,-0.280884,-2.319336,3.540039,-0.366211
0.947510,-0.044678,-0.276733,-1.953125,0.549316,-0.549316
0.975830,-0.040649,-0.275391,-1.281738,1.464844,-0.366211
0.952271,-0.040283,-0.272949,-0.793457,3.906250,0.488281
0.926270,-0.039307,-0.257568,-0.610352,3.356933,0.366211
0.908447,-0.048706,-0.262695,-0.976562,1.953125,0.366211
0.916138,-0.045044,-0.265625,-1.159668,0.183105,-0.488281
0.918945,-0.041382,-0.266479,-1.647949,-1.220703,-1.281738
0.941040,-0.040283,-0.264038,-2.380371,0.610352,-2.380371
0.967407,-0.038696,-0.292847,-2.441406,3.906250,-2.807617
0.972168,-0.041992,-0.293823,-2.075195,5.187988,-2.563476
0.955078,-0.039551,-0.312378,-1.464844,6.164550,-1.770019
0.958862,-0.040039,-0.301392,0.183105,0.976562,-0.244141
0.943970,-0.032593,-0.290649,1.647949,-2.685547,1.098633
0.950928,-0.031372,-0.257324,1.708984,-3.540039,1.220703
0.960571,-0.041138,-0.256348,0.976562,-1.037598,1.525879
0.965820,-0.042480,-0.259766,0.183105,1.037598,0.915527
0.952637,-0.043823,-0.248413,-0.122070,2.685547,0.610352
0.962891,-0.047729,-0.253906,-0.244141,2.380371,0.305176
0.960815,-0.052490,-0.262695,-0.061035,1.892090,0.305176
0.963867,-0.043945,-0.256592,0.488281,2.075195,0.671387
0.950195,-0.047852,-0.264282,0.976562,0.915527,1.281738
0.929077,-0.031494,-0.252686,1.098633,0.488281,0.915527
0.952759,-0.031738,-0.245728,0.793457,-0.061035,0.549316
0.975708,-0.041016,-0.247803,-0.122070,0.854492,0.305176
0.976563,-0.040039,-0.225952,-0.915527,3.234863,0.061035
0.945679,-0.050171,-0.235352,-2.136230,5.371093,-0.183105
0.946411,-0.052002,-0.248779,-2.441406,4.272461,-0.976562
0.958374,-0.059570,-0.261475,-2.136230,1.953125,-0.915527
0.958496,-0.046509,-0.266602,-1.220703,0.183105,-0.854492
0.933228,-0.038208,-0.250854,-0.732422,-0.793457,-0.610352
0.932007,-0.030029,-0.260254,-0.366211,-2.136230,-1.159668
0.975342,-0.027222,-0.261719,-0.305176,-0.610352,-0.793457
0.993896,-0.024902,-0.257446,-0.793457,2.258301,-0.427246
0.973755,-0.025513,-0.267090,-1.342773,5.065917,0.610352
0.961060,-0.040039,-0.270020,-0.671387,4.638672,1.281738
0.973877,-0.050293,-0.261230,-0.549316,3.967285,1.770019
0.958740,-0.048706,-0.250000,-0.976562,4.577637,2.075195
0.933838,-0.061401,-0.259277,-1.525879,4.699707,2.136230
0.925171,-0.056885,-0.265625,-1.586914,3.356933,0.915527
0.952026,-0.048218,-0.268799,-0.671387,-0.732422,0.488281
0.963135,-0.046509,-0.271362,-0.122070,-3.173828,0.793457