0.322632,0.049072,0.821777,0.000000,0.000000,0.000000
0.307617,0.045532,0.804199,0.000000,0.000000,0.000000
0.294067,0.049072,0.808105,0.000000,0.000000,0.000000
0.298096,0.056396,0.813965,0.000000,0.000000,0.000000
0.294556,0.036987,0.829712,-25.329588,-5.493164,13.366698
0.315918,0.045410,0.842163,-22.888182,-7.873535,12.634276
0.329590,0.047363,0.839722,-23.132322,-10.498046,11.718749
0.359009,0.042969,0.838623,-22.460936,-10.925292,10.498046
0.369019,0.037964,0.835327,-21.911619,-9.399414,9.155273
0.365234,0.021729,0.818115,-20.874022,-6.958007,7.263183
0.363647,0.001709,0.800781,-18.615723,-4.028320,5.615234
0.351807,-0.005615,0.823364,-16.845703,-1.220703,4.394531
0.357544,-0.012695,0.841064,-14.465331,0.610352,2.868652
0.354980,-0.018188,0.847290,-12.329101,1.281738,1.892090
0.345703,-0.018188,0.860840,-10.681151,0.549316,0.976562
0.377197,-0.010010,0.852417,-9.033203,-1.098633,0.366211
0.386841,-0.002197,0.852173,-7.629394,-2.624511,0.122070
0.373535,-0.001953,0.854370,-6.469726,-3.234863,0.000000
0.385132,-0.013672,0.856812,-4.760742,-3.784179,-0.183105
0.402954,-0.015137,0.867432,-2.990722,-3.417969,-0.305176
0.408569,-0.019653,0.894409,-1.647949,-2.502441,-0.244141
0.442383,-0.012695,0.917603,-0.793457,-1.831055,-0.427246
0.452393,-0.004028,0.934448,-0.915527,0.183105,-0.244141
0.449219,-0.005005,0.978271,-0.976562,3.601074,-0.061035
0.478027,-0.010864,1.024536,-1.892090,7.690429,0.122070
0.465088,-0.049316,1.069336,-3.112793,11.108397,1.708984
0.470947,-0.096069,1.105713,-4.333496,14.099120,3.967285
0.477661,-0.128418,1.118652,-5.310058,16.113281,7.507324
0.485962,-0.134644,1.132568,-6.164550,18.310547,11.535644
0.471069,-0.130493,1.176147,-7.690429,20.080564,15.563964
0.491333,-0.094116,1.297729,-10.620116,24.230955,18.127441
0.559448,-0.061279,1.424194,-17.517090,30.151365,20.324705
0.660522,-0.051758,1.533813,-28.259275,39.978027,23.071287
0.770996,-0.041504,1.610229,-42.419430,49.987789,28.137205
0.741089,-0.036987,1.550293,-58.715816,58.349606,34.362793
0.588745,-0.093628,1.371582,-72.204590,61.645504,40.466305
0.522339,-0.102051,1.244629,-77.758789,58.959957,46.752926
0.504517,-0.092896,1.148926,-86.975090,55.053707,52.612301
0.461792,-0.092285,1.088745,-92.712395,49.682613,58.776852
0.429443,-0.063232,1.063599,-97.412102,46.874996,64.636230
0.458618,-0.061035,1.016235,-101.440422,44.067379,69.458008
0.398926,-0.063354,0.938477,-107.360832,31.677244,74.523926
0.278442,-0.076538,0.873413,-111.755363,15.624999,78.125000
0.220337,-0.144165,0.744385,-118.591301,9.033203,76.049805
0.199097,-0.211182,0.626587,-118.408195,9.765625,71.655273
0.149170,-0.293213,0.507202,-116.333000,20.568846,66.772461
0.114746,-0.341919,0.477783,-110.595695,32.653809,60.791012
0.184692,-0.425537,0.396851,-105.407707,53.771969,54.626461
0.168213,-0.451782,0.422119,-90.209953,73.486328,51.330563
0.060059,-0.457886,0.348999,-80.139160,88.439934,50.354000
0.003174,-0.452637,0.402710,-77.087402,91.674797,41.809078
0.007446,-0.304810,0.632324,-83.129875,84.289543,34.301758
-0.077148,-0.061279,0.850098,-115.112297,72.692871,37.048340
-0.065674,0.135376,0.917603,-157.043457,66.223145,43.212887
-0.173218,-0.088989,0.848633,-166.809067,59.265133,61.218258
-0.244019,-0.300049,0.911255,-155.700684,72.631836,51.574703
-0.175293,-0.350098,0.709351,-143.310547,69.824219,34.179688
-0.022827,-0.346558,0.484619,-125.488274,78.186035,17.517090
0.074829,-0.396240,0.302612,-95.397942,89.904778,7.324218
-0.041260,-0.418335,0.162598,-64.575195,106.018059,-4.028320
-0.187744,-0.405518,0.031372,-36.132813,103.088371,-20.202635
-0.283813,-0.374390,0.000854,-8.972168,79.956055,-27.893064
-0.235352,-0.325195,-0.018066,14.953612,46.386715,-31.799314
-0.124512,-0.282715,0.005493,36.621094,22.460936,-34.912109
-0.140137,-0.222290,-0.011719,57.739254,16.845703,-41.259762
-0.234375,-0.185425,-0.081665,78.247070,15.502929,-51.391598
-0.265625,-0.148071,-0.175781,101.257317,7.995605,-60.852047
-0.269775,-0.139648,-0.263672,128.906250,-10.375976,-69.763184
-0.173340,-0.133057,-0.270386,163.146957,-29.296873,-78.979492
-0.087646,-0.016846,-0.235474,203.124985,-44.189449,-88.439934
0.023926,0.032471,-0.210693,242.736801,-57.800289,-101.684563
0.131470,0.093628,-0.203491,283.203125,-71.899414,-109.008781
0.276978,0.166138,-0.061157,326.965302,-87.890617,-106.018059
0.336792,0.239502,0.344971,375.488251,-108.337395,-94.787590
0.687744,0.325439,0.853638,425.170868,-130.432129,-86.791985
0.923584,0.614014,1.430298,474.365204,-141.052246,-87.036125
0.834229,1.217163,2.125000,512.817383,-131.408691,-83.496086
0.317871,1.146973,3.041626,540.466309,-112.487785,-64.270020
0.606567,1.020386,2.811401,466.979950,-60.913082,-73.974609
1.160645,-0.497925,1.083496,319.274902,32.958984,-62.194820
1.534790,-0.870972,-0.233643,321.777313,93.627922,-51.147457
1.658203,-0.182251,-1.041382,361.572235,126.525871,-17.456055
0.969727,1.493896,-0.729004,420.776337,132.202148,15.380858
0.257568,2.622070,0.451416,419.677704,130.798340,34.606934
-0.170898,3.117554,1.663940,361.572235,82.092278,38.452148
-0.669434,2.571167,2.543091,248.840317,52.185055,51.269527
-0.764648,1.878662,2.832275,136.901855,33.691406,44.860836
-0.744751,1.590332,2.643066,44.372555,-2.929687,24.902342
-0.599121,1.157959,2.235229,-28.808592,-45.654293,5.187988
-0.229248,0.853149,1.890991,-81.787102,-101.318352,-5.798339
0.137207,0.608032,1.607910,-120.300285,-145.935059,-5.859375
0.413940,0.496338,1.368042,-140.258789,-180.847153,1.953125
0.659546,0.505981,1.168579,-151.123047,-204.711899,13.366698
0.713867,0.523071,1.030029,-153.747559,-206.359848,22.827147
0.636353,0.442139,0.879883,-151.794434,-187.377914,27.893064
0.562988,0.318604,0.721558,-142.089844,-162.597641,29.541014
0.492676,0.245850,0.675537,-130.004883,-140.991211,31.738279
0.513428,0.183960,0.549561,-119.873039,-117.370598,34.362793
0.535400,0.173828,0.527222,-104.797356,-100.952141,37.719727
0.548828,0.202759,0.602295,-89.904778,-81.359856,40.100098
0.496094,0.234741,0.699585,-78.125000,-63.537594,41.992184
0.465088,0.251709,0.766357,-72.753906,-51.940914,41.137691
0.468018,0.241455,0.820557,-70.617676,-43.334957,40.527340
0.440430,0.230103,0.870483,-70.434570,-36.560059,39.978027
0.412964,0.191650,0.873291,-70.983887,-30.456541,40.161129
0.403564,0.131714,0.842041,-68.237305,-28.015135,39.733887
0.393066,0.140015,0.797729,-62.805172,-27.832029,36.987305
0.409546,0.151855,0.774658,-55.603024,-26.184080,34.362793
0.400879,0.183472,0.765381,-49.438473,-25.634764,32.348633
0.473022,0.229736,0.778076,-45.593258,-21.423338,30.883787
0.508057,0.237915,0.788086,-42.724606,-14.526366,29.785154
0.503540,0.234253,0.781860,-40.588375,-6.835937,28.503416
0.492676,0.176880,0.771729,-37.292480,0.488281,25.329588
0.476807,0.141968,0.754395,-33.752441,7.141113,22.644041
0.458618,0.126343,0.729370,-29.479979,10.131835,20.507811
0.431763,0.123291,0.709595,-24.719236,10.437011,17.761230
0.400024,0.127197,0.716553,-19.714355,9.338379,15.869140
0.391968,0.124878,0.739502,-15.014647,9.338379,13.977050
0.382690,0.152100,0.787598,-11.108397,8.972168,12.817382
0.391357,0.169800,0.819458,-10.192870,9.216309,12.268065
0.443115,0.201782,0.851929,-10.131835,8.544922,12.023925
0.510376,0.230347,0.867798,-12.512206,10.803222,13.305663
0.552979,0.233643,0.871582,-14.709472,12.939452,13.427733
0.559326,0.236694,0.869385,-16.113281,15.197753,12.817382
0.557739,0.227173,0.887329,-17.211914,17.150879,12.390136
0.559204,0.225952,0.882813,-18.005371,20.019531,12.817382
0.499878,0.211548,0.889404,-17.944336,24.108885,13.183593
0.433105,0.204712,0.867554,-16.601563,28.564451,12.573241
0.410034,0.226440,0.857178,-14.221190,34.545898,12.451171
0.414917,0.237183,0.860229,-14.648437,35.949707,13.916015
0.452271,0.238281,0.900269,-17.578125,32.287598,14.892577
0.459717,0.203979,0.916382,-19.958496,22.705076,15.869140
0.465454,0.176147,0.943970,-21.484373,11.352538,15.991210
0.474365,0.183716,0.983521,-24.047850,0.122070,16.540527
0.475098,0.202026,1.043457,-29.174803,-3.479004,16.479492
0.501465,0.180786,0.983887,-31.433104,-0.610352,14.892577
0.514526,0.206299,0.965210,-32.165527,4.211426,17.883301
0.536621,0.186279,0.950928,-35.766602,9.521484,19.836426
0.577515,0.163452,0.952759,-38.513184,13.122558,21.545408
0.529297,0.135620,0.964600,-40.588375,16.235352,22.521971
0.493286,0.126099,0.980591,-42.236324,17.456055,20.324705
0.447998,0.115234,0.971924,-44.494625,19.042969,19.104004
0.351074,0.079224,0.935547,-45.043941,20.141600,18.676758
0.407715,0.085815,0.987793,-44.616695,22.033689,19.714355
0.451416,0.075562,0.976807,-46.569820,19.042969,21.789549
0.532471,0.062988,0.983032,-45.959469,18.371582,23.864744
0.580688,0.048218,0.974121,-46.997066,16.723633,27.221678
0.597900,0.047485,0.981812,-48.889156,17.578125,28.869627
0.552490,0.043213,0.993408,-51.147457,24.780272,29.968260
0.455566,0.019043,1.022217,-51.147457,35.888672,29.052732
0.336548,0.003540,1.032959,-50.720211,42.358395,27.282713
0.377563,0.007813,1.057617,-48.950191,53.222652,22.705076
0.423462,0.019409,1.048828,-48.583981,65.307617,21.667479
0.505737,0.021240,1.008301,-51.940914,70.068359,24.780272
0.609741,0.040771,1.030396,-56.518551,84.594719,21.362303
0.519287,0.034302,1.086792,-64.453125,99.365227,17.883301
0.308716,0.000610,1.154419,-71.838379,109.558098,20.446775
0.190308,-0.059692,1.140503,-79.589844,100.524895,20.996092
0.071533,-0.095459,0.960449,-86.486809,79.406738,20.507811
0.144775,-0.080811,0.828369,-84.655754,58.471676,20.874022
0.295654,-0.067383,0.820557,-83.007805,42.297359,22.399900
0.335327,-0.108643,0.782959,-83.801262,27.099607,26.855467
0.391479,-0.142456,0.777466,-81.665031,30.029295,33.386230
0.415649,-0.160156,0.852539,-80.627434,33.142090,33.081055
0.315796,-0.184448,0.774170,-81.787102,44.372555,32.958984
0.206787,-0.192383,0.695679,-71.228027,61.096188,28.076170
0.108398,-0.175903,0.547119,-63.293453,76.293945,20.996092
0.108765,-0.168213,0.510498,-56.091305,93.627922,14.648437
0.160034,-0.174683,0.524170,-54.077145,91.857903,12.756347
0.279785,-0.136475,0.857544,-47.668453,86.669914,13.366698
0.338989,-0.128296,0.956421,-46.630856,68.176270,18.493652
0.353027,-0.136719,1.007568,-48.278805,58.349606,23.315428
0.278442,-0.144043,0.885010,-52.673336,54.138180,22.827147
0.197754,-0.145752,0.695679,-53.955074,63.476559,18.066406
0.140625,-0.145142,0.674561,-51.452633,70.129395,11.108397
0.164063,-0.120728,0.723999,-49.255367,69.091797,9.887695
0.148926,-0.062866,0.764038,-51.940914,57.556149,15.258788
0.101440,-0.087402,0.846191,-55.541988,43.029781,23.559568
0.137207,-0.150269,0.808350,-53.771969,29.846189,23.193357
0.152832,-0.197754,0.692383,-47.546383,23.193357,19.775391
0.172607,-0.245850,0.501221,-37.475586,21.118162,15.686034
0.141846,-0.232056,0.449463,-26.062010,23.132322,12.939452
-0.014160,-0.184204,0.446655,-18.249512,20.996092,9.826660
-0.227295,-0.138794,0.325195,-13.427733,11.596679,5.859375
-0.275757,-0.144897,0.207764,-5.371093,-4.272461,-4.760742
-0.275879,-0.154297,0.053467,8.422852,-24.536131,-16.113281
-0.256470,-0.222046,0.021240,28.991697,-51.818844,-28.442381
-0.190796,-0.246338,0.201172,67.687988,-90.576164,-37.475586
-0.045654,-0.241455,0.426270,122.131340,-120.544426,-44.555660
0.000488,-0.220215,0.538574,180.175766,-126.220695,-60.241695
-0.253540,-0.065796,0.651123,231.384262,-142.578125,-74.157715
-0.690918,-0.041016,1.190796,277.404785,-174.804672,-77.453613
-0.206177,0.114380,1.241333,303.588867,-221.862778,-86.303703
1.045898,-0.459595,0.777344,274.047852,-153.625488,-100.463860
1.895752,-1.135010,0.092285,244.079575,-36.499023,-105.590813
1.431152,-0.839478,-0.218750,282.653809,33.203125,-79.772949
0.289795,-0.332153,-0.603882,334.045380,105.468742,-52.124020
-0.110229,0.843872,-0.530762,391.845673,133.850098,-76.660156
-0.016357,2.173340,0.074341,402.770966,122.985832,-107.543938
-0.116699,3.227173,1.157471,375.366180,51.818844,-94.421379
0.053955,3.098022,2.140625,284.851074,-2.929687,-42.358395
-0.084961,1.942139,2.692505,156.066895,-49.377438,9.582520
0.043091,1.122192,2.290283,43.151852,-110.839836,25.207518
0.310791,0.760254,2.035278,-24.780272,-166.748032,28.076170
0.884399,0.308350,1.849731,-66.467285,-207.214340,22.460936
1.127441,0.180298,1.579590,-91.796867,-201.660141,34.545898
0.982422,0.110718,1.313232,-99.060051,-175.720200,44.311520
0.811035,0.115845,1.043823,-102.416985,-150.207520,46.630856
0.645020,0.099976,0.851318,-96.679680,-124.633781,43.701168
0.484741,0.032349,0.720581,-85.388176,-98.571770,37.048340
0.409668,-0.032349,0.725098,-67.138672,-76.293945,27.343748
0.355957,-0.077881,0.714966,-52.734371,-58.959957,20.629881
0.293823,-0.126221,0.768921,-36.560059,-51.086422,17.333984
0.281860,-0.079834,0.812256,-23.132322,-50.048824,14.099120
0.331543,-0.013672,0.869873,-14.099120,-52.185055,13.549804
0.419678,0.040527,0.930786,-8.850098,-54.138180,12.939452
0.519653,0.099854,0.958862,-6.469726,-52.856441,14.160155
0.611694,0.158936,0.996826,-5.676269,-47.302242,14.648437
0.656250,0.186523,1.029907,-3.723144,-35.888672,13.916015
0.680908,0.232788,1.039185,-2.929687,-19.226074,13.000487
0.609009,0.229492,1.017578,-2.380371,-2.197266,12.145995
0.537720,0.213257,0.978882,-3.601074,12.329101,9.887695
0.454224,0.208984,0.909546,-1.770019,23.254393,7.202148
0.421021,0.242065,0.862427,-0.854492,27.709959,7.568359
0.378784,0.239746,0.865723,-1.159668,26.611326,8.300781
0.404175,0.240723,0.872803,-1.586914,20.996092,7.873535
0.414917,0.240234,0.875122,-2.929687,15.747069,7.385253
0.429199,0.234009,0.881226,-3.784179,10.620116,7.690429
0.438599,0.236450,0.882202,-4.760742,5.310058,7.751464
0.440796,0.225952,0.880249,-5.859375,0.732422,6.530761
0.454834,0.227783,0.866699,-6.835937,-0.976562,5.065917
0.479736,0.219482,0.877319,-7.263183,-1.037598,2.929687
0.496094,0.215454,0.878052,-7.934570,0.244141,1.281738
0.525879,0.211670,0.882446,-9.033203,2.868652,-0.305176
0.557495,0.219116,0.889404,-9.765625,6.713867,-1.098633
0.566650,0.231323,0.876709,-9.887695,12.512206,-1.342773
0.558105,0.251465,0.877686,-9.948730,19.470215,-0.427246
0.513550,0.260498,0.872803,-10.314940,25.146482,1.647949
0.495605,0.239014,0.862061,-11.230468,25.939939,3.784179
0.486206,0.231812,0.851074,-11.474608,24.108885,4.882813
0.461548,0.233643,0.860840,-11.291503,22.338865,6.042480
0.447144,0.219360,0.882080,-11.779784,17.822266,7.751464
0.485596,0.218750,0.893188,-12.939452,12.023925,8.850098
0.490234,0.222046,0.885864,-14.465331,9.094238,10.437011
0.519043,0.213745,0.892212,-15.747069,8.544922,10.986327
0.545044,0.221069,0.899780,-16.906738,9.826660,11.596679
0.517090,0.209595,0.874634,-18.005371,13.671874,11.840819
0.491211,0.213257,0.881714,-18.493652,17.761230,11.779784
0.487793,0.202759,0.893066,-20.141600,20.812986,12.084960
0.469604,0.179199,0.894653,-22.094725,21.606443,11.840819
0.449219,0.159058,0.879517,-23.193357,22.033689,11.291503
0.439941,0.148193,0.877075,-24.108885,20.568846,10.986327
0.460083,0.160645,0.885376,-25.085447,17.578125,10.498046
0.451660,0.165161,0.877441,-26.062010,16.235352,10.192870
0.462036,0.168579,0.890869,-26.489256,15.991210,10.131835
0.487061,0.166260,0.924927,-26.977537,17.456055,9.948730
0.484741,0.169312,0.918579,-27.526854,19.470215,10.314940
0.468018,0.158813,0.915405,-28.381346,22.705076,11.230468
0.445435,0.158691,0.894897,-28.442381,24.658201,11.779784
0.427734,0.143677,0.871460,-27.770994,24.475096,12.145995
0.411133,0.136719,0.876343,-27.160643,23.559568,12.634276
0.409302,0.149536,0.891113,-26.367186,21.972654,12.512206
0.427612,0.148682,0.911377,-26.611326,19.958496,12.512206
0.456543,0.144165,0.964966,-27.526854,19.226074,13.244628
0.480225,0.134644,0.988037,-29.235838,19.165039,14.831542
0.471069,0.126587,0.982056,-30.578611,20.507811,16.601563
0.429199,0.101074,0.936035,-31.127928,22.277830,17.517090
0.430176,0.105835,0.922852,-29.907225,23.742674,18.127441
0.402954,0.106323,0.888550,-29.357908,25.085447,19.531250
0.378296,0.106323,0.887207,-28.503416,24.719236,19.714355
0.391357,0.106323,0.902832,-27.893064,24.475096,20.446775
0.409546,0.091675,0.927856,-28.747557,20.751951,20.690916
0.429443,0.083252,0.962280,-30.029295,18.554688,21.484373
0.451660,0.081909,0.963989,-33.447266,17.883301,22.094725
0.431274,0.067383,0.951538,-35.339355,19.592285,21.606443
0.370728,0.046631,0.898560,-36.682129,25.329588,20.141600
0.353516,0.054199,0.859009,-34.912109,32.592773,18.310547
0.290771,0.042847,0.792725,-33.569336,38.940430,16.174316
0.282837,0.051270,0.796387,-28.320311,45.837399,13.549804
0.257324,0.040649,0.770630,-23.010252,50.415035,14.892577
0.292114,0.028442,0.773315,-22.888182,47.058102,10.498046
0.306641,0.039795,0.792114,-18.493652,47.851559,8.056641
0.281494,0.021118,0.821045,-22.033689,49.377438,8.056641
0.281982,-0.007080,0.780151,-22.521971,54.016109,2.563476
0.303223,-0.044067,0.698120,-19.897461,75.012207,-2.380371
0.212891,-0.090088,0.671509,-14.526366,96.130363,-7.385253
0.117065,-0.077393,0.755005,-9.094238,110.290520,-10.803222
0.106567,-0.070313,0.853882,-7.812500,105.468742,-13.488769
0.150024,-0.037109,0.951660,-8.911133,75.561523,-10.314940
0.221680,0.045776,1.061646,-17.700195,41.992184,0.183105
0.324951,0.057861,1.039673,-30.151365,16.235352,7.934570
0.372192,0.017700,0.997925,-39.428711,9.521484,10.314940
0.322754,-0.003418,1.034546,-40.405270,14.831542,7.141113
0.200684,0.010254,0.992676,-41.503902,22.338865,3.845215
0.146851,0.003662,0.995117,-41.198727,28.076170,0.244141
0.142456,0.002075,1.008179,-41.809078,27.465818,-3.417969
0.138916,-0.005249,0.929443,-42.297359,21.972654,-1.647949
0.197754,-0.035400,0.943970,-42.114254,14.404296,-0.427246
0.213379,-0.024902,0.911499,-40.527340,8.972168,0.061035
0.234985,-0.056885,0.886719,-36.804199,7.812500,-0.732422
0.258911,-0.076050,0.867798,-31.311033,5.187988,-0.671387
0.277710,-0.074951,0.883911,-26.977537,7.934570,-0.671387
0.270508,-0.057251,0.926025,-21.728514,12.695312,-0.854492
0.220703,-0.063599,0.901123,-18.981934,18.371582,-2.014160
0.191040,-0.062500,0.896362,-13.671874,24.597166,-4.577637
0.157104,-0.057007,0.899170,-10.864257,27.160643,-6.347656
0.156006,-0.064087,0.875122,-8.850098,26.428221,-7.141113
0.190796,-0.066406,0.839600,-6.713867,20.935057,-6.408691
0.209961,-0.046753,0.841309,-5.065917,14.831542,-4.028320
0.221436,-0.048462,0.856445,-3.845215,8.972168,-0.244141
0.225830,-0.038086,0.879150,-4.333496,6.896972,3.051758
0.249512,-0.015015,0.935425,-2.807617,7.019042,4.699707
0.209229,-0.035889,0.942749,-3.356933,9.338379,5.310058
0.179932,-0.049927,0.912964,-1.708984,10.498046,4.638672
0.144043,-0.054321,0.924683,-0.671387,12.329101,4.333496
0.152710,-0.070068,0.885254,-0.671387,12.023925,3.784179
0.173584,-0.057007,0.862305,0.122070,12.329101,2.624511
0.170410,-0.045410,0.888916,0.122070,12.939452,1.770019
0.133545,-0.042969,0.877441,-0.488281,11.291503,1.159668
0.092163,-0.046265,0.830322,-1.098633,9.948730,-0.427246
0.075439,-0.080322,0.827759,1.281738,7.934570,-3.356933
0.054932,-0.050903,0.835449,3.051758,4.943848,-5.615234
0.034912,-0.059570,0.838623,4.211426,4.394531,-9.216309
0.061279,-0.062744,0.811401,6.408691,0.061035,-12.634276
0.077148,-0.081055,0.775391,17.395020,-7.690429,-19.897461
0.140991,-0.052490,0.739136,17.395020,-7.690429,-19.897461
0.126709,-0.056152,0.676147,25.268553,-9.765625,-25.451658
0.026123,0.000000,0.583618,33.508301,-10.925292,-35.400391
-0.093140,0.046509,0.555176,41.625973,-20.629881,-43.701168
-0.170654,0.065186,0.612549,54.809566,-33.020020,-52.856441
0.000244,0.037842,0.897217,77.880859,-47.668453,-60.791012
0.264771,0.014893,1.067383,105.163567,-65.490723,-64.941406
0.263428,0.036987,1.094604,138.305664,-67.749023,-71.044922
-0.104736,0.172974,1.292480,174.438461,-104.736320,-67.199707
-0.299316,0.159180,1.565063,203.613266,-145.751953,-58.410641
0.186035,0.053345,1.330566,188.354477,-163.574203,-60.913082
1.325684,-0.700928,0.579712,143.310547,-66.406250,-77.331543
1.657593,-1.065063,-0.113647,163.146957,33.569336,-72.570801
0.705811,-0.905518,-0.614136,220.092758,111.267082,-45.166012
-0.244141,-0.369507,-0.880249,296.447754,152.587891,-40.283199
-0.327637,0.700439,-0.661865,358.642548,139.282227,-85.571281
0.073730,2.308350,-0.107788,368.530243,92.346184,-101.074211
0.207031,3.178101,0.991577,326.599091,45.776363,-54.870602
-0.120605,2.553467,2.090698,226.440414,37.658691,-4.821777
-0.407227,1.438477,2.465210,120.666496,-15.747069,22.521971
-0.256714,0.733154,2.370117,44.616695,-99.670403,17.456055
0.519165,0.589966,2.262695,-4.211426,-187.072739,15.197753
1.120361,0.572876,1.923706,-49.255367,-225.646957,30.273436
1.047974,0.584595,1.402710,-70.739746,-193.786606,42.175289
0.833862,0.626831,1.027344,-80.200195,-151.062012,51.330563
0.575439,0.514160,0.855103,-85.266106,-112.304680,60.607906
0.339844,0.378784,0.776978,-85.449211,-85.083000,61.401363
0.268433,0.281982,0.736328,-82.275383,-72.692871,55.480953
0.290039,0.152466,0.736450,-75.317383,-61.767574,46.020504
0.258545,0.055298,0.741333,-70.373535,-49.865719,42.968746
0.300049,0.013184,0.719604,-62.499996,-41.076656,37.475586
0.297485,0.059692,0.719116,-53.466793,-35.583496,33.752441
0.283081,0.102295,0.764526,-46.936031,-33.325195,31.799314
0.335693,0.132324,0.780273,-44.494625,-33.508301,29.968260
0.349731,0.152466,0.833740,-39.916992,-35.400391,28.015135
0.501221,0.227783,0.842163,-34.790039,-31.311033,26.062010
0.433716,0.214600,0.978638,-32.775879,-27.526854,25.268553
0.474731,0.224487,1.011475,-32.104492,-28.137205,23.193357
0.505371,0.227905,1.009521,-34.667969,-28.198240,20.812986
0.516602,0.224121,0.947754,-37.414551,-24.230955,18.859863
0.507568,0.244995,0.889160,-37.353516,-20.385740,17.089844
0.511230,0.253174,0.852539,-37.780762,-15.808105,15.991210
0.520630,0.276245,0.828369,-36.437988,-11.169433,15.624999
0.498047,0.287964,0.805176,-34.973145,-6.652832,14.770507
0.470337,0.264404,0.788330,-30.517576,0.000000,14.465331
0.454956,0.258911,0.816162,-23.315428,6.958007,14.892577
0.437622,0.237549,0.831909,-20.385740,10.498046,15.991210
0.430542,0.237915,0.849976,-17.822266,10.742187,15.686034
0.426636,0.230957,0.856689,-16.479492,8.850098,15.624999
0.407959,0.229004,0.867798,-15.991210,5.004883,15.686034
0.408203,0.240356,0.884766,-15.563964,0.976562,15.075683
0.427612,0.244751,0.897827,-15.808105,-1.647949,14.343261
0.462158,0.260376,0.917236,-15.930175,-2.441406,13.671874
0.507935,0.260376,0.910522,-16.723633,0.854492,13.732909
0.516235,0.254639,0.889404,-17.089844,6.347656,14.099120
0.529053,0.258667,0.882813,-16.235352,13.000487,13.854980
0.488892,0.250122,0.854614,-16.174316,19.653320,15.075683
0.477783,0.240356,0.873291,-16.784668,20.507811,15.624999
0.452393,0.243042,0.885010,-17.761230,20.080564,15.869140
0.429688,0.237793,0.904297,-19.470215,17.272949,15.319823
0.420898,0.233887,0.927856,-21.240232,13.916015,15.258788
0.410522,0.212280,0.921265,-22.399900,11.657714,14.526366
0.375122,0.195923,0.878418,-23.010252,11.962890,14.404296
0.386353,0.204468,0.839233,-19.775391,18.493652,14.282226
0.397095,0.219360,0.834717,-18.737793,21.606443,15.502929
0.455933,0.205933,0.851074,-19.836426,18.249512,14.160155
0.420532,0.234497,0.909424,-18.798828,13.854980,16.723633
0.387207,0.193848,0.944336,-26.245115,2.990722,16.845703
0.459229,0.182739,0.977417,-31.188963,-6.042480,15.319823
0.441406,0.149170,0.942383,-33.508301,-3.967285,16.052246
0.393555,0.112915,0.823975,-34.118652,6.896972,12.451171
0.438354,0.112427,0.730225,-24.780272,28.015135,6.774902
0.476318,0.132690,0.739014,-20.507811,45.104977,4.943848
0.486084,0.114624,0.826294,-22.033689,52.062984,3.479004
0.423828,0.107178,0.940796,-26.855467,47.424313,5.737304
0.376221,0.098022,1.011963,-29.541014,35.949707,6.103515
0.313843,0.122925,0.971313,-32.287598,25.146482,4.150391
0.361938,0.143433,0.889771,-31.311033,29.724119,-3.723144
0.513062,0.134155,0.866089,-28.991697,46.264645,-7.202148
0.464478,0.092407,0.849121,-26.977537,64.575195,-4.394531
0.358765,0.116943,0.879517,-23.986814,72.937012,-5.371093
0.246338,0.087402,0.856934,-20.202635,69.885254,-5.798339
0.226074,0.119141,0.837036,-18.615723,57.067867,-6.835937
0.278809,0.146362,0.877319,-18.615723,38.818359,-6.896972
0.297852,0.170532,0.921753,-21.484373,23.193357,-2.136230
0.306519,0.171143,0.958008,-23.803709,13.977050,0.183105
0.347778,0.134155,0.937622,-24.291990,14.648437,0.427246
0.411377,0.114868,0.946167,-21.789549,21.789549,-2.014160
0.415039,0.115479,0.941040,-20.568846,30.639647,-2.746582
0.371460,0.118042,0.948242,-20.324705,38.574219,-4.089355
0.337402,0.116821,0.976318,-19.958496,40.344234,-5.187988
0.298340,0.096924,0.913574,-20.385740,42.541500,-6.896972
0.300659,0.088989,0.869873,-19.104004,41.381832,-7.568359
0.281982,0.086304,0.838013,-18.127441,39.611816,-8.605957
0.260254,0.081299,0.790283,-15.747069,40.771481,-7.507324
0.206055,0.092041,0.830078,-11.779784,43.151852,-6.469726
0.205566,0.117676,0.906128,-9.155273,41.137691,-6.408691
0.223633,0.137695,0.970947,-10.375976,33.203125,-4.882813
0.270874,0.137329,0.993286,-12.145995,24.780272,-3.845215
0.319580,0.133545,1.023560,-13.671874,18.005371,-2.990722
0.359253,0.112793,0.979736,-14.709472,12.817382,-1.953125
0.315430,0.088989,0.897583,-14.160155,12.756347,-1.464844
0.264893,0.084106,0.848633,-11.840819,16.235352,-2.014160
0.225342,0.085083,0.855713,-10.070800,18.798828,-2.075195
0.195313,0.095215,0.899414,-9.033203,17.517090,-1.159668
0.220093,0.093994,0.953247,-9.765625,13.488769,-0.366211
0.268433,0.100220,1.010986,-10.864257,8.239746,0.427246
0.276001,0.093262,1.019409,-11.901855,5.065917,0.732422
0.242310,0.072144,0.935791,-12.695312,6.530761,-0.610352
0.236816,0.041870,0.833130,-11.474608,6.591796,-2.075195
0.282104,0.046631,0.807739,-8.789063,4.089355,-2.990722
0.255859,0.055298,0.840210,-7.507324,7.751464,-3.295898
0.212158,0.075684,0.886475,-7.141113,11.291503,-1.831055
0.210205,0.094727,0.951294,-7.995605,11.413573,-0.488281
0.246582,0.106079,0.998169,-10.620116,10.070800,-0.061035
0.289673,0.088257,0.986816,-13.061522,8.605957,0.793457
0.327026,0.073730,0.924316,-14.587401,8.422852,1.098633
0.305054,0.039673,0.871460,-14.587401,14.587401,0.671387
0.273438,0.062134,0.887573,-14.343261,18.371582,1.098633
0.246826,0.081909,0.937866,-14.587401,20.202635,1.586914
0.273071,0.076294,1.040771,-16.418457,19.104004,2.990722
0.197266,0.048828,0.928101,-20.874022,14.282226,5.249023
0.226074,0.031494,0.844482,-21.179197,7.934570,4.577637
0.256470,0.013550,0.776855,-21.362303,3.540039,5.249023
0.285767,0.027710,0.743164,-21.606443,0.488281,7.263183
0.242920,0.033203,0.709595,-23.376463,-2.014160,8.605957
0.294556,0.077026,0.706543,-20.996092,1.220703,10.498046
0.311279,0.109863,0.661621,-21.240232,1.647949,11.169433
0.298096,0.185059,0.585693,-20.446775,0.000000,11.657714
0.228027,0.195068,0.567871,-19.226074,0.122070,15.686034
0.123657,0.215820,0.469482,-17.150879,-3.173828,12.207030
-0.014771,0.119141,0.235718,-14.526366,-7.385253,6.469726
-0.076050,0.021729,0.042480,-6.225585,-13.244628,-5.737304
-0.071655,-0.103394,0.062744,16.235352,-21.057127,-18.432617
-0.083740,-0.176514,0.342163,57.800289,-32.470703,-28.198240
-0.035645,-0.133301,0.766357,109.374992,-61.889645,-44.128414
-0.013794,0.094116,1.325684,169.616684,-96.679680,-59.692379
-0.060059,0.003296,1.154785,207.824692,-95.031731,-74.096680
-0.034424,0.209961,1.613037,256.591797,-75.256348,-91.369621
0.164063,0.390381,2.026489,286.010742,-59.265133,-100.585930
0.655762,0.255859,1.781372,267.700195,-39.123535,-118.286125
0.465332,-0.296631,1.373657,183.410629,-41.564938,-103.942863
0.708252,-0.291504,0.711914,142.517090,-18.432617,-108.642570
1.087524,-0.391113,-0.553711,133.300781,-13.549804,-101.135246
1.081177,0.076782,-0.499878,175.476059,33.752441,-75.561523
0.098999,1.832764,0.297241,242.675766,94.787590,-72.509766
-0.765503,2.996704,1.123413,235.473618,128.906250,-100.280754
-0.654053,2.609009,1.802246,149.047852,53.100582,-92.895500
-0.197632,1.531128,2.044434,42.663570,-66.650391,-28.686522
0.167114,0.589600,1.798950,-52.490231,-155.822754,23.193357
0.676025,-0.043701,1.619629,-93.688957,-205.749496,29.235838
1.436646,0.072388,1.619507,-93.139641,-237.426743,27.099607
1.651855,0.138184,1.336792,-102.355949,-204.467758,55.236813
1.188599,0.122192,0.985718,-97.290031,-127.990715,75.012207
0.816162,0.239014,0.748413,-79.101563,-57.739254,70.617676
0.520630,0.233154,0.656250,-61.584469,-7.080078,64.941406
0.276001,0.158203,0.652588,-48.645016,27.832029,56.884762
0.161011,0.128174,0.673828,-35.583496,46.142574,44.677731
0.114258,0.094116,0.717285,-27.404783,51.879879,35.034180
0.128540,0.087036,0.743774,-21.606443,49.926754,29.968260
0.181519,0.124878,0.807007,-17.211914,42.785641,28.503416
0.220459,0.202026,0.854736,-16.479492,35.278320,26.977537
0.283203,0.254517,0.915405,-16.723633,31.249998,25.024412
0.324341,0.305176,0.974854,-17.883301,26.550291,24.291990
0.352173,0.341309,1.007935,-20.141600,19.653320,24.536131
0.373291,0.344849,1.030518,-23.376463,15.930175,25.085447
0.384888,0.305176,1.043579,-25.695799,11.718749,25.146482
0.388306,0.286011,1.013306,-28.503416,8.239746,23.437498
0.402222,0.263794,0.954102,-29.907225,4.211426,21.057127
0.376953,0.265625,0.888428,-30.700682,1.464844,20.568846
0.377563,0.268677,0.840576,-29.846189,-1.220703,21.911619
0.387329,0.267090,0.806274,-27.221678,-3.051758,23.681639
0.387939,0.270630,0.794922,-23.864744,-5.004883,25.085447
0.396118,0.268433,0.814087,-19.531250,-6.408691,25.817869
0.387817,0.244385,0.821411,-15.624999,-5.981445,26.855467
0.384644,0.240601,0.850464,-11.840819,-4.333496,27.343748
0.369507,0.239746,0.870850,-8.605957,-1.464844,27.648924
0.367798,0.229248,0.870728,-7.080078,0.915527,27.770994
0.372314,0.231445,0.864258,-6.042480,2.136230,27.587889
0.385010,0.237915,0.871460,-5.249023,2.685547,27.282713
0.399170,0.262573,0.870117,-5.432128,2.807617,27.709959
0.412231,0.264893,0.877563,-5.920410,4.882813,27.770994
0.422363,0.268188,0.877808,-6.347656,7.385253,28.076170
0.400879,0.274780,0.872559,-6.713867,10.253905,27.770994
0.389160,0.245728,0.875000,-7.263183,14.892577,25.756834
0.363770,0.246826,0.880249,-7.385253,18.005371,24.597166
0.357178,0.245972,0.895996,-8.605957,19.775391,24.108885
0.352661,0.248291,0.896362,-10.620116,18.432617,22.583006
0.346436,0.239380,0.899536,-12.634276,15.014647,21.972654
0.369995,0.239136,0.930298,-14.953612,10.742187,21.545408
0.368652,0.232300,0.946655,-18.005371,7.324218,21.240232
0.361206,0.213623,0.936279,-20.690916,5.737304,20.629881
0.352295,0.204346,0.923828,-20.751951,6.652832,19.897461
0.364990,0.215210,0.903076,-22.277830,8.544922,19.409180
0.366333,0.202026,0.895020,-23.559568,9.948730,17.944336
0.357788,0.190552,0.898926,-24.475096,12.207030,17.028809
0.336426,0.181519,0.935303,-25.817869,12.695312,17.150879
0.338989,0.184326,0.944336,-28.259275,11.169433,15.991210
0.348022,0.183105,0.947388,-30.151365,9.216309,15.075683
0.338745,0.171143,0.932739,-32.714844,6.469726,14.953612
0.339111,0.173096,0.887939,-33.874512,3.967285,14.099120
0.323120,0.189209,0.897583,-34.118652,2.197266,12.939452
0.321289,0.172363,0.866333,-34.484863,2.197266,11.657714
0.324463,0.170288,0.864624,-32.714844,2.075195,10.681151
0.360107,0.170532,0.865967,-32.531738,3.417969,9.826660
0.396851,0.177856,0.876831,-32.287598,3.967285,9.216309
0.398193,0.159302,0.907349,-32.409668,4.028320,10.009766
0.408813,0.170898,0.948242,-34.851074,3.112793,10.681151
0.374146,0.143433,0.981567,-37.231445,1.770019,11.779784
0.320557,0.129517,0.961060,-39.611816,0.427246,11.474608
0.331177,0.134766,0.909668,-38.940430,1.953125,10.437011
0.333374,0.137817,0.849854,-38.391113,6.530761,9.399414
0.341431,0.115723,0.794922,-36.071777,9.948730,8.483887
0.372925,0.129761,0.819824,-34.790039,9.399414,8.483887
0.399170,0.117065,0.873291,-36.376953,10.864257,8.117676
0.365845,0.110718,0.965820,-39.184570,9.338379,9.216309
0.379883,0.039063,1.084473,-41.992184,7.812500,9.399414
0.306274,0.073242,0.936035,-44.616695,6.713867,7.934570
0.242798,0.055298,0.784668,-42.663570,11.413573,4.211426
0.229492,0.058838,0.663818,-37.475586,23.376463,1.403808
0.248169,0.049316,0.578491,-32.775879,30.517576,-1.525879
0.371338,0.021240,0.671143,-27.038572,35.705566,-4.272461
0.417725,0.004395,0.758667,-25.695799,36.865234,-1.708984
0.403320,0.001587,0.934204,-29.663084,34.240723,2.197266
0.374512,0.019165,1.028442,-35.461426,31.127928,1.770019
0.325928,0.013916,0.997314,-43.518063,32.836914,-2.319336
0.147095,0.015503,0.854004,-46.325680,43.029781,-8.911133
0.038452,-0.023682,0.644043,-44.494625,47.424313,-17.578125
0.112183,-0.054565,0.538940,-37.902832,39.184570,-22.766111
0.221069,-0.024902,0.690796,-33.508301,24.414061,-18.249512
0.320313,0.064575,0.917480,-40.222164,8.422852,-7.995605
0.401611,0.063721,1.050293,-52.551266,-4.211426,0.732422
0.459717,0.069458,1.143677,-59.753414,-10.559081,0.976562
0.408936,0.026123,1.032593,-60.607906,-11.901855,2.136230
0.423950,-0.027832,0.920532,-56.091305,0.793457,-0.915527
0.313232,-0.010498,0.927124,-51.147457,7.446289,-2.380371
0.225098,0.017334,1.013550,-49.438473,11.352538,-0.122070
0.234131,-0.014282,1.046143,-47.119137,8.789063,1.586914
0.302368,-0.063599,1.013184,-42.663570,5.310058,2.380371
0.340332,-0.122192,0.918335,-36.560059,6.225585,1.708984
0.335693,-0.154175,0.858765,-28.259275,11.230468,0.122070
0.279053,-0.159668,0.812988,-19.836426,18.676758,-2.746582
0.238159,-0.138184,0.854614,-11.352538,26.000975,-5.249023
0.208984,-0.118652,0.903687,-6.042480,22.338865,-6.652832
0.189331,-0.142822,0.816040,-0.793457,16.479492,-9.094238
0.170044,-0.130859,0.791626,5.187988,8.728027,-11.962890
0.151611,-0.118408,0.783569,8.911133,1.159668,-11.962890
0.199707,-0.124634,0.806396,14.282226,1.647949,-14.404296
0.219238,-0.095825,0.868286,19.470215,9.582520,-17.700195
0.280151,-0.109741,0.921509,25.939939,22.155760,-24.719236
0.301147,-0.108032,0.965820,34.362793,29.418943,-32.043457
0.254883,-0.116699,1.001465,43.945309,35.583496,-40.588375
0.350342,-0.052002,1.121826,57.006832,32.653809,-44.677731
0.354858,-0.051514,1.089722,68.054199,29.907225,-49.560543
0.205322,0.009399,1.109497,83.190910,20.751951,-47.668453
-0.018433,0.041870,1.267700,93.322746,0.000000,-44.494625
-0.036865,0.190674,1.758301,95.581047,-33.630371,-50.170895
0.108032,0.111450,1.850708,71.472168,-66.772461,-55.725094
0.446533,-0.258667,1.333618,22.888182,-62.744137,-68.969727
0.662476,-0.645630,0.831909,-6.774902,-41.625973,-73.425293
0.664551,-1.197021,-0.177612,-0.549316,-20.935057,-65.917969
0.372559,-1.431030,-0.700317,63.110348,-4.333496,-38.452148
-0.105957,-0.917603,-0.952637,147.216797,-2.075195,-38.208008
-0.272095,0.856812,-0.824219,230.834946,5.981445,-82.458488
-0.279419,2.790161,0.342041,266.784668,-20.812986,-91.552727
-0.418579,2.798706,1.717163,192.199692,-50.048824,-41.442867
-0.418213,1.727539,2.381104,74.462891,-117.126457,9.948730
0.020630,0.570190,2.238770,-22.827147,-186.157211,12.756347
0.984497,0.008301,1.873169,-68.237305,-245.971664,15.563964
1.664551,0.043091,1.221191,-80.383293,-248.779282,40.344234
1.686768,0.084229,0.677124,-64.636230,-180.053696,45.104977
1.313110,0.091675,0.584961,-40.527340,-79.895020,48.217770
0.844727,0.083740,0.704834,-27.954100,-0.427246,57.006832
0.479248,0.016113,0.753906,-19.287109,45.532223,59.020992
0.309082,0.019897,0.769287,-10.559081,68.481445,52.795406
0.230469,0.023071,0.784912,-4.089355,83.129875,47.912594
0.215576,0.006958,0.784424,-1.464844,90.148918,43.090816
0.218262,-0.056641,0.811646,0.366211,92.895500,38.208008
0.197266,-0.087769,0.829712,0.976562,92.407219,28.503416
0.243408,-0.075684,0.813354,1.159668,85.632317,18.432617
0.212158,-0.034668,0.824219,4.638672,79.345703,11.840819
0.207031,-0.006470,0.860474,9.033203,71.594238,6.896972
0.148560,0.035156,0.921997,14.343261,64.208984,2.014160
0.130493,0.045044,0.940796,17.272949,52.429195,-5.615234
0.135986,0.071655,0.969116,18.249512,35.949707,-10.498046
0.203247,0.096924,0.987671,17.578125,14.038085,-10.009766
0.299927,0.123413,0.993774,13.366698,-4.882813,-7.507324
0.380615,0.139282,0.995972,8.117676,-18.981934,-3.601074
0.430786,0.164551,0.986572,3.295898,-31.066893,0.976562
0.461670,0.163818,0.965210,-1.525879,-37.902832,4.150391
0.453003,0.150879,0.937256,-3.723144,-39.978027,6.164550
0.437988,0.128418,0.914185,-4.211426,-37.292480,6.652832
0.390747,0.108154,0.889893,-3.234863,-32.165527,6.774902
0.374146,0.094116,0.855713,-2.014160,-27.648924,6.042480
0.312500,0.083008,0.838867,-0.793457,-24.902342,6.164550
0.348389,0.095459,0.830200,1.159668,-23.803709,5.310058
0.360107,0.107788,0.833374,1.403808,-24.414061,6.286621
0.383057,0.117188,0.854980,0.854492,-25.085447,6.713867
0.413940,0.129517,0.874756,0.610352,-28.808592,7.507324
0.427002,0.128540,0.903198,-0.488281,-28.930662,8.422852
0.427612,0.129150,0.903564,-0.793457,-30.944822,8.178711
0.443359,0.119507,0.917480,-0.671387,-28.686522,7.263183
0.461792,0.125000,0.927246,-0.854492,-25.268553,6.286621
0.451172,0.123413,0.912231,-0.976562,-20.874022,5.249023
0.445801,0.114380,0.903687,-0.793457,-16.479492,3.784179
0.453613,0.123657,0.899292,-0.244141,-12.207030,2.868652
0.485352,0.127075,0.920044,0.427246,-7.873535,3.173828
0.473267,0.125244,0.941284,0.610352,-4.028320,4.516602
0.461914,0.111084,0.956787,-0.183105,-2.685547,5.798339
0.458862,0.106689,0.969971,-0.488281,-3.356933,6.896972
0.452026,0.115112,0.971191,-1.159668,-4.028320,7.812500
0.453247,0.111816,0.976685,-2.502441,-5.187988,8.789063
0.447388,0.111206,0.982056,-4.272461,-5.920410,9.460449
0.431396,0.105347,0.946533,-5.859375,-4.699707,9.399414
0.471313,0.113647,0.945313,-6.042480,-0.915527,9.460449
0.516602,0.129517,0.932007,-7.751464,4.028320,11.962890
0.519897,0.143311,0.944702,-9.460449,7.141113,13.977050
0.506958,0.129761,0.964844,-11.657714,7.568359,15.686034
0.494385,0.124268,0.965820,-13.854980,5.737304,17.272949
0.476318,0.123901,0.979858,-16.296387,3.417969,18.981934
0.454102,0.111572,0.985474,-18.859863,2.014160,20.202635
0.437378,0.096802,0.980591,-21.301268,-0.061035,21.423338
0.426025,0.091064,0.982910,-23.376463,-2.380371,22.155760
0.416504,0.078125,0.970215,-25.207518,-4.577637,22.827147
0.431152,0.074341,0.953613,-26.123045,-5.737304,22.827147
0.412964,0.056885,0.910645,-26.672361,-5.187988,22.338865
0.414307,0.063232,0.887573,-25.451658,-3.417969,21.057127
0.372070,0.051025,0.830566,-24.230955,0.610352,20.568846
0.349487,0.059204,0.807129,-21.606443,3.662109,17.944336
0.371216,0.079712,0.809326,-19.104004,6.164550,16.235352
0.401001,0.071289,0.839966,-18.127441,5.493164,14.953612
0.395752,0.059937,0.879883,-18.005371,4.760742,15.075683
0.410034,0.066040,0.920410,-19.775391,2.990722,14.831542
0.426147,0.030273,0.945557,-20.996092,1.037598,14.770507
0.441284,0.036865,0.944458,-20.996092,1.464844,16.479492
0.414429,0.045654,0.851074,-18.066406,6.713867,17.211914
0.336060,0.069336,0.735596,-12.756347,12.512206,11.535644
0.456299,0.041016,0.609253,-7.751464,28.259275,1.770019
0.472778,0.069824,0.635254,1.708984,52.917477,2.441406
0.450073,0.026489,0.707886,-0.976562,79.589844,3.540039
0.466797,-0.002197,0.941040,-1.647949,86.547844,5.004883
0.452148,0.003052,1.087402,-7.080078,87.341301,4.699707
0.383423,0.047119,1.113159,-12.145995,84.777824,4.577637
0.264771,0.042847,0.972534,-15.991210,83.618156,-0.427246
0.212769,0.007690,0.781128,-9.094238,80.627434,-6.225585
0.243652,0.023804,0.699829,-0.549316,75.134277,-6.896972
0.194946,0.035156,0.744019,2.868652,66.955566,-2.380371
0.211182,0.007935,0.873047,-0.122070,54.626461,-0.610352
0.246948,0.018433,0.995605,-4.699707,45.227047,0.854492
0.211060,0.044312,1.040649,-8.117676,38.146973,1.953125
0.229492,0.048096,1.031250,-12.023925,36.315918,-1.037598
0.213257,0.030640,0.946655,-11.718749,33.264160,-0.549316
0.262573,0.027222,0.920166,-11.047362,27.709959,0.000000
0.289063,0.014282,0.904297,-9.887695,25.573729,2.075195
0.273682,0.010864,0.916016,-9.033203,25.146482,2.197266
0.265991,0.005859,0.937134,-8.850098,25.268553,1.098633
0.227173,0.011230,0.934692,-8.300781,25.085447,-1.281738
0.198975,-0.008179,0.912476,-7.263183,25.939939,-3.051758
0.164917,-0.013306,0.858032,-5.249023,27.038572,-5.004883
0.140137,-0.042969,0.740234,-2.441406,25.085447,-7.019042
0.179688,-0.022339,0.748413,2.746582,25.146482,-8.544922
0.183960,0.028442,0.845825,7.263183,21.789549,-7.629394
0.207886,0.058716,0.953613,5.798339,18.249512,-5.554199
0.227417,0.081177,0.996216,2.441406,13.610839,-4.333496
0.222412,0.061035,0.972168,-0.427246,10.253905,-4.516602
0.208740,0.010132,0.922852,0.671387,11.657714,-6.164550
0.202393,0.006836,0.847900,3.417969,11.596679,-8.911133
0.209229,-0.012207,0.821777,7.141113,14.770507,-10.803222
0.242554,0.008179,0.738403,8.972168,15.075683,-11.230468
0.214478,-0.009766,0.769287,9.826660,16.784668,-10.864257
0.156860,0.043457,0.802490,8.728027,14.404296,-9.704590
0.135254,0.078979,0.888306,7.446289,12.817382,-8.605957
0.210205,0.099243,1.103760,3.967285,7.446289,-8.728027
0.405396,0.084106,1.307617,3.295898,1.708984,-10.742187
0.612183,0.053467,1.699707,10.803222,-1.892090,-17.883301
0.745361,0.128296,1.908813,27.221678,-11.718749,-24.902342
0.441650,0.275879,1.800659,38.513184,-23.498533,-22.949217
0.054321,0.211792,1.700439,43.273922,-62.194820,-10.498046
-0.001587,0.287964,2.035156,36.499023,-100.158684,-7.446289
-0.012329,-0.021240,1.386353,-17.211914,-120.056145,-8.911133
-0.047485,-0.688965,0.443481,-73.303223,-89.233391,-41.870113
-0.519653,-1.058594,-0.256226,-57.983395,-119.262688,-43.518063
-0.571167,-1.171753,-0.833740,-10.192870,-112.976067,-47.058102
-0.063354,-1.025269,-0.945923,58.959957,-124.816887,-70.983887
-0.003906,0.422363,-0.785645,142.578125,-158.081055,-96.252434
0.030273,2.141968,-0.038452,202.331528,-156.738281,-110.290520
0.362305,2.528687,1.157715,185.424789,-159.973145,-71.716309
0.445557,1.387085,1.995483,94.360344,-170.532211,-13.244628
0.659180,0.441040,1.878418,1.220703,-184.143051,9.948730
1.141724,0.133057,1.558350,-40.405270,-185.791000,5.310058
1.575684,0.123657,1.231812,-60.913082,-167.236313,15.686034
1.539307,0.081665,0.796875,-69.396973,-116.210930,25.695799
1.288818,0.137573,0.533447,-55.786129,-49.072262,37.536621
0.855469,0.075562,0.493896,-41.625973,14.099120,53.710934
0.517090,-0.004883,0.542236,-30.517576,59.875484,59.387203
0.277954,-0.028809,0.595215,-18.615723,85.998528,51.940914
0.173828,-0.045410,0.665405,-10.559081,94.665520,39.184570
0.143921,-0.071533,0.719849,-8.178711,89.965813,26.733397
0.227783,-0.084839,0.741577,-7.263183,72.753906,15.441894
0.315430,-0.038452,0.808838,-7.873535,57.128902,10.559081
0.397827,-0.001221,0.886597,-3.601074,44.128414,4.028320
0.445435,0.043579,0.973999,-1.708984,37.170410,3.112793
0.437744,0.055420,1.028198,0.732422,33.020020,1.159668
0.381836,0.053345,1.058960,1.647949,28.259275,-0.122070
0.386841,0.051392,1.057007,2.197266,22.766111,-0.793457
0.355103,0.029297,1.015625,1.647949,15.075683,-2.441406
0.388550,0.014648,0.970825,1.159668,7.934570,-4.943848
0.429932,0.025757,0.929565,1.586914,2.075195,-4.699707
0.493530,0.030273,0.896240,2.502441,-2.258301,-2.929687
0.529785,0.075317,0.884888,4.211426,-4.638672,-0.671387
0.503052,0.084961,0.866943,6.164550,-7.141113,1.098633
0.519409,0.117310,0.872437,9.094238,-6.713867,2.807617
0.498169,0.117432,0.874268,10.375976,-4.577637,4.577637
0.472656,0.102661,0.862915,10.253905,-1.586914,5.432128
0.457153,0.086792,0.851929,12.390136,1.953125,5.371093
0.446533,0.068726,0.868896,14.343261,6.164550,6.164550
0.434814,0.056641,0.873413,15.991210,9.704590,6.408691
0.428833,0.044556,0.898071,16.601563,10.620116,7.141113
0.423462,0.057129,0.920532,16.845703,7.446289,6.958007
0.418457,0.076660,0.925781,17.028809,3.967285,6.286621
0.430908,0.083374,0.927246,16.296387,1.770019,5.432128
0.442749,0.093750,0.906494,15.136718,0.732422,4.455566
0.486084,0.108276,0.897705,14.648437,4.211426,2.685547
0.497314,0.119629,0.889160,14.099120,9.460449,1.525879
0.439819,0.118164,0.853149,13.122558,14.587401,0.671387
0.434570,0.126953,0.865845,13.183593,18.066406,-1.037598
0.418579,0.129272,0.878174,13.183593,19.348145,-1.220703
0.398315,0.129272,0.891357,12.451171,17.578125,-0.732422
0.395508,0.136963,0.903198,11.657714,12.939452,-0.305176
0.391846,0.128906,0.898560,10.131835,6.835937,0.915527
0.407715,0.130615,0.896484,9.033203,0.671387,1.708984
0.427734,0.127075,0.880859,7.568359,-4.272461,1.953125
0.436279,0.125610,0.879150,6.469726,-7.629394,2.075195
0.443604,0.125977,0.889771,5.859375,-8.850098,1.892090
0.464111,0.119751,0.889160,5.737304,-7.873535,1.281738
0.503906,0.116821,0.876343,5.676269,-4.516602,0.488281
0.499023,0.127686,0.861694,6.286621,2.319336,0.427246
0.491577,0.139160,0.847900,6.652832,8.972168,1.037598
0.461914,0.136230,0.850342,7.324218,13.122558,1.403808
0.433105,0.132813,0.842163,7.812500,15.258788,1.892090
0.420410,0.132568,0.862671,8.483887,14.831542,2.075195
0.417114,0.135132,0.879517,9.155273,12.207030,2.563476
0.431030,0.129761,0.899292,9.460449,9.155273,3.417969
0.450562,0.132568,0.938599,9.521484,7.263183,4.516602
0.471191,0.133179,0.934814,9.033203,5.798339,5.859375
0.474731,0.139648,0.937012,8.117676,5.371093,7.324218
0.480591,0.130249,0.920898,7.934570,6.835937,8.300781
0.479858,0.135254,0.918091,8.056641,9.643555,9.033203
0.505249,0.142212,0.951904,8.117676,13.061522,9.704590
0.535522,0.146240,0.973755,6.652832,14.831542,11.047362
0.553223,0.162598,1.025269,4.699707,17.761230,13.977050
0.595459,0.168213,1.081665,0.915527,18.432617,17.456055
0.618530,0.163940,1.134277,-4.333496,18.005371,22.399900
0.611328,0.150879,1.148071,-10.253905,19.042969,27.221678
0.586060,0.154175,1.174438,-15.991210,22.094725,30.639647
0.579224,0.157349,1.162354,-21.850584,25.329588,32.958984
0.549072,0.159912,1.187256,-27.893064,26.000975,35.034180
0.562012,0.200928,1.219116,-36.560059,25.573729,36.682129
0.567505,0.275879,1.195068,-48.095699,23.925779,39.794922
0.514648,0.342651,1.127563,-59.204098,19.287109,44.006344
0.404541,0.341309,0.999268,-68.786621,15.747069,48.461910
0.361938,0.293213,0.892700,-72.448730,10.986327,54.626461
0.263794,0.218628,0.823364,-78.430176,1.098633,61.523434
0.166870,0.129272,0.734497,-83.129875,-11.169433,63.110348
0.097778,0.077759,0.635742,-81.237785,-22.521971,62.805172
0.105103,0.060181,0.530884,-78.491211,-35.522461,63.110348
0.147949,0.003296,0.428833,-73.303223,-43.640133,59.387203
0.191040,-0.056030,0.457031,-63.537594,-47.363277,57.128902
0.288574,-0.167725,0.481079,-60.546871,-40.527340,55.419918
0.391968,-0.274902,0.632080,-51.879879,-33.203125,55.358883
0.566284,-0.173340,0.856567,-45.471188,-17.761230,54.626461
0.511841,-0.317871,0.921997,-49.865719,9.338379,47.363277
0.459961,-0.299438,1.035767,-47.424313,22.705076,43.579098
0.337036,-0.224243,0.969360,-47.363277,38.574219,34.423828
0.249390,-0.124023,0.893066,-48.034664,51.940914,28.686522
0.219238,-0.072266,0.853882,-48.156734,65.612793,21.057127
0.106079,-0.138062,0.731812,-49.865719,72.937012,15.686034
0.141113,-0.175659,0.750366,-43.334957,80.444328,7.690429
0.128174,-0.152588,0.810059,-39.733887,71.105957,5.310058
0.125122,-0.122314,0.760498,-39.001465,53.283688,2.746582
0.170044,-0.146606,0.755859,-35.400391,38.879395,1.525879
0.208740,-0.104980,0.738525,-30.151365,23.742674,-3.662109
0.198853,-0.086548,0.763184,-22.644041,13.732909,-5.676269
0.166748,-0.114136,0.725220,-17.333984,6.164550,-9.155273
0.218750,-0.093994,0.755005,-8.483887,5.065917,-15.380858
0.228516,-0.071899,0.698120,-2.746582,8.605957,-20.996092
0.242432,-0.065063,0.753540,3.540039,18.371582,-24.414061
0.189331,-0.044067,0.806274,8.056641,25.817869,-29.479979
0.149414,-0.065552,0.691406,9.460449,35.522461,-34.667969
0.136719,-0.075317,0.618774,15.380858,42.358395,-40.649410
0.099365,-0.064331,0.595947,21.545408,50.842281,-46.997066
0.048828,-0.077759,0.576416,30.090330,57.861324,-50.964352
-0.087158,-0.003662,0.622559,39.001465,64.819336,-58.654781
0.008789,-0.085693,0.644653,52.856441,70.129395,-69.824219
0.203613,-0.166138,0.912720,73.364258,68.359375,-88.317863
0.427612,-0.166382,1.008179,97.228996,60.546871,-112.182610
0.418701,-0.120972,1.105225,126.770012,49.316402,-123.779289
0.253662,-0.052368,1.337646,143.981934,3.662109,-112.426750
0.193970,0.072876,1.666138,167.785629,-8.056641,-95.153801
0.545654,0.248047,2.349854,171.752914,-33.020020,-102.844231
0.758301,0.003174,1.886108,116.577141,-29.296873,-96.557610
0.920532,-0.809082,0.878296,49.133297,21.606443,-100.524895
0.139160,-0.948242,0.104248,64.208984,-8.483887,-82.763664
-0.118652,-1.026733,-0.604126,96.923820,-13.183593,-77.148438
0.526245,0.007935,-0.420044,162.658676,-21.301268,-93.505852
0.277954,2.098755,0.256348,200.561508,-13.305663,-89.172356
0.026245,3.360718,1.314819,175.415024,-29.113768,-75.866699
-0.243408,2.345947,1.947632,67.321777,-114.074699,-10.131835
0.015137,0.777222,1.896851,-39.916992,-223.144516,53.405758
0.772217,-0.302856,1.622559,-101.928703,-284.729004,64.575195
1.730347,-0.587280,1.446411,-114.807121,-283.569336,69.641113
2.187378,-0.321045,1.121216,-107.421867,-189.392075,83.129875
1.473145,-0.418213,0.672363,-84.838860,-35.888672,90.087883
0.617798,-0.288574,0.480103,-44.677731,86.120598,72.448730
-0.152222,-0.281250,0.483276,-16.784668,146.240234,52.978512
-0.436768,-0.237671,0.547729,3.356933,145.751953,27.832029
-0.353149,-0.034546,0.662354,15.380858,109.741203,4.211426
-0.052979,0.016968,0.800537,17.028809,71.716309,-5.249023
0.202393,0.002686,1.025391,17.150879,44.738766,0.793457
0.418457,0.023560,1.196289,10.559081,23.803709,7.690429
0.535889,0.019043,1.244263,0.427246,19.348145,14.709472
0.542725,0.054810,1.208496,-3.662109,21.789549,17.700195
0.479248,0.090942,1.134521,-2.502441,30.944822,15.747069
0.399048,0.102539,1.021240,0.366211,40.527340,10.864257
0.324707,0.118286,0.929810,4.760742,46.081539,4.760742
0.240601,0.094727,0.838501,8.422852,46.020504,1.586914
0.230713,0.093994,0.780762,11.840819,38.146973,0.915527
0.264282,0.104248,0.737427,13.305663,27.343748,2.929687
0.281250,0.127808,0.744263,15.808105,13.000487,6.958007
0.250488,0.160278,0.777588,16.845703,1.953125,9.948730
0.234253,0.162598,0.822388,16.357422,-8.911133,11.169433
0.266968,0.157104,0.853394,14.404296,-16.601563,10.375976
0.283936,0.148560,0.884521,13.488769,-19.836426,8.850098
0.287598,0.150146,0.902222,12.023925,-20.751951,7.263183
0.277588,0.139160,0.907593,9.826660,-21.301268,5.310058
0.277344,0.126831,0.890015,8.361816,-22.949217,2.868652
0.309082,0.145386,0.881348,7.019042,-24.291990,0.854492
0.340454,0.141846,0.867798,4.882813,-26.611326,0.488281
0.446777,0.173340,0.889404,3.417969,-28.442381,0.610352
0.490112,0.197510,0.897339,0.915527,-26.000975,2.075195
0.492188,0.190552,0.921021,-0.793457,-18.798828,1.953125
0.459473,0.181152,0.921265,-1.586914,-8.605957,0.732422
0.411255,0.157837,0.933228,-2.197266,-0.854492,0.488281
0.356812,0.150269,0.927002,-2.014160,2.563476,0.000000
0.319824,0.140503,0.911011,-1.342773,2.502441,-0.122070
0.311279,0.136230,0.912964,0.000000,-0.732422,0.244141
0.317139,0.142578,0.918091,0.976562,-5.859375,1.281738
0.322876,0.140625,0.933472,1.037598,-11.901855,2.807617
0.374390,0.144165,0.925903,0.976562,-15.502929,3.845215
0.427002,0.157349,0.941406,1.770019,-14.160155,5.249023
0.450073,0.158569,0.952759,1.586914,-9.094238,6.103515
0.434326,0.153931,0.961914,1.098633,-3.479004,6.042480
0.415649,0.142578,0.965332,0.610352,1.525879,5.737304
0.390259,0.133789,0.973999,0.244141,4.333496,5.187988
0.379761,0.134888,0.979004,-1.037598,4.394531,4.882813
0.374756,0.141357,0.963379,-2.319336,4.028320,5.126953
0.366455,0.144409,0.959351,-3.479004,1.953125,5.371093
0.380859,0.150879,0.960205,-5.004883,-1.342773,5.737304
0.399658,0.158203,0.966919,-6.774902,-5.371093,7.019042
0.392456,0.161621,0.953857,-8.300781,-10.009766,8.972168
0.385376,0.159302,0.946655,-9.155273,-15.014647,10.742187
0.391968,0.150757,0.950195,-10.375976,-21.362303,13.061522
0.386841,0.145142,0.948364,-11.474608,-26.428221,14.831542
0.389282,0.136963,0.941772,-12.512206,-30.517576,15.930175
0.385132,0.129395,0.951172,-13.610839,-33.081055,16.601563
0.381348,0.123047,0.938843,-14.953612,-35.034180,16.479492
0.391357,0.114502,0.923950,-15.624999,-35.766602,16.296387
0.410156,0.104004,0.909058,-16.540527,-36.071777,16.296387
0.427856,0.092407,0.895264,-16.967773,-34.606934,16.418457
0.469727,0.100098,0.892090,-16.357422,-30.639647,17.089844
0.468018,0.092529,0.888184,-15.808105,-25.085447,18.371582
0.469482,0.093994,0.897705,-15.686034,-19.348145,18.188477
0.466309,0.090698,0.908081,-15.380858,-14.343261,18.005371
0.452148,0.085571,0.911011,-15.441894,-9.948730,17.272949
0.446899,0.079224,0.918457,-15.502929,-5.676269,16.723633
0.456543,0.072266,0.897827,-15.747069,-0.915527,15.930175
0.457886,0.071045,0.901245,-15.197753,4.211426,15.747069
0.470825,0.082642,0.913208,-14.892577,9.948730,15.869140
0.476685,0.090576,0.909546,-15.747069,12.939452,16.662598
0.460693,0.089111,0.906250,-16.052246,15.075683,17.272949
0.417847,0.077637,0.902954,-16.479492,14.953612,17.883301
0.412842,0.079956,0.921265,-16.967773,13.732909,18.371582
0.395020,0.062378,0.900879,-18.859863,13.122558,18.249512
0.376343,0.053711,0.866577,-16.967773,13.854980,17.272949
0.386841,0.075439,0.851807,-17.028809,15.319823,18.005371
0.421387,0.067627,0.862183,-19.897461,14.221190,16.357422
0.438965,0.070923,0.901855,-20.812986,14.953612,17.028809
0.399780,0.059814,0.948486,-24.963377,13.854980,18.432617
0.411987,0.030884,0.937378,-30.761717,13.549804,16.174316
0.325562,0.008423,0.952026,-31.005857,9.887695,16.662598
0.310181,0.003174,0.894775,-32.104492,8.911133,12.573241
0.322510,-0.010498,0.788696,-28.625486,14.160155,8.483887
0.317505,0.007080,0.779907,-25.207518,19.042969,7.202148
0.346436,-0.012817,0.761719,-24.414061,21.118162,3.601074
0.363403,-0.005249,0.829712,-20.263670,20.141600,4.272461
0.364868,-0.023926,0.898071,-22.155760,15.563964,7.507324
0.365234,-0.043945,0.977905,-24.353025,5.737304,8.972168
0.378906,-0.036499,1.018188,-25.756834,-1.098633,9.460449
0.380737,-0.034668,0.997925,-28.320311,-3.356933,8.605957
0.354736,-0.040405,0.909424,-26.733397,0.671387,5.920410
0.348999,-0.033447,0.820068,-23.376463,7.568359,1.525879
0.371338,-0.035767,0.771973,-17.272949,13.427733,-1.708984
0.358521,-0.021484,0.789429,-12.329101,19.409180,-0.732422
0.389771,-0.016724,0.850708,-11.474608,19.531250,1.831055
0.425293,-0.015015,0.913940,-12.390136,18.432617,3.845215
0.414185,-0.024780,0.947998,-13.732909,15.624999,5.126953
0.388428,-0.025146,0.961792,-14.709472,12.390136,4.394531
0.352051,-0.016968,0.950317,-14.953612,9.765625,2.807617
0.333740,-0.029297,0.893799,-14.343261,8.605957,0.305176
0.317749,-0.032959,0.826538,-12.084960,7.934570,-1.159668
0.310303,-0.042847,0.765869,-9.033203,8.544922,-1.159668
0.353271,-0.038086,0.787476,-6.408691,7.202148,-0.549316
0.384277,-0.024902,0.835083,-5.126953,5.065917,0.854492
0.380859,-0.019897,0.901489,-6.591796,4.760742,2.868652
0.387817,-0.034058,0.927368,-7.507324,4.516602,1.647949
0.364624,-0.041992,0.932251,-7.080078,5.371093,-0.427246
0.333252,-0.035400,0.930786,-6.713867,4.882813,-2.258301
0.312012,-0.044189,0.898926,-6.347656,3.967285,-4.394531
0.260498,-0.062744,0.811768,-5.187988,1.098633,-6.347656
0.210693,-0.074585,0.678955,-1.892090,-1.220703,-7.873535
0.267456,-0.067871,0.655029,0.671387,-0.793457,-8.300781
0.355103,-0.033447,0.747314,4.516602,-3.112793,-8.056641
0.395996,-0.003296,0.838867,6.225585,-4.638672,-4.943848
0.428345,-0.013794,0.889160,3.295898,-7.629394,-2.563476
0.414429,0.003296,0.912231,1.525879,-6.835937,-3.173828
0.385376,0.007324,0.896973,0.305176,-1.831055,-5.737304
0.340698,-0.015259,0.826660,-0.122070,4.333496,-10.131835
0.329468,-0.057129,0.619873,1.586914,16.906738,-14.221190
0.285522,-0.081421,0.537598,9.338379,39.123535,-19.714355
0.066406,-0.100586,0.414673,17.028809,57.373043,-28.015135
0.006226,-0.228271,0.272461,23.193357,66.589355,-41.503902
0.141968,-0.273315,0.890991,41.564938,68.420410,-53.100582
0.344971,-0.137573,1.686646,73.181152,34.423828,-57.189938
0.291626,0.104614,2.161255,86.425774,-25.451658,-63.049313
0.437012,0.291260,1.972534,72.021484,-86.242668,-70.007324
0.616089,-0.437988,0.649292,35.888672,-98.937981,-64.514160
0.997925,-1.276855,-0.223999,23.498533,5.737304,-81.603996
0.659546,-1.551514,-0.616455,89.294426,86.914055,-100.524895
0.069214,-1.050903,-1.331055,171.447739,153.808594,-105.407707
0.660645,1.656982,-0.302002,268.981934,199.096664,-119.873039
-0.546021,3.680664,1.503662,281.372070,211.669907,-65.124512
-1.642578,2.819580,2.010742,169.067368,134.399414,-46.630856
-1.445068,1.184570,2.267578,42.541500,-62.927242,17.578125
0.590210,0.441528,1.916138,-56.274410,-302.001953,16.540527
2.075806,-0.110962,1.629883,-112.792961,-401.916473,53.405758
1.961426,-0.358398,1.086182,-139.404297,-334.167450,98.205559
1.694092,-0.489502,0.753174,-110.351555,-199.035629,86.791985
0.893066,-0.344238,0.686401,-67.626953,-47.363277,74.340820
0.341919,-0.258301,0.638550,-44.616695,42.541500,56.213375
0.011475,-0.181152,0.643921,-24.658201,80.139160,32.409668
0.046387,-0.053711,0.699097,-8.483887,75.378418,15.136718
0.148682,-0.007813,0.782837,2.746582,57.006832,8.178711
0.225586,-0.001709,0.859863,9.643555,43.212887,10.498046
0.307007,0.038940,0.933105,12.817382,30.517576,13.793944
0.344971,0.100952,0.977051,12.695312,20.751951,19.836426
0.379272,0.116211,0.979126,9.033203,11.230468,23.986814
0.378052,0.141357,0.966309,10.192870,7.995605,25.024412
0.360718,0.155396,0.975708,11.901855,8.117676,24.719236
0.339722,0.149414,0.972290,14.587401,10.986327,21.850584
0.293091,0.146484,0.961670,14.831542,13.183593,18.310547
0.279785,0.138062,0.948975,15.075683,3.479004,15.930175
0.274292,0.127930,0.925171,12.023925,-7.751464,16.296387
0.282837,0.112061,0.902588,8.728027,-20.507811,16.906738
0.298706,0.103027,0.862305,6.896972,-30.822752,17.944336
0.337646,0.087158,0.849854,5.920410,-39.062500,18.249512
0.350952,0.079956,0.841431,6.164550,-44.372555,17.395020
0.379761,0.062988,0.843628,7.629394,-46.813961,15.014647
0.422485,0.057007,0.853027,9.460449,-46.569820,12.023925
0.441040,0.062500,0.862793,11.169433,-43.823238,9.948730
0.464233,0.074829,0.870361,12.939452,-38.391113,7.873535
0.484131,0.089355,0.879639,14.099120,-31.738279,6.530761
0.499023,0.108032,0.868896,14.282226,-24.108885,4.943848
0.528076,0.125366,0.881226,14.648437,-15.991210,3.845215
0.555054,0.137329,0.894775,14.770507,-7.019042,3.234863