0.048706,0.335693,1.312866,0.0,0.0,0.0
0.060547,0.381592,1.328003,0.0,0.0,0.0
0.067383,0.405518,1.334229,0.0,0.0,0.0
0.081909,0.426025,1.312866,0.0,0.0,0.0
0.108032,0.454224,1.30188,70.373535,-68.54248,-152.22168
0.146729,0.472778,1.273438,64.819336,-70.922852,-156.921387
0.199951,0.484497,1.240601,52.612301,-76.965332,-164.367661
0.258545,0.482666,1.208374,42.053219,-82.336418,-169.92186
0.316162,0.469727,1.171875,32.470703,-87.707512,-173.706039
0.412598,0.442139,1.112183,25.024412,-91.00341,-175.659164
0.494629,0.398682,1.080078,20.935057,-87.341301,-176.574692
0.562622,0.351685,1.068481,18.798828,-80.01709,-177.9785
0.605347,0.343262,1.085571,18.859863,-70.922852,-179.443344
0.637573,0.375366,1.085205,18.676758,-63.659664,-178.955063
0.644531,0.40271,1.055176,18.920898,-60.241695,-176.879868
0.667358,0.43042,1.021484,19.287109,-61.889645,-172.302231
0.734741,0.462646,1.005127,19.287109,-64.086914,-166.25975
0.796387,0.495117,0.980347,17.028809,-62.499996,-156.494141
0.853516,0.537354,0.971069,13.427733,-56.945797,-149.353027
0.915771,0.574341,0.949341,8.789063,-48.278805,-140.74707
0.912354,0.573364,0.883423,4.333496,-38.513184,-132.019043
0.897217,0.566406,0.822632,0.061035,-28.930662,-123.596184
0.909058,0.531738,0.79541,-3.173828,-20.996092,-114.562981
0.91748,0.511353,0.776978,-5.187988,-14.770507,-105.224602
0.895874,0.505615,0.78479,-6.713867,-11.96289,-95.397942
0.88269,0.513306,0.795654,-8.483887,-11.169433,-85.876457
0.830078,0.513916,0.810669,-10.253905,-12.756347,-76.843262
0.802368,0.517944,0.798096,-12.756347,-16.723633,-68.786621
0.781982,0.496704,0.771729,-15.258788,-21.118162,-61.035152
0.786621,0.471191,0.730225,-17.211914,-24.719236,-54.26025
0.802124,0.441772,0.7052,-18.005371,-25.939939,-47.790524
0.800171,0.432617,0.688843,-17.883301,-25.146482,-41.381832
0.783203,0.420166,0.6875,-17.028809,-23.437498,-35.339355
0.776001,0.414673,0.689087,-15.86914,-20.812986,-29.479979
0.748047,0.423462,0.72229,-14.892577,-17.944336,-24.414061
0.7229,0.424316,0.733765,-14.831542,-16.418457,-20.019531
0.694092,0.423706,0.72876,-15.441894,-15.99121,-15.86914
0.679077,0.398682,0.70166,-15.624999,-16.845703,-12.20703
0.674683,0.366089,0.68335,-14.587401,-16.418457,-8.544922
0.656616,0.355957,0.677368,-12.451171,-14.648437,-4.760742
0.639526,0.368652,0.693115,-10.498046,-12.573241,-1.159668
0.619263,0.382202,0.710205,-8.056641,-10.437011,2.075195
0.607422,0.391479,0.72998,-6.225585,-8.239746,5.065917
0.602295,0.398926,0.721313,-4.699707,-5.126953,6.835937
0.574951,0.393677,0.731079,-2.990722,-1.342773,8.239746
0.569458,0.391846,0.738037,-1.342773,1.953125,8.728027
0.536865,0.403687,0.752808,0.183105,3.601074,9.460449
0.519531,0.415771,0.758667,1.342773,3.417969,10.0708
0.511719,0.420898,0.754883,2.197266,1.708984,10.803222
0.512451,0.416504,0.766724,2.990722,-0.244141,11.779784
0.512451,0.432495,0.773438,3.540039,-1.281738,11.840819
0.498291,0.443237,0.769287,3.234863,-1.403808,11.840819
0.496216,0.43811,0.76001,2.685547,-1.831055,11.352538
0.489502,0.436646,0.761841,2.441406,-1.586914,10.620116
0.475464,0.442749,0.758301,2.441406,-0.244141,9.521484
0.481323,0.449951,0.776245,1.770019,0.366211,8.422852
0.468384,0.45752,0.799561,0.671387,1.159668,7.873535
0.467041,0.470825,0.809326,-0.610352,1.037598,7.446289
0.471802,0.461548,0.80896,-1.953125,-0.549316,7.507324
0.473267,0.4552,0.796143,-3.112793,-2.197266,7.995605
0.470581,0.452393,0.786255,-3.356933,-3.540039,8.361816
0.479492,0.442383,0.778564,-3.601074,-3.845215,8.666992
0.477783,0.437988,0.78186,-3.479004,-4.211426,9.094238
0.471069,0.435303,0.790527,-2.807617,-3.295898,9.094238
0.461548,0.436768,0.797607,-2.502441,-2.01416,8.666992
0.46228,0.427734,0.789551,-2.624511,-1.037598,7.751464
0.463623,0.427979,0.789551,-2.563476,-0.427246,6.652832
0.461426,0.431641,0.779297,-2.624511,0.244141,5.554199
0.456055,0.432129,0.784058,-3.051758,0.549316,4.272461
0.458862,0.430298,0.780884,-3.295898,1.037598,3.295898
0.457764,0.430908,0.783447,-3.540039,0.854492,2.502441
0.456421,0.433105,0.792236,-3.90625,0.061035,1.831055
0.460449,0.439941,0.794067,-4.272461,-1.586914,1.403808
0.459473,0.434204,0.797607,-4.943848,-3.295898,0.976562
0.455078,0.429565,0.787231,-5.737304,-4.577637,0.244141
0.459595,0.425415,0.780151,-6.591796,-5.187988,-0.854492
0.450317,0.430542,0.778564,-7.019042,-5.187988,-2.13623
0.454102,0.43335,0.790649,-7.629394,-4.577637,-3.479004
0.44812,0.437134,0.796265,-8.789063,-4.577637,-4.516602
0.426147,0.44043,0.802246,-9.58252,-5.126953,-5.859375
0.42627,0.436157,0.803467,-11.108397,-7.8125,-7.019042
0.422485,0.438232,0.792725,-12.20703,-11.901855,-8.239746
0.407349,0.43457,0.800415,-13.183593,-15.624999,-10.009766
0.390137,0.434814,0.813354,-14.282226,-18.432617,-12.329101
0.383789,0.436279,0.811157,-15.808105,-21.362303,-14.709472
0.37915,0.433472,0.825684,-18.493652,-24.902342,-18.981934
0.362915,0.442139,0.846558,-20.507811,-27.160643,-22.15576
0.347168,0.443237,0.841797,-23.437498,-30.517576,-25.634764
0.330688,0.437744,0.848022,-26.06201,-33.874512,-28.747557
0.321289,0.442383,0.853027,-28.991697,-37.597656,-32.409668
0.333984,0.448242,0.867065,-32.226563,-41.625973,-36.743164
0.322998,0.451538,0.906494,-35.766602,-46.081539,-40.64941
0.318115,0.460693,0.92981,-40.466305,-50.537106,-45.532223
0.317139,0.456543,0.936279,-45.654293,-55.358883,-50.048824
0.305542,0.453247,0.941162,-51.147457,-60.119625,-55.297848
0.331787,0.447754,0.953003,-57.067867,-64.27002,-60.668941
0.381714,0.441772,0.945557,-62.866207,-68.664551,-65.856934
0.434082,0.443848,0.967651,-67.321777,-71.166992,-70.068359
0.473389,0.452393,1.00061,-71.960449,-72.143555,-73.425293
0.45874,0.458984,1.037109,-77.514648,-73.242188,-76.35498
0.564331,0.471069,1.048096,-84.533684,-75.744629,-78.00293
0.685059,0.483154,1.071167,-91.430656,-76.171875,-76.660156
0.745728,0.508545,1.060669,-98.205559,-74.21875,-73.547363
0.81311,0.494263,1.008301,-105.285637,-72.44873,-69.519043
0.831299,0.473267,0.995972,-110.839836,-72.814941,-63.781734
0.851196,0.442383,0.988647,-115.661613,-73.303223,-57.556149
0.88855,0.421143,0.989136,-120.300285,-74.890137,-50.720211
0.917358,0.397217,0.979004,-124.1455,-76.049805,-42.175289
1.004639,0.416992,0.966919,-127.441399,-77.697754,-33.447266
1.028809,0.408325,0.943115,-133.728027,-72.021484,-24.597166
1.035645,0.37085,0.886719,-137.268066,-64.453125,-15.075683
1.031372,0.328613,0.860474,-139.648438,-58.959957,-5.798339
1.022339,0.300537,0.861694,-141.540527,-54.748531,2.685547
0.986816,0.29126,0.843628,-143.127441,-53.833004,11.047362
1.002441,0.291138,0.811157,-145.385742,-54.931637,19.470215
1.031006,0.267334,0.769043,-146.911621,-54.687496,28.19824
1.08313,0.247314,0.725952,-147.888184,-51.940914,37.719727
1.075073,0.229858,0.703857,-147.094727,-47.302242,47.912594
1.072998,0.221558,0.676514,-146.240234,-42.175289,57.556149
1.071411,0.20105,0.685425,-144.592285,-37.719727,67.382813
1.053955,0.195068,0.67749,-142.944336,-32.958984,76.965332
1.055054,0.171387,0.663208,-142.39502,-29.296873,85.754387
1.040771,0.131592,0.643311,-141.174316,-25.024412,94.055168
1.013794,0.118896,0.605835,-138.85498,-21.606443,101.684563
1.010254,0.095215,0.573853,-137.084961,-18.554688,109.252922
0.971069,0.051514,0.574707,-133.666992,-16.601563,116.821281
0.971069,0.031494,0.573853,-131.286621,-15.380858,122.924797
0.919312,0.001099,0.556396,-128.967285,-14.404296,128.173828
0.921509,-0.031616,0.568726,-125.671379,-13.610839,133.605957
0.913452,-0.049927,0.533691,-122.924797,-14.831542,139.099121
0.874756,-0.105713,0.481201,-119.445793,-15.197753,144.042969
0.872192,-0.125732,0.433838,-114.013664,-15.502929,148.254395
0.907837,-0.148804,0.443481,-107.360832,-15.136718,152.648926
0.890991,-0.151489,0.436401,-101.379387,-11.352538,157.714844
0.806274,-0.156982,0.433838,-95.825188,-8.666992,162.414536
0.761353,-0.178467,0.460083,-90.026848,-8.544922,166.01561
0.752686,-0.196533,0.458618,-85.266106,-11.718749,169.616684
0.735718,-0.216553,0.439087,-80.13916,-16.052246,173.278793
0.698486,-0.243408,0.394043,-74.768066,-19.104004,176.086411
0.686279,-0.284424,0.339844,-69.335938,-22.15576,178.222641
0.669189,-0.316162,0.298706,-63.293453,-23.498533,179.199203
0.67041,-0.35022,0.295898,-55.297848,-24.16992,180.725082
0.628784,-0.343994,0.304688,-46.508785,-23.010252,182.922348
0.605469,-0.341919,0.28125,-37.597656,-22.766111,184.997543
0.554321,-0.358398,0.23938,-29.541014,-23.986814,186.462387
0.548462,-0.388306,0.218506,-20.996092,-25.817869,186.706528
0.53833,-0.397095,0.200684,-10.864257,-26.611326,187.499985
0.473633,-0.404907,0.218262,-0.671387,-26.367186,187.927231
0.445923,-0.390381,0.235352,9.643555,-26.06201,187.68309
0.380127,-0.397095,0.258911,18.554688,-28.747557,187.011703
0.354858,-0.392822,0.252441,28.07617,-31.494139,185.424789
0.343628,-0.392822,0.274048,36.499023,-35.644531,183.227524
0.319946,-0.38208,0.281128,49.194332,-38.94043,178.344711
0.300415,-0.393433,0.248535,57.128902,-41.687008,174.255356
0.283447,-0.403564,0.248413,66.52832,-44.006344,170.227036
0.268066,-0.401001,0.233765,75.805664,-43.762203,166.442856
0.25769,-0.374268,0.235596,85.815422,-43.762203,161.987289
0.217651,-0.396606,0.217651,95.825188,-41.809078,157.287598
0.151367,-0.393311,0.232178,107.299797,-42.41943,151.916504
0.095825,-0.380859,0.260742,117.614738,-43.945309,145.019531
0.095825,-0.340942,0.323242,127.258293,-46.936031,138.061523
-0.027466,-0.285767,0.456543,135.986328,-48.767086,129.516602
-0.054077,-0.243652,0.551025,138.977051,-49.804684,117.614738
0.02063,-0.224976,0.579224,139.831543,-51.208492,106.018059
0.076294,-0.24353,0.55481,141.967773,-50.292965,95.336906
0.087036,-0.252686,0.475098,145.202637,-47.668453,86.242668
0.046753,-0.280762,0.383789,151.855469,-48.156734,78.491211
-0.020874,-0.278809,0.349487,162.658676,-50.292965,70.800781
-0.069702,-0.241943,0.402832,174.011215,-52.673336,61.828609
-0.114746,-0.188721,0.517334,183.288559,-56.03027,51.574703
-0.090088,-0.123535,0.681396,188.049301,-56.15234,40.832516
-0.013062,-0.087158,0.750732,188.049301,-53.405758,30.2124
0.039063,-0.087769,0.753296,187.377914,-48.278805,19.836426
0.055176,-0.137573,0.710205,187.255844,-39.306641,9.460449
-0.04126,-0.138428,0.732666,189.636215,-32.348633,0.549316
-0.169189,-0.098755,0.81897,193.847641,-29.479979,-10.009766
-0.160645,-0.058228,0.887939,194.030746,-33.691406,-21.789549
-0.132202,0.000488,0.982788,194.152817,-40.588375,-33.02002
-0.039429,0.093506,1.070068,192.260727,-43.151852,-43.334957
0.023804,0.136719,1.075073,187.011703,-45.349117,-51.757809
0.016602,0.157593,1.038086,182.006821,-45.898434,-59.143063
0.043091,0.134033,0.960205,179.077133,-44.616695,-66.955566
-0.023193,0.106079,0.974243,178.039536,-41.320797,-74.462891
-0.069702,0.098755,1.006958,177.307114,-38.696289,-83.557121
-0.042969,0.11731,1.052856,174.804672,-36.499023,-92.77343
0.01416,0.185547,1.107178,172.180161,-34.362793,-101.867668
0.06958,0.255981,1.203491,169.433578,-29.846189,-109.191887
0.129639,0.361328,1.309692,165.954575,-28.503416,-113.342278
0.123901,0.429688,1.359619,157.836914,-31.311033,-117.248528
0.10376,0.467285,1.375122,146.057129,-31.738279,-122.863762
0.021729,0.471558,1.367798,133.117676,-35.583496,-127.258293
0.016968,0.449341,1.315918,125.122063,-47.302242,-132.751465
0.046997,0.455811,1.247803,116.333,-60.852047,-136.962891
0.096436,0.463501,1.216187,107.299797,-67.260742,-142.39502
0.140869,0.530518,1.208008,99.121086,-65.673828,-147.888184
0.103394,0.588867,1.255249,89.416496,-64.63623,-153.381348
0.199585,0.661865,1.270264,77.880859,-66.162109,-158.996582
0.274536,0.700806,1.276123,65.917969,-67.687988,-162.597641
0.338013,0.694458,1.256348,53.649899,-66.040039,-165.588364
0.345093,0.670532,1.248901,41.809078,-64.697266,-168.884262
0.386108,0.63208,1.228149,30.517576,-65.795898,-172.668442
0.458374,0.631592,1.201172,21.606443,-70.068359,-174.987778
0.52832,0.637451,1.169678,13.366698,-75.195313,-174.560532
0.597046,0.608887,1.113525,5.432128,-80.749504,-171.203598
0.71582,0.581421,1.090454,-1.159668,-84.594719,-165.405258
0.816284,0.556763,1.088867,-6.286621,-84.350578,-157.836914
0.866821,0.537231,1.072266,-10.559081,-79.711914,-147.705078
0.871216,0.522339,1.067749,-14.770507,-72.44873,-137.573242
0.854248,0.482422,1.05896,-18.798828,-65.002441,-126.892082
0.858032,0.459595,1.019165,-22.888182,-60.119625,-116.638176
0.874268,0.432251,0.971436,-26.30615,-56.091305,-106.445305
0.871948,0.397461,0.918579,-28.686522,-52.001949,-94.848625
0.857422,0.369019,0.880005,-29.479979,-47.668453,-83.923332
0.82959,0.346191,0.851563,-30.09033,-42.907711,-74.34082
0.805908,0.319336,0.838135,-29.96826,-38.330078,-65.856934
0.801514,0.308838,0.815552,-29.296873,-34.240723,-58.227535
0.789551,0.305664,0.818604,-28.442381,-30.029295,-51.269527
0.768433,0.305786,0.810425,-27.465818,-25.085447,-44.189449
0.745972,0.312134,0.802002,-26.672361,-20.690916,-37.841797
0.721436,0.318237,0.804199,-25.695799,-14.831542,-28.07617
0.689697,0.317749,0.785278,-25.329588,-11.657714,-22.094725
0.651367,0.312866,0.78186,-24.29199,-9.70459,-16.662598
0.630859,0.307983,0.779297,-22.949217,-8.422852,-11.96289
0.621582,0.308228,0.776611,-21.240232,-7.568359,-7.93457
0.599243,0.315796,0.78772,-19.714355,-6.774902,-4.760742
0.549561,0.336182,0.808472,-19.226074,-6.774902,-2.807617
0.517822,0.342529,0.792236,-19.775391,-8.911133,-1.586914
0.504028,0.336182,0.767212,-19.592285,-11.535644,-0.488281
0.51001,0.336792,0.766479,-18.920898,-12.573241,0.976562
0.507446,0.337646,0.768066,-17.944336,-12.268065,2.380371
0.496582,0.348022,0.792725,-16.906738,-10.559081,3.112793
0.484131,0.347534,0.824707,-15.99121,-9.033203,3.540039
0.475464,0.353638,0.845337,-15.502929,-7.93457,4.211426
0.463867,0.368164,0.842651,-15.563964,-7.8125,4.882813
0.459473,0.365601,0.838257,-15.197753,-8.056641,5.676269
0.45105,0.367798,0.845703,-15.258788,-8.178711,6.408691
0.451538,0.364746,0.831421,-15.197753,-8.422852,7.141113
0.449951,0.3479,0.801147,-14.709472,-8.422852,7.995605
0.442017,0.331299,0.793213,-13.061522,-7.690429,8.972168
0.439331,0.327515,0.809204,-11.596679,-6.103515,9.765625
0.440674,0.337891,0.833984,-10.437011,-3.540039,10.0708
0.437622,0.351563,0.844727,-9.70459,-1.098633,10.131835
0.41626,0.350708,0.85376,-9.399414,0.12207,10.19287
0.410034,0.341187,0.850342,-9.338379,0.061035,9.765625
0.403564,0.340576,0.852783,-9.338379,-0.915527,9.277344
0.401367,0.33667,0.8396,-9.70459,-2.075195,8.666992
0.406982,0.324341,0.836792,-9.765625,-2.807617,8.056641
0.414551,0.323975,0.830078,-9.521484,-3.112793,7.263183
0.419067,0.317383,0.831543,-9.094238,-2.990722,6.408691
0.433105,0.329224,0.843384,-8.605957,-1.281738,5.676269
0.424683,0.33313,0.855347,-8.239746,-0.183105,5.310058
0.420288,0.336426,0.85498,-8.361816,0.183105,4.882813
0.424072,0.335938,0.855835,-8.239746,-0.854492,4.760742
0.41687,0.336426,0.858276,-8.117676,-2.075195,4.760742
0.399292,0.33606,0.861572,-8.666992,-2.868652,4.333496
0.400391,0.331787,0.855957,-9.277344,-4.150391,3.540039
0.381104,0.316895,0.863281,-9.765625,-5.004883,2.624511
0.379639,0.312256,0.864258,-10.009766,-5.737304,1.586914
0.372681,0.318481,0.86499,-10.498046,-5.676269,-0.183105
0.354248,0.328003,0.878296,-11.047362,-5.981445,-2.258301
0.333374,0.324097,0.883667,-11.718749,-7.141113,-4.821777
0.328369,0.328003,0.869751,-12.634276,-9.216309,-7.385253
0.330078,0.32959,0.880737,-13.549804,-11.169433,-10.498046
0.304077,0.331299,0.879272,-14.587401,-12.634276,-13.488769
0.286255,0.33667,0.890503,-15.808105,-13.916015,-16.662598
0.267944,0.340576,0.908081,-17.39502,-16.296387,-20.629881
0.245361,0.337402,0.910034,-18.920898,-19.775391,-24.353025
0.227661,0.333374,0.914063,-20.690916,-23.620604,-28.320311
0.224243,0.337646,0.91748,-22.644041,-26.916502,-32.592773
0.215942,0.344604,0.943237,-24.963377,-29.357908,-37.04834
0.199951,0.348511,0.959351,-27.770994,-31.494139,-42.480465
0.187378,0.349121,0.968018,-31.249998,-33.752441,-48.645016
0.185669,0.348145,0.974854,-34.545898,-36.132813,-55.053707
0.184204,0.356812,0.993896,-37.963867,-38.513184,-61.706539
0.188965,0.361084,1.011353,-41.809078,-41.870113,-68.359375
0.210693,0.369751,1.016235,-45.654293,-45.654293,-73.974609
0.255981,0.348755,1.007813,-49.926754,-49.072262,-79.711914
0.248169,0.348022,1.018677,-53.405758,-50.842281,-84.716789
0.273438,0.333618,1.021362,-57.067867,-52.612301,-89.477531
0.313354,0.330933,1.035889,-60.791012,-55.236813,-93.872063
0.358765,0.345215,1.043091,-64.453125,-57.434078,-97.717278
0.382446,0.355957,1.041748,-68.29834,-58.837887,-100.58593
0.40564,0.358032,1.032593,-72.753906,-60.119625,-102.72216
0.461792,0.351929,1.01355,-77.026367,-62.07275,-104.248039
0.513184,0.345581,1.009766,-80.444328,-63.232418,-104.675285
0.582275,0.354736,1.022949,-84.106438,-63.537594,-104.431145
0.627197,0.372192,1.032104,-89.050285,-63.354488,-102.294914
0.65979,0.389526,1.018066,-93.200676,-64.331055,-100.158684
0.700806,0.397461,1.001099,-96.740715,-66.894531,-96.069328
0.782715,0.390747,0.959839,-100.036613,-68.115234,-90.454094
0.825195,0.370483,0.940796,-102.050774,-67.077637,-83.007805
0.892822,0.352173,0.90332,-104.187004,-64.51416,-74.645996
0.953857,0.331299,0.886353,-105.102531,-61.035152,-65.246582
0.997437,0.300049,0.850098,-105.590813,-56.15234,-55.541988
1.036743,0.28186,0.82959,-105.590813,-50.598141,-45.593258
1.070557,0.272461,0.823364,-105.346672,-44.006344,-34.973145
1.074829,0.264282,0.834595,-105.041496,-38.269043,-23.315428
1.069458,0.245117,0.828491,-105.712883,-34.057617,-11.96289
1.057373,0.217529,0.822021,-106.689445,-31.921385,-0.549316
1.071777,0.184448,0.794067,-107.055656,-30.517576,10.498046
1.078491,0.155151,0.77124,-106.750481,-29.479979,21.362303
1.105591,0.127686,0.751587,-106.933586,-26.977537,31.433104
1.090698,0.112915,0.769653,-106.018059,-23.864744,42.053219
1.084595,0.105103,0.77124,-106.018059,-21.850584,52.490231
1.079224,0.113892,0.778442,-105.895988,-21.911619,63.598629
1.067383,0.127686,0.764404,-106.811516,-22.766111,74.584961
1.075195,0.085571,0.729736,-108.581535,-21.911619,84.594719
1.053345,0.047607,0.698853,-108.764641,-18.859863,93.811028
1.049561,0.009888,0.681274,-107.360832,-15.747069,102.416985
1.049316,0.004028,0.665527,-104.980461,-12.817382,110.656731
1.033203,0.00415,0.657959,-102.783195,-10.009766,119.628899
1.004028,-0.01062,0.655029,-100.341789,-7.263183,128.234863
0.979126,-0.02356,0.674561,-97.778313,-5.249023,136.71875
0.942261,-0.034424,0.665771,-95.642082,-5.493164,144.65332
0.873413,-0.054688,0.683472,-93.444817,-6.774902,152.22168
0.810913,-0.079956,0.661621,-91.674797,-10.131835,157.958984
0.794678,-0.134277,0.630493,-90.515129,-15.624999,162.048325
0.790283,-0.157227,0.625,-85.510246,-20.996092,166.686996
0.790161,-0.155151,0.629639,-84.289543,-21.423338,168.15184
0.770142,-0.160156,0.62793,-81.909172,-21.301268,170.349106
0.759766,-0.170288,0.612427,-80.505363,-22.033689,172.241196
0.741943,-0.19043,0.593628,-78.918457,-21.118162,174.316391
0.716309,-0.208984,0.548462,-76.843262,-20.751951,175.903305
0.700073,-0.242554,0.493896,-74.035645,-20.1416,177.85643
0.674072,-0.286011,0.452393,-68.908691,-19.714355,180.541977
0.610962,-0.306274,0.449951,-62.377926,-20.38574,183.288559
0.526978,-0.307129,0.47168,-55.114742,-23.803709,185.302719
0.482788,-0.306885,0.479492,-49.011227,-30.334471,186.523422
0.503296,-0.308838,0.489258,-42.480465,-39.123535,186.889633
0.491943,-0.318481,0.484863,-35.888672,-43.273922,186.279282
0.452393,-0.319824,0.44104,-29.846189,-45.288082,185.058578
0.422729,-0.376465,0.344849,-23.193357,-49.072262,183.227524
0.388916,-0.415894,0.270752,-13.122558,-52.734371,181.579575
0.34375,-0.430908,0.259644,-0.549316,-56.091305,180.786118
0.335815,-0.404419,0.299805,12.878417,-59.020992,180.236801
0.316406,-0.35791,0.387329,25.573729,-59.814449,179.74852
0.301025,-0.315674,0.456909,35.766602,-57.128902,179.077133
0.248901,-0.297363,0.522705,42.41943,-54.809566,176.757797
0.217285,-0.275024,0.570313,46.630856,-52.062984,172.668442
0.218262,-0.2854,0.540649,48.156734,-51.391598,167.175278
0.197021,-0.302734,0.499512,51.635738,-52.612301,161.865219
0.169312,-0.320435,0.44751,56.335445,-52.307125,156.25
0.136719,-0.340576,0.407837,61.889645,-52.795406,150.20752
0.092651,-0.332642,0.411377,69.030762,-54.13818,143.859863
0.046265,-0.295532,0.473633,77.026367,-54.870602,137.329102
-0.000366,-0.231567,0.568604,83.374016,-56.396481,129.760742
0.021973,-0.188599,0.615234,85.998528,-58.227535,121.459953
0.036743,-0.197144,0.611572,86.97509,-58.471676,112.670891
0.046143,-0.233276,0.574707,87.890617,-56.762691,103.393547
0.062012,-0.267578,0.492676,89.721672,-54.13818,94.66552
0.048706,-0.308105,0.414307,94.116203,-52.978512,87.09716
0.002441,-0.302734,0.436401,102.172844,-53.039547,80.444328
-0.065674,-0.258057,0.560791,112.060539,-53.100582,74.34082
-0.051025,-0.210571,0.657715,119.628899,-58.105465,63.415524
-0.03125,-0.185669,0.72644,122.070305,-60.913082,55.908199
0.02478,-0.18335,0.766602,122.314445,-59.753414,47.241207
0.067505,-0.197876,0.740112,121.582024,-58.1665,38.696289
0.076904,-0.227173,0.689453,122.863762,-56.15234,30.578611
0.101196,-0.257813,0.625,127.014153,-55.175777,24.04785
0.031128,-0.247803,0.641968,134.643555,-54.992672,18.981934
-0.032471,-0.216675,0.71814,140.74707,-56.396481,13.244628
-0.016479,-0.189697,0.816528,144.40918,-60.607906,7.019042
0.014404,-0.146851,0.909424,145.385742,-62.988277,0.549316
0.038086,-0.125244,0.928467,143.981934,-64.453125,-7.8125
0.110474,-0.112305,0.895996,142.63916,-64.27002,-16.723633
0.126221,-0.101929,0.833252,143.554688,-62.866207,-25.573729
0.15686,-0.097046,0.809326,145.385742,-61.035152,-34.729004
0.112671,-0.066772,0.865112,147.949219,-57.678219,-42.968746
0.069092,-0.030029,0.975952,149.353027,-54.504391,-50.109859
0.141113,0.010376,1.074707,147.155762,-55.053707,-56.091305
0.190796,0.037598,1.121216,143.127441,-56.518551,-60.913082
0.202393,0.046875,1.11731,140.319824,-56.823727,-65.612793
0.220215,0.045898,1.100952,135.742188,-55.969234,-70.922852
0.257202,0.056885,1.057861,132.019043,-55.541988,-76.538086
0.25647,0.050537,1.03186,129.02832,-54.199215,-81.665031
0.238403,0.064575,1.077271,126.831047,-49.987789,-87.09716
0.230957,0.095703,1.122925,123.291008,-46.936031,-91.918938
0.209961,0.125488,1.125122,119.323723,-46.264645,-96.55761
0.221191,0.175171,1.158081,115.051262,-44.738766,-101.684563
0.222412,0.197632,1.157471,108.27636,-39.489746,-106.872551
0.201782,0.265137,1.169312,105.651848,-38.024902,-109.924309
0.159668,0.32373,1.166992,99.914543,-39.794922,-113.952629
0.139038,0.336792,1.133057,92.712395,-42.724606,-120.11718
0.165649,0.307007,1.083008,86.181633,-45.593258,-127.868645
0.185303,0.29541,1.055664,81.420891,-46.997066,-135.314941
0.202148,0.308472,1.072998,77.636719,-48.156734,-142.76123
0.233521,0.348267,1.100708,73.120117,-48.522945,-149.963379
0.243164,0.408691,1.126465,67.932129,-47.302242,-156.921387
0.301514,0.475098,1.136475,62.316891,-45.166012,-163.146957
0.356934,0.5177,1.145264,55.725094,-43.395992,-168.090805
0.377686,0.523926,1.133423,47.668453,-42.785641,-172.912582
0.380737,0.49231,1.093872,39.672852,-45.959469,-178.283676
0.437012,0.452026,1.052612,32.897949,-50.781246,-183.227524
0.506104,0.437378,1.030518,28.869627,-56.091305,-186.584457
0.616821,0.46228,1.057983,24.719236,-59.143063,-187.499985
0.714355,0.50293,1.082031,20.629881,-59.143063,-185.241684
0.809082,0.540771,1.10498,16.052246,-56.396481,-180.358871
0.842407,0.53479,1.128662,10.864257,-55.053707,-172.851547
0.858398,0.528564,1.11145,4.882813,-55.725094,-164.611801
0.88855,0.49939,1.072754,-0.915527,-57.250973,-155.456543
0.922241,0.469238,1.041016,-5.310058,-57.800289,-145.568848
0.97168,0.476929,1.019897,-9.765625,-57.312008,-133.483887
0.988525,0.483765,0.989746,-13.427733,-55.419918,-120.605461
0.974609,0.483643,0.95752,-17.272949,-53.710934,-106.750481
1.017212,0.452271,0.898438,-20.874022,-51.147457,-93.261711
1.049072,0.407227,0.85376,-23.437498,-46.32568,-79.467773
1.004028,0.369385,0.841064,-24.230955,-37.536621,-66.223145
0.950806,0.336914,0.837402,-24.597166,-28.625486,-54.626461
0.908081,0.334595,0.828125,-24.16992,-21.911619,-44.372555
0.842529,0.339844,0.823242,-23.986814,-17.028809,-34.851074
0.806152,0.345337,0.814331,-23.742674,-14.526366,-26.123045
0.770996,0.332397,0.801758,-24.16992,-13.488769,-18.127441
0.720215,0.336792,0.780396,-24.230955,-12.20703,-11.230468
0.692139,0.33313,0.763916,-24.108885,-11.352538,-5.493164
0.66272,0.340698,0.754639,-23.620604,-8.544922,-0.854492
0.610718,0.342407,0.760254,-23.254393,-5.676269,2.990722
0.566895,0.343018,0.774292,-22.644041,-3.845215,5.676269
0.537109,0.339355,0.765381,-22.583006,-4.089355,7.629394
0.521973,0.345947,0.768433,-21.972654,-4.943848,9.521484
0.493042,0.356567,0.772461,-21.362303,-5.126953,10.253905
0.46167,0.368286,0.775513,-20.690916,-4.943848,10.19287
0.448364,0.378174,0.780273,-20.26367,-5.187988,9.70459
0.426758,0.376343,0.783936,-19.287109,-5.249023,8.789063
0.404419,0.373657,0.776367,-18.371582,-6.530761,7.019042
0.40271,0.370728,0.779541,-16.967773,-8.178711,5.432128
0.401489,0.370239,0.778198,-15.502929,-9.58252,3.845215
0.413208,0.366577,0.774658,-13.793944,-11.291503,2.258301
0.418701,0.367432,0.780029,-12.145995,-11.657714,1.037598
0.429565,0.377319,0.771851,-10.19287,-10.925292,-0.183105
0.466187,0.37207,0.756836,-8.056641,-9.033203,-0.793457
0.479492,0.376709,0.775513,-5.737304,-5.676269,-0.366211
0.472656,0.371338,0.784668,-3.90625,-1.220703,-0.366211
0.471313,0.38269,0.789429,-2.197266,3.356933,-0.671387
0.468506,0.380493,0.805542,-1.647949,6.347656,-0.976562
0.463623,0.38269,0.8125,-1.342773,7.019042,-1.403808
0.461792,0.380859,0.804443,-1.037598,6.04248,-1.159668
0.476196,0.384277,0.803101,-1.281738,3.967285,-0.793457
0.487915,0.383179,0.807373,-1.586914,2.258301,-0.427246
0.48645,0.373413,0.807617,-2.01416,1.464844,-0.183105
0.483154,0.355469,0.804077,-2.441406,0.610352,0.0
0.489868,0.362915,0.809204,-2.563476,0.915527,0.12207
0.494873,0.359985,0.795898,-2.624511,1.281738,0.244141
0.503418,0.356567,0.79126,-2.624511,1.220703,0.427246
0.494141,0.352051,0.817139,-2.624511,1.281738,0.427246
0.488647,0.368286,0.815796,-2.807617,0.793457,0.488281
0.478027,0.380127,0.827515,-3.723144,-0.366211,0.732422
0.47998,0.370117,0.820068,-4.638672,-1.159668,0.854492
0.474243,0.363159,0.827759,-5.493164,-2.01416,0.854492
0.46875,0.355469,0.819092,-6.16455,-2.380371,0.610352
0.469604,0.355591,0.819092,-6.347656,-2.441406,0.366211
0.469238,0.36084,0.814941,-6.591796,-1.831055,0.305176
0.465088,0.359741,0.809937,-6.774902,-1.770019,-0.244141
0.463867,0.350708,0.808838,-6.408691,-2.868652,-0.244141
0.4552,0.360474,0.819092,-6.04248,-4.272461,-0.610352
0.439087,0.369995,0.836304,-6.103515,-5.798339,-1.159668
0.427124,0.363403,0.833496,-6.469726,-6.408691,-1.708984
0.418945,0.375488,0.854126,-7.141113,-6.835937,-2.624511
0.401123,0.37207,0.853394,-8.361816,-7.141113,-4.211426
0.387329,0.368164,0.860596,-9.82666,-8.056641,-6.286621
0.362305,0.366455,0.862793,-11.169433,-9.460449,-8.666992
0.348389,0.356689,0.869385,-12.817382,-12.390136,-11.535644
0.326782,0.356689,0.870483,-14.22119,-16.052246,-14.465331
0.298706,0.351074,0.88501,-15.86914,-20.874022,-18.005371
0.283569,0.345703,0.884521,-17.883301,-26.000975,-22.15576
0.273315,0.354736,0.889404,-19.836426,-31.188963,-26.794432
0.248657,0.36084,0.910278,-22.460936,-35.644531,-32.043457
0.236328,0.356445,0.908813,-25.085447,-40.161129,-37.780762
0.214111,0.365967,0.91687,-28.564451,-45.532223,-44.128414
0.218262,0.364014,0.915405,-31.799314,-51.269527,-49.804684
0.20813,0.365723,0.913208,-34.484863,-57.617184,-55.480953
0.20166,0.349121,0.896362,-37.231445,-66.040039,-60.974117
0.158691,0.34021,0.921631,-38.818359,-76.965332,-66.345215
0.160889,0.332275,0.914551,-40.588375,-92.224113,-71.960449
0.24585,0.319214,0.9198,-42.175289,-110.473625,-76.965332
0.369263,0.345215,0.9375,-44.31152,-119.384758,-80.200195
0.466064,0.394043,0.963623,-46.142574,-116.882317,-83.679192
0.50415,0.435669,0.998291,-51.208492,-101.318352,-88.439934
0.539063,0.457397,0.987061,-58.410641,-85.327141,-94.116203
0.582886,0.462036,0.990845,-65.551758,-71.899414,-97.595207
0.65564,0.467529,1.016357,-71.655273,-61.95068,-98.205559
0.732422,0.467407,1.04248,-77.026367,-57.006832,-96.313469
0.794312,0.489746,1.088989,-81.909172,-54.504391,-91.552727
0.828003,0.511841,1.117188,-87.219231,-55.175777,-85.083
0.902954,0.526123,1.119385,-93.872063,-58.28857,-77.819824
0.943726,0.50061,1.0896,-101.562492,-57.983395,-69.519043
0.987915,0.465942,1.076538,-108.64257,-55.725094,-60.485836
0.98584,0.432983,1.059082,-115.356438,-52.001949,-51.330563
0.991455,0.401001,1.02417,-122.13134,-48.33984,-42.5415
0.996094,0.363647,0.992432,-129.821777,-45.288082,-28.442381
1.027832,0.330078,0.958374,-134.216309,-43.457027,-18.615723
1.024048,0.300537,0.912598,-137.268066,-41.442867,-9.70459
1.02124,0.268555,0.871582,-139.770508,-39.001465,-0.671387
1.009644,0.236328,0.85437,-141.296387,-36.254883,8.056641
1.000244,0.218872,0.840088,-142.211914,-35.03418,15.99121
1.006226,0.20459,0.813354,-143.249512,-34.301758,23.681639
1.034668,0.189575,0.782104,-143.310547,-33.14209,31.494139
1.00354,0.193237,0.743652,-142.333984,-31.005857,39.0625
0.988403,0.164185,0.688843,-141.540527,-31.921385,45.898434
0.991211,0.152954,0.654053,-139.709473,-34.729004,52.978512
1.014648,0.138672,0.632813,-137.023926,-36.621094,60.424801
1.019287,0.143311,0.614136,-133.728027,-36.682129,68.17627
1.037231,0.129517,0.598755,-130.554199,-34.057617,75.866699
1.036987,0.127563,0.587402,-126.831047,-28.869627,83.557121
1.039551,0.133179,0.568848,-123.779289,-24.29199,91.064445
1.041626,0.118408,0.571777,-120.300285,-19.40918,98.449699
1.003174,0.114136,0.563843,-117.004387,-15.380858,105.957024
0.985352,0.102051,0.550171,-114.19677,-13.85498,113.098137
0.978638,0.069946,0.514526,-111.083977,-12.878417,120.36132
0.979492,0.033569,0.473389,-106.445305,-12.329101,128.234863
0.995361,0.019287,0.418823,-100.524895,-11.047362,136.657715
0.986084,0.002075,0.378296,-92.65136,-9.643555,145.385742
0.950684,-0.023926,0.342773,-83.557121,-7.93457,153.686523
0.897949,-0.048828,0.32666,-73.852539,-5.615234,161.621078
0.846069,-0.06897,0.346802,-64.025879,-4.089355,168.640121
0.810791,-0.064941,0.397339,-54.992672,-4.882813,175.048813
0.786011,-0.044434,0.439575,-48.21777,-5.737304,180.175766
0.743164,-0.052734,0.477783,-43.579098,-3.234863,183.715805
0.699097,-0.066284,0.459839,-40.64941,-4.333496,186.645493
0.662231,-0.114746,0.403931,-36.376953,-6.652832,188.537582
0.62793,-0.168823,0.351074,-31.372068,-7.995605,189.57518
0.637207,-0.229736,0.299316,-25.146482,-8.789063,189.57518
0.628418,-0.250977,0.310059,-17.211914,-9.338379,190.429672
0.629639,-0.236328,0.32019,-7.873535,-8.239746,191.711411
0.552368,-0.209473,0.376953,0.366211,-9.155273,192.993149
0.475098,-0.207886,0.433105,6.713867,-12.329101,193.115219
0.435913,-0.222534,0.468506,10.803222,-18.737793,192.016586
0.384399,-0.233276,0.455688,14.465331,-25.268553,190.490707
0.369751,-0.272217,0.431274,18.310547,-31.005857,187.622055
0.324585,-0.317871,0.370483,23.437498,-36.437988,184.509262
0.311279,-0.35791,0.321289,31.066893,-42.724606,180.969223
0.318604,-0.358154,0.295044,40.466305,-48.889156,178.283676
0.296509,-0.326172,0.37085,51.574703,-52.795406,176.086411
0.297729,-0.266846,0.490723,59.692379,-53.710934,172.546371
0.266968,-0.225708,0.56604,64.697266,-53.283688,168.02977
0.224854,-0.246094,0.574585,66.101074,-52.734371,162.10936
0.227173,-0.292847,0.52478,66.711426,-53.100582,154.846191
0.244873,-0.326538,0.452515,69.580078,-53.771969,147.888184
0.268311,-0.353271,0.381226,75.317383,-54.748531,141.845703
0.248047,-0.346802,0.349365,84.655754,-57.128902,137.695313
0.20105,-0.332642,0.365967,96.80175,-59.814449,135.314941
0.137817,-0.29248,0.45874,108.703606,-63.293453,132.324219
0.086182,-0.249756,0.575195,118.896477,-65.002441,127.746574
0.078125,-0.218018,0.640015,125.061028,-65.551758,120.727531
0.079346,-0.216919,0.642944,128.479004,-65.002441,112.365715
0.100098,-0.2323,0.613892,131.164551,-63.96484,103.088371
0.07019,-0.244263,0.598877,135.070801,-60.546871,94.116203
-0.04248,-0.232178,0.683838,141.052246,-56.15234,85.20507
-0.107178,-0.222412,0.759888,144.897461,-53.344723,74.09668
-0.121582,-0.18103,0.820679,145.568848,-52.062984,61.767574
-0.109741,-0.170044,0.854736,145.568848,-53.100582,49.011227
-0.068604,-0.14856,0.835449,144.958496,-54.992672,36.010742
-0.034424,-0.115845,0.826904,144.714355,-55.358883,24.16992
-0.054688,-0.072754,0.845093,145.751953,-54.13818,12.329101
-0.111694,-0.04126,0.915283,145.996094,-50.720211,0.12207
-0.16394,-0.016602,0.990601,143.798828,-48.156734,-12.268065
-0.185791,-0.039063,1.010254,137.268066,-52.12402,-31.249998
-0.154541,-0.039307,1.009033,135.070801,-58.532711,-42.846676
-0.080078,-0.036743,0.987061,133.056641,-64.208984,-53.588863
0.004517,-0.020752,0.986816,133.117676,-65.063477,-63.415524
0.055054,0.004883,0.96814,132.629395,-61.767574,-74.035645
0.083008,0.02063,0.964966,132.873535,-56.396481,-84.655754
0.128296,0.060791,1.040283,132.019043,-48.889156,-94.78759
0.184204,0.126099,1.084473,129.516602,-39.123535,-103.454582
0.144531,0.164185,1.13208,124.999992,-31.127928,-111.022942
0.109497,0.150391,1.114258,119.934074,-28.503416,-119.262688
0.115845,0.144409,1.092041,116.943352,-30.395506,-126.15966
0.163818,0.144775,1.114014,115.051262,-31.677244,-131.347656
0.236572,0.185669,1.11377,112.30468,-31.311033,-136.779785
0.244873,0.219238,1.126099,109.863274,-28.747557,-142.51709
0.275146,0.236694,1.15271,106.018059,-24.536131,-149.047852
0.329102,0.265137,1.167725,100.83007,-21.484373,-154.785156
0.286133,0.281494,1.150879,95.458977,-21.057127,-159.790039
0.255005,0.28418,1.146362,90.515129,-23.193357,-164.733871
0.285522,0.328491,1.154297,84.83886,-25.390623,-169.860825
0.298096,0.355225,1.158691,79.101563,-28.19824,-172.790512
0.346558,0.381958,1.187744,72.753906,-31.616209,-176.025375
0.400879,0.401367,1.193848,65.368652,-35.217285,-178.894028
0.4198,0.399048,1.152588,57.800289,-40.588375,-181.152328
0.402466,0.377075,1.081299,50.903316,-48.034664,-183.227524
0.399292,0.340576,1.02124,45.410152,-57.861324,-185.66893
0.406982,0.287476,0.918335,41.503902,-66.772461,-187.377914
0.468018,0.241333,0.864502,40.954586,-75.622559,-188.781723
0.553467,0.236328,0.913208,42.41943,-79.650879,-189.208969
0.598267,0.29248,0.967651,43.151852,-78.552246,-189.514145
0.610352,0.369751,0.988892,41.748043,-74.707031,-189.514145
0.674072,0.461304,1.029663,38.94043,-66.833496,-188.354477
0.713379,0.549438,1.031738,34.790039,-56.640621,-184.936508
0.745361,0.61499,1.009399,30.761717,-46.874996,-180.908188
0.816284,0.664307,0.994995,26.916502,-38.208008,-173.767075
0.886963,0.72998,0.981445,23.132322,-32.165527,-163.146957
0.891968,0.765991,0.964844,20.019531,-29.418943,-148.742676
0.901245,0.773193,0.905884,16.662598,-30.578611,-133.056641
0.912476,0.773315,0.880859,13.366698,-32.958984,-116.45507
0.923218,0.773804,0.878784,9.399414,-36.010742,-99.426262
0.915039,0.761719,0.873901,4.699707,-36.682129,-83.007805
0.911987,0.714844,0.855347,-0.793457,-36.315918,-67.810059
0.885498,0.679932,0.8479,-5.310058,-33.874512,-53.833004
0.851318,0.640137,0.846924,-9.94873,-29.479979,-41.809078
0.813354,0.597412,0.838013,-14.343261,-24.963377,-31.616209
0.752686,0.562134,0.834351,-17.76123,-20.935057,-22.15576
0.718628,0.524048,0.803223,-20.874022,-18.371582,-13.97705
0.697144,0.491577,0.772583,-22.949217,-17.333984,-7.080078
0.6521,0.462036,0.744751,-23.864744,-15.380858,-1.586914
0.610718,0.436523,0.748291,-24.29199,-13.488769,2.380371
0.572021,0.416382,0.751709,-24.16992,-11.474608,4.943848
0.526733,0.413086,0.765869,-23.925779,-11.169433,6.835937
0.486206,0.415039,0.781616,-23.803709,-11.291503,8.056641
0.466309,0.415527,0.791016,-24.841307,-12.939452,8.239746
0.460449,0.423096,0.788086,-25.878904,-15.136718,7.995605
0.44104,0.420898,0.771729,-26.672361,-15.86914,7.019042
0.449097,0.414917,0.770874,-27.160643,-15.441894,5.798339
0.449707,0.428589,0.767212,-27.099607,-13.610839,4.882813
0.446289,0.430542,0.754395,-26.245115,-11.779784,4.638672
0.455078,0.427002,0.742676,-24.780272,-10.620116,4.455566
0.466064,0.433838,0.759888,-22.705076,-9.277344,5.004883
0.460083,0.452026,0.765747,-20.751951,-7.446289,5.371093
0.442871,0.456299,0.76062,-19.40918,-6.103515,5.249023
0.443481,0.451416,0.740845,-18.127441,-6.530761,5.371093
0.467529,0.447998,0.742065,-16.601563,-7.019042,5.981445
0.478882,0.446045,0.72229,-14.709472,-6.286621,6.652832
0.504272,0.447632,0.712646,-12.634276,-3.845215,7.385253
0.51062,0.437744,0.729736,-10.437011,-0.12207,8.850098
0.486328,0.435547,0.743286,-7.385253,5.310058,10.131835
0.474854,0.437866,0.757324,-6.16455,6.103515,10.803222
0.491455,0.435913,0.752686,-5.249023,5.004883,11.840819
0.499756,0.430176,0.737915,-3.90625,3.540039,12.695312
0.491821,0.421143,0.732666,-2.624511,2.380371,13.671874
0.473511,0.414185,0.747314,-1.403808,0.610352,14.526366
0.460571,0.410278,0.74939,-0.488281,-0.915527,15.197753
0.453735,0.422607,0.774048,0.183105,-1.89209,15.747069
0.452515,0.425781,0.780029,-0.12207,-1.953125,15.502929
0.447998,0.426392,0.772461,-0.793457,-1.770019,14.892577
0.446777,0.42688,0.789063,-2.075195,-1.831055,14.038085
0.4375,0.422974,0.785767,-3.295898,-2.13623,13.122558
0.439331,0.41748,0.783691,-4.02832,-2.319336,12.145995
0.451172,0.416382,0.787842,-4.638672,-2.807617,11.474608
0.45874,0.425537,0.794678,-5.065917,-3.356933,11.169433
0.447266,0.42395,0.795288,-5.432128,-4.272461,11.169433
0.432739,0.417847,0.794434,-5.737304,-5.493164,10.864257
0.440063,0.420532,0.813843,-5.859375,-6.225585,10.742187
0.449341,0.427002,0.818726,-5.981445,-5.737304,10.253905
0.446777,0.432617,0.824707,-6.408691,-4.516602,10.009766
0.434204,0.431396,0.838257,-7.385253,-3.112793,9.521484
0.424805,0.419678,0.847412,-8.239746,-2.502441,9.155273
0.406372,0.421265,0.853516,-9.216309,-3.051758,8.483887
0.392334,0.415405,0.849365,-10.131835,-5.004883,7.873535
0.374634,0.406006,0.83667,-10.559081,-8.178711,6.835937
0.368774,0.403809,0.850342,-10.986327,-11.596679,5.432128
0.367676,0.403198,0.85498,-11.901855,-14.526366,3.90625
0.361816,0.401855,0.8573,-12.878417,-16.479492,1.89209
0.350464,0.407227,0.874634,-14.648437,-16.357422,-1.098633
0.341187,0.401367,0.892578,-16.662598,-16.235352,-4.821777
0.315552,0.403198,0.904907,-18.981934,-16.540527,-8.972168
0.283081,0.415894,0.932617,-21.667479,-17.944336,-13.427733
0.236572,0.416016,0.950073,-25.329588,-22.094725,-18.127441
0.22229,0.421753,0.95166,-29.846189,-28.930662,-23.193357
0.209229,0.399536,0.926025,-33.813477,-36.987305,-28.381346
0.202515,0.390625,0.904541,-37.109375,-45.471188,-33.630371
0.204712,0.367188,0.889893,-39.367676,-53.222652,-38.818359
0.216309,0.353394,0.892944,-41.137691,-58.837887,-44.067379
0.223389,0.326416,0.909424,-42.236324,-63.293453,-49.560543
0.214355,0.307373,0.904907,-43.151852,-68.237305,-56.03027
0.217285,0.299805,0.93335,-43.823238,-73.547363,-63.049313
0.221802,0.300415,0.964355,-45.654293,-78.491211,-70.556641
0.259399,0.317627,1.00293,-48.645016,-82.397453,-78.125
0.314575,0.33606,0.99939,-52.673336,-83.557121,-85.510246
0.395752,0.362793,0.969116,-56.945797,-85.144035,-93.01757
0.448486,0.388794,0.963135,-60.852047,-82.94677,-99.792473
0.489868,0.414429,0.964233,-64.819336,-80.13916,-105.102531
0.546021,0.445679,0.953247,-69.763184,-77.819824,-109.191887
0.662231,0.479248,0.954712,-75.927734,-77.941895,-111.022942
0.806152,0.531982,0.985596,-80.688469,-76.599121,-109.741203
0.918701,0.591919,1.011108,-86.059563,-74.645996,-105.163567
0.967041,0.641724,1.030273,-92.285149,-73.120117,-96.55761
0.993164,0.659668,1.004883,-100.952141,-73.547363,-85.998528
1.046509,0.617188,0.936523,-109.497063,-76.965332,-72.937012
1.110474,0.552612,0.86377,-115.417473,-79.89502,-57.373043
1.146484,0.489624,0.796143,-117.492668,-81.481926,-40.344234
1.188599,0.445801,0.765381,-117.858879,-82.458488,-23.071287
1.200195,0.428101,0.784302,-117.614738,-83.435051,-4.211426
1.231079,0.426392,0.778564,-118.22509,-83.862297,14.343261
1.269653,0.409668,0.772461,-119.628899,-83.557121,32.714844
1.311157,0.381592,0.765991,-121.154778,-79.528809,49.987789
1.28894,0.3396,0.752686,-122.680656,-70.556641,66.223145
1.223145,0.307983,0.757202,-123.291008,-56.518551,79.406738
1.150513,0.279175,0.758423,-125.244133,-41.687008,89.233391
1.070313,0.254028,0.750366,-128.295898,-30.334471,97.106926
1.048462,0.216187,0.725342,-130.981445,-22.766111,103.881828
1.05896,0.184814,0.679688,-132.751465,-18.737793,110.29052
1.048462,0.180542,0.670288,-132.141113,-16.113281,120.300285
1.03418,0.178955,0.623047,-131.347656,-16.174316,126.953117
0.994141,0.13623,0.568359,-128.967285,-16.784668,132.995605
0.99646,0.103394,0.510132,-125.488274,-16.540527,139.892578
0.996094,0.062012,0.471191,-120.727531,-13.97705,146.789551
1.025513,0.033936,0.453979,-114.868156,-8.605957,153.869629
1.030029,0.026489,0.4552,-108.27636,-2.746582,161.621078
1.019897,0.03418,0.45813,-101.318352,2.01416,169.311508
0.965454,0.041016,0.439941,-94.66552,4.02832,177.429184
0.889526,0.020386,0.427979,-87.524406,3.723144,184.448227
0.831299,-0.008789,0.41687,-80.810539,1.464844,190.124496
0.782471,-0.053345,0.410889,-73.791504,-2.197266,194.641098
0.778076,-0.063354,0.428711,-66.223145,-4.333496,199.035629
0.776611,-0.060425,0.42688,-58.898922,-6.286621,203.369125
0.731323,-0.051392,0.400879,-51.757809,-7.995605,207.580551
0.655884,-0.092407,0.363281,-44.006344,-10.375976,211.242661
0.622314,-0.147827,0.338867,-36.254883,-14.09912,213.439926
0.574707,-0.179077,0.289673,-27.770994,-19.165039,215.087875
0.540649,-0.221924,0.260376,-17.822266,-21.606443,215.270981
0.529297,-0.231934,0.282349,-6.713867,-21.667479,215.270981
0.505249,-0.235596,0.298462,3.051758,-21.728514,215.576157
0.453979,-0.263672,0.264282,12.939452,-24.597166,214.843735
0.406982,-0.312988,0.21582,23.132322,-27.893064,212.646469
0.386108,-0.356201,0.183838,35.827637,-31.005857,211.059555
0.36377,-0.375366,0.191162,49.255367,-33.325195,209.167465
0.336182,-0.362305,0.228027,63.171383,-32.348633,206.787094
0.283081,-0.313477,0.330322,75.866699,-28.686522,203.613266
0.262939,-0.25354,0.451538,84.83886,-26.06201,198.425278
0.214111,-0.198853,0.540283,89.416496,-24.414061,192.199692
0.157837,-0.189087,0.573242,91.308586,-24.230955,183.288559
0.132935,-0.21521,0.547241,91.247551,-26.367186,173.034653
0.145874,-0.249634,0.484619,92.163078,-30.2124,162.414536
0.120483,-0.282593,0.408569,95.642082,-32.470703,151.794434
0.088867,-0.309814,0.349976,102.050774,-32.714844,141.540527
0.04126,-0.304688,0.349731,111.083977,-33.752441,132.141113
0.011353,-0.269043,0.409668,119.99511,-35.15625,122.070305
-0.006958,-0.220337,0.510742,126.15966,-38.269043,111.022942
0.010376,-0.162109,0.591797,129.394531,-41.748043,98.632805
0.028076,-0.131958,0.614258,130.371094,-45.471188,86.120598
0.038574,-0.133057,0.61084,131.286621,-49.011227,73.852539
0.037964,-0.124512,0.617798,132.995605,-50.170895,62.255856
0.015503,-0.106445,0.688965,135.192871,-48.645016,50.659176
0.002563,-0.090088,0.730713,135.498047,-43.395992,38.635254
0.045776,-0.101685,0.745239,134.155273,-41.320797,28.381346
0.073975,-0.103394,0.755493,134.887695,-41.320797,19.65332
0.088013,-0.090332,0.74231,137.084961,-40.954586,11.901855
0.074707,-0.103882,0.72522,139.160156,-43.029781,4.02832
0.0625,-0.088501,0.726318,142.883301,-45.410152,-3.845215
0.097534,-0.091309,0.759155,146.057129,-47.973629,-12.390136
0.180054,-0.061279,0.800171,149.230957,-48.828121,-19.165039
0.172852,-0.018921,0.891724,153.198242,-48.583981,-24.536131
0.143188,0.024414,0.984009,155.761719,-45.227047,-29.357908
0.150757,0.024658,1.031982,154.907227,-43.701168,-34.912109
0.170776,0.033325,1.061157,153.625488,-43.273922,-40.588375
0.216064,0.033813,1.070801,152.038574,-40.40527,-46.630856
0.243896,0.010132,1.04834,148.4375,-35.339355,-52.001949
0.221191,0.01062,1.044067,146.54541,-29.907225,-58.410641
0.195313,0.067749,1.091553,144.40918,-23.864744,-65.856934
0.175903,0.119141,1.121216,140.625,-18.615723,-73.120117
0.14502,0.186768,1.168823,136.108398,-17.211914,-80.200195
0.140381,0.224121,1.191284,129.882813,-15.808105,-86.914055
0.14502,0.253296,1.181641,122.741692,-17.700195,-93.749992
0.103271,0.277222,1.1521,114.379875,-19.470215,-101.745598
0.083008,0.279297,1.120605,106.689445,-23.498533,-110.717766
0.059814,0.269897,1.100586,100.646965,-31.921385,-117.614738
0.06604,0.269653,1.089111,95.703117,-41.870113,-124.084465
0.100586,0.297241,1.120483,91.064445,-51.391598,-129.943848
0.157349,0.353394,1.182251,83.007805,-59.814449,-139.221191
0.167358,0.425903,1.2323,74.584961,-62.377926,-146.118164
0.184692,0.468506,1.276245,64.086914,-63.96484,-153.686523
0.244141,0.520874,1.291016,52.185055,-63.598629,-161.865219
0.282349,0.533081,1.252197,39.733887,-63.537594,-169.311508
0.286987,0.508057,1.17981,28.991697,-64.453125,-177.85643
0.331665,0.480591,1.109375,20.568846,-65.612793,-185.54686
0.414185,0.489868,1.083008,13.549804,-68.054199,-191.162094
0.518433,0.516357,1.056885,7.690429,-68.115234,-193.115219
0.650024,0.552979,1.051025,2.01416,-60.607906,-191.46727
0.770874,0.601563,1.046997,-3.051758,-48.706051,-187.377914
0.869629,0.657837,1.072632,-8.728027,-36.804199,-181.76268
0.898071,0.688721,1.078125,-15.380858,-30.456541,-173.889145
0.866577,0.677856,1.068115,-21.301268,-30.334471,-163.757309
0.881104,0.61377,1.016235,-26.916502,-42.724606,-150.20752
0.906372,0.53479,0.95813,-29.541014,-58.227535,-136.291504
0.967896,0.472778,0.900024,-30.456541,-72.08252,-119.262688
0.998047,0.423218,0.851318,-29.357908,-80.444328,-102.539055
1.015259,0.377197,0.82312,-28.07617,-80.688469,-86.914055
1.027344,0.341064,0.796875,-26.733397,-72.875977,-72.021484
1.006104,0.310303,0.775269,-25.390623,-58.1665,-59.204098
0.982178,0.27478,0.760986,-23.620604,-40.52734,-48.46191
0.925659,0.242188,0.743652,-21.850584,-23.620604,-39.18457
0.84314,0.233154,0.751465,-18.737793,-11.901855,-30.578611
0.762085,0.233521,0.772705,-15.686034,-5.859375,-22.766111
0.704346,0.227295,0.779907,-13.732909,-6.225585,-15.86914
0.672241,0.218628,0.776123,-11.840819,-9.765625,-9.765625
0.647217,0.218018,0.764282,-10.437011,-12.939452,-5.004883
0.621948,0.224243,0.757813,-9.70459,-15.99121,-1.953125
0.646606,0.220825,0.756104,-9.460449,-16.845703,-0.366211
0.657593,0.231567,0.746948,-9.033203,-15.136718,1.403808
0.643555,0.246826,0.740723,-8.422852,-9.82666,1.525879
0.581787,0.256714,0.765259,-8.544922,-3.662109,0.854492
0.531982,0.269531,0.801758,-8.850098,-0.488281,-0.061035
0.516968,0.281616,0.844482,-9.70459,-2.441406,-0.671387
0.521118,0.307983,0.845215,-10.0708,-6.835937,-0.488281
0.523926,0.327393,0.839355,-10.803222,-11.779784,0.427246
0.501099,0.331543,0.821411,-11.230468,-15.808105,0.854492
0.500122,0.327271,0.826538,-11.901855,-18.554688,0.793457
0.532959,0.313354,0.831909,-12.023925,-20.202635,1.098633
0.55249,0.314941,0.816406,-11.230468,-19.348145,1.89209
0.537354,0.318604,0.815674,-10.009766,-15.624999,2.197266
0.510132,0.323486,0.830566,-8.911133,-11.718749,2.01416
0.517578,0.329102,0.842163,-8.422852,-8.850098,2.075195
0.516602,0.340454,0.833008,-7.629394,-7.873535,2.746582
0.509644,0.350464,0.81665,-6.835937,-6.774902,3.90625
0.515625,0.351074,0.823975,-6.225585,-6.286621,4.882813
0.528076,0.362915,0.820557,-5.981445,-5.310058,6.103515
0.536011,0.362671,0.816162,-5.554199,-2.746582,7.385253
0.521362,0.366821,0.818848,-5.126953,0.12207,8.911133
0.501465,0.359131,0.827881,-4.882813,2.319336,9.521484
0.484985,0.355713,0.837524,-4.577637,2.380371,9.887695
0.50415,0.35437,0.827393,-4.821777,0.915527,10.19287
0.515015,0.36853,0.825073,-5.004883,-1.831055,10.498046
0.516968,0.371582,0.813354,-5.310058,-3.173828,11.047362
0.512329,0.372681,0.805664,-6.469726,-2.13623,10.620116
0.504517,0.353394,0.793457,-7.751464,1.098633,10.0708
0.484131,0.337769,0.794922,-8.666992,3.540039,8.972168
0.471924,0.329102,0.795532,-9.033203,3.540039,8.544922
0.476807,0.328613,0.812012,-9.094238,2.502441,8.422852
0.464844,0.316895,0.826782,-9.033203,0.488281,8.117676
0.456665,0.311523,0.834106,-8.972168,-2.01416,7.568359
0.445435,0.312744,0.827759,-9.155273,-4.943848,6.591796
0.450928,0.295898,0.814941,-9.216309,-7.568359,5.676269
0.458862,0.289063,0.811157,-8.666992,-8.789063,4.455566
0.443726,0.286865,0.810791,-7.995605,-8.972168,2.929687
0.440063,0.278442,0.799316,-7.263183,-8.544922,1.281738
0.415894,0.28479,0.806885,-6.347656,-8.117676,-1.708984
0.396729,0.281982,0.814087,-6.225585,-8.483887,-4.394531
0.389648,0.282837,0.812012,-5.798339,-9.399414,-7.263183
0.375366,0.278687,0.799316,-5.310058,-11.474608,-10.437011
0.386719,0.290649,0.796509,-4.577637,-13.244628,-13.305663
0.409546,0.303467,0.79187,-3.845215,-13.85498,-15.99121
0.411133,0.323975,0.804688,-2.990722,-13.244628,-18.615723
0.400757,0.334229,0.814087,-2.807617,-12.023925,-21.362303
0.400146,0.340698,0.805542,-2.807617,-11.108397,-24.230955
0.392456,0.352661,0.818115,-2.990722,-11.413573,-27.282713
0.36377,0.364746,0.822632,-3.234863,-12.329101,-30.578611
0.35791,0.364746,0.800537,-3.845215,-15.380858,-34.362793
0.347778,0.372681,0.802246,-3.967285,-21.972654,-37.719727
0.333008,0.370361,0.809326,-4.150391,-28.137205,-41.442867
0.313843,0.384766,0.821655,-6.225585,-31.616209,-46.264645
0.349976,0.399414,0.843872,-9.033203,-32.043457,-51.696774
0.367432,0.412842,0.877808,-11.657714,-30.334471,-56.884762
0.352539,0.431641,0.92395,-16.113281,-27.648924,-62.316891
0.324097,0.437134,0.958618,-21.484373,-26.977537,-67.199707
0.333008,0.436279,0.982788,-26.977537,-29.907225,-71.533203
0.355469,0.418457,0.996582,-31.738279,-34.790039,-74.401855
0.376953,0.406006,1.023438,-35.949707,-40.222164,-77.453613
0.380493,0.406738,1.053955,-40.771481,-44.799801,-79.772949
0.401489,0.401245,1.076538,-46.752926,-49.194332,-82.458488
0.444946,0.380737,1.095459,-53.833004,-53.222652,-84.594719
0.519165,0.356445,1.093018,-60.18066,-55.908199,-85.754387
0.581177,0.342285,1.112549,-66.040039,-55.847164,-86.425774
0.643311,0.334961,1.124268,-71.533203,-53.466793,-86.914055
0.692627,0.352661,1.178467,-76.965332,-50.964352,-85.876457
0.743164,0.379639,1.202271,-84.167473,-50.354,-84.045403
0.789063,0.401855,1.215088,-92.346184,-52.429195,-80.200195
0.857788,0.401611,1.179932,-100.952141,-56.27441,-74.279785
0.932373,0.392822,1.122314,-108.703606,-58.593746,-66.345215
0.971436,0.382935,1.075562,-114.929192,-58.410641,-57.128902
1.008301,0.389771,1.021851,-120.544426,-57.128902,-47.058102
1.02417,0.380249,0.999023,-124.816887,-53.833004,-36.315918
1.070679,0.364868,0.949097,-128.723145,-50.292965,-25.268553
1.107422,0.343628,0.934937,-131.286621,-45.837399,-12.878417
1.148682,0.342041,0.912231,-132.93457,-39.855957,0.366211
1.162598,0.352295,0.887817,-135.314941,-33.691406,13.732909
1.148071,0.342896,0.864136,-137.451172,-27.282713,26.977537
1.11438,0.329224,0.831543,-139.465332,-23.498533,40.100098
1.047119,0.309814,0.830322,-140.991211,-22.094725,52.307125
1.057129,0.279419,0.824219,-143.554688,-23.315428,63.720699
1.043335,0.254272,0.785278,-145.507813,-25.329588,74.768066
1.05481,0.199829,0.725708,-147.277832,-26.18408,83.923332
1.047852,0.176147,0.683472,-147.827148,-24.29199,92.956535
1.043335,0.140625,0.652344,-147.460938,-20.26367,101.135246
1.010864,0.11377,0.62146,-146.484375,-15.075683,109.374992
0.982788,0.081055,0.614502,-144.165039,-9.94873,117.004387
0.927124,0.069336,0.609375,-141.540527,-6.286621,124.511711
0.873169,0.052979,0.604248,-138.427734,-4.943848,131.469727
0.843262,0.023804,0.587524,-135.131836,-6.16455,137.695313
0.827881,-0.016846,0.55481,-131.591797,-7.141113,143.127441
0.789795,-0.045288,0.509155,-127.197258,-6.103515,147.888184
0.753418,-0.086426,0.463379,-121.887199,-4.516602,151.855469
0.735596,-0.131958,0.436646,-115.722649,-1.281738,154.663086
0.679077,-0.157104,0.407104,-108.093254,1.159668,157.836914
0.669067,-0.17688,0.400269,-99.792473,3.784179,159.912109
0.651855,-0.175049,0.422852,-90.75927,5.371093,162.841782
0.609741,-0.168335,0.444336,-83.007805,6.530761,164.916977
0.583252,-0.180054,0.442627,-76.35498,5.187988,166.748032
0.553833,-0.183228,0.462524,-69.824219,1.159668,168.212875
0.533081,-0.210083,0.453979,-63.720699,-3.784179,169.372543
0.522095,-0.224609,0.43457,-57.067867,-8.666992,169.799789
0.509888,-0.252197,0.401611,-49.926754,-13.916015,170.104965
0.519531,-0.274536,0.355347,-43.029781,-17.456055,169.433578
0.547852,-0.294678,0.306396,-30.029295,-20.1416,169.128403
0.541382,-0.302612,0.279785,-20.690916,-20.019531,169.738754
0.529663,-0.296387,0.275757,-8.972168,-21.240232,171.203598
0.509399,-0.276978,0.299683,1.220703,-23.315428,172.790512
0.448486,-0.271606,0.326538,11.413573,-26.611326,174.804672
0.402832,-0.268433,0.357666,20.568846,-32.043457,176.452621
0.367065,-0.287354,0.37854,28.869627,-38.269043,177.673325
0.346558,-0.302246,0.388916,37.536621,-44.31152,177.551254
0.344482,-0.310303,0.376831,46.020504,-48.095699,176.269516
0.338379,-0.324829,0.358032,55.297848,-51.513668,174.316391
0.34314,-0.320068,0.326172,64.758301,-55.114742,172.424301
0.323853,-0.324219,0.305054,75.622559,-58.349606,170.410141
0.262695,-0.300171,0.345337,86.791985,-61.401363,168.15184
0.168457,-0.268188,0.399658,96.92382,-65.490723,164.489731
0.091187,-0.249268,0.458496,104.980461,-68.786621,158.630371
0.040527,-0.255493,0.47168,111.999504,-72.265625,150.695801
0.046021,-0.285645,0.467896,118.469231,-75.256348,141.540527
0.09082,-0.298828,0.426636,125.854485,-75.317383,132.202148
0.110107,-0.310059,0.388672,134.94873,-73.547363,123.962395
0.120972,-0.306885,0.344482,145.996094,-70.3125,115.722649
0.037964,-0.259521,0.408569,158.508301,-67.871094,107.421867
-0.074585,-0.182495,0.582153,168.395981,-64.331055,96.55761
-0.115601,-0.106567,0.737793,172.05809,-62.744137,82.94677
-0.117798,-0.068726,0.84375,169.799789,-62.805172,67.626953
-0.109619,-0.06189,0.849609,165.771469,-62.561031,52.12402
-0.097168,-0.074219,0.821777,161.987289,-63.354488,36.682129
-0.10791,-0.090088,0.746948,159.667969,-65.185547,21.423338
-0.109863,-0.11499,0.664307,160.888657,-67.077637,6.958007
-0.105103,-0.121704,0.639526,165.100082,-69.091797,-5.92041
-0.175293,-0.089111,0.726807,172.05809,-69.152832,-17.822266
-0.193604,-0.029175,0.797241,176.025375,-71.838379,-30.700682
-0.1604,0.022949,0.860352,176.818832,-77.514648,-44.006344
-0.104614,0.064941,0.887207,175.903305,-78.063965,-57.922359
-0.067993,0.088013,0.854736,175.048813,-75.622559,-71.960449
-0.071777,0.093506,0.826782,173.339828,-67.993164,-87.768547
-0.070068,0.115723,0.765991,173.95018,-59.93652,-104.49218
-0.108643,0.141479,0.753174,176.574692,-52.978512,-120.23925
-0.198608,0.174316,0.798096,180.664047,-48.21777,-134.460449
-0.222656,0.212891,0.884033,183.410629,-49.133297,-148.193359
-0.13269,0.317871,0.976807,186.096176,-53.649899,-160.461426
-0.10022,0.415894,1.103027,185.66893,-60.729977,-171.020493
-0.041504,0.518677,1.220093,180.786118,-65.124512,-181.76268
0.028564,0.612549,1.31665,172.424301,-66.52832,-191.162094
0.046997,0.668579,1.319458,161.193832,-67.382813,-200.866684
0.045532,0.704346,1.245239,148.681641,-69.702148,-211.730942
0.18335,0.758911,1.190918,137.634277,-69.213867,-223.266586
0.361816,0.852051,1.22229,126.953117,-60.302731,-231.811508
0.488892,0.976196,1.298584,115.600578,-51.757809,-235.046371
0.567627,1.080322,1.366577,101.928703,-46.936031,-232.910141
0.636597,1.124023,1.407837,86.181633,-49.560543,-226.196274
0.722656,1.126343,1.397461,69.580078,-56.091305,-216.064438
0.812622,1.08728,1.364624,53.649899,-65.429688,-203.30809
0.919434,1.016235,1.334839,39.18457,-73.120117,-188.293442
0.955566,0.930786,1.29834,27.587889,-76.35498,-171.264633
0.95166,0.855713,1.213379,17.272949,-78.918457,-153.198242
0.956299,0.78064,1.140503,8.728027,-80.566399,-136.291504
0.97583,0.69397,1.067505,1.831055,-78.735352,-120.483391
0.95752,0.621338,1.030518,-3.540039,-72.692871,-105.773918
0.92981,0.553345,0.979126,-8.789063,-64.880371,-93.627922
0.906494,0.499634,0.953857,-13.000487,-54.809566,-83.06884
0.870605,0.465454,0.935913,-15.808105,-44.55566,-73.974609
0.835938,0.450317,0.901123,-18.981934,-36.560059,-66.650391
0.809204,0.442627,0.854492,-21.728514,-29.418943,-59.814449
0.804565,0.438232,0.821411,-23.498533,-24.108885,-53.405758
0.786255,0.435791,0.789795,-24.230955,-19.165039,-47.241207
0.762329,0.420288,0.774414,-24.841307,-15.075683,-41.259762
0.72876,0.419434,0.763794,-25.146482,-12.329101,-35.03418
0.683228,0.412964,0.754272,-25.146482,-11.413573,-29.724119
0.663452,0.405396,0.749146,-24.658201,-12.451171,-22.644041
0.650146,0.408325,0.749634,-24.536131,-12.329101,-18.554688
0.637085,0.415161,0.731201,-24.04785,-12.329101,-15.624999
0.614014,0.411499,0.724731,-23.376463,-12.20703,-13.000487
0.599365,0.421265,0.744873,-22.888182,-12.695312,-10.742187
0.582886,0.434814,0.745361,-22.3999,-13.122558,-8.972168
0.577271,0.438232,0.729614,-22.338865,-13.305663,-6.774902
0.560791,0.432373,0.719238,-21.850584,-14.22119,-4.882813
0.549927,0.430542,0.726196,-21.057127,-14.709472,-3.112793
0.53833,0.441406,0.735352,-20.38574,-14.526366,-1.464844
0.534302,0.453857,0.73645,-20.507811,-14.22119,0.0
0.522705,0.45166,0.735718,-20.38574,-13.610839,1.586914
0.508667,0.446289,0.73877,-19.65332,-12.695312,2.746582
0.502686,0.450562,0.757202,-19.226074,-11.230468,3.723144
0.480835,0.456909,0.759521,-18.920898,-10.253905,4.272461
0.480957,0.449707,0.758423,-18.798828,-10.681151,4.943848
0.460693,0.446411,0.761475,-18.554688,-11.657714,5.310058
0.447144,0.434326,0.75647,-18.127441,-13.427733,5.371093
0.449829,0.43335,0.75647,-17.578125,-14.343261,5.737304
0.454102,0.427246,0.741333,-16.601563,-14.343261,6.16455
0.459229,0.431152,0.747925,-15.624999,-13.488769,6.774902
0.477783,0.434692,0.770386,-14.465331,-11.169433,7.568359
0.476807,0.444824,0.786377,-13.732909,-8.544922,7.751464
0.469849,0.44873,0.779663,-13.305663,-6.347656,8.483887
0.460815,0.439331,0.775879,-12.512206,-5.92041,9.460449
0.456787,0.445313,0.776123,-11.535644,-6.530761,10.375976
0.455933,0.437988,0.768066,-10.437011,-6.958007,11.047362
0.443848,0.443359,0.776245,-9.155273,-6.774902,11.840819
0.428589,0.441406,0.762939,-8.483887,-6.16455,12.08496
0.437378,0.433228,0.750854,-7.8125,-6.347656,11.596679
0.445435,0.421875,0.754639,-6.835937,-5.065917,11.169433
0.447144,0.423584,0.778076,-6.225585,-2.807617,10.0708
0.440552,0.426514,0.789185,-6.16455,-0.305176,8.666992
0.435303,0.424438,0.788696,-6.469726,0.854492,7.507324
0.434082,0.421631,0.791138,-6.469726,0.488281,6.652832
0.437988,0.425171,0.807983,-6.469726,-0.488281,5.981445
0.428711,0.420654,0.802124,-7.019042,-3.295898,6.04248
0.427979,0.415771,0.788696,-7.019042,-6.16455,5.798339
0.426147,0.404541,0.772583,-6.896972,-8.483887,5.432128
0.442993,0.400391,0.775879,-6.286621,-8.911133,4.882813
0.452271,0.405029,0.779541,-6.04248,-7.507324,4.150391
0.462646,0.416626,0.79895,-5.859375,-4.638672,3.417969
