0.092163,-0.681519,0.719482,0.000000,0.000000,0.000000
0.089722,-0.687744,0.708252,0.000000,0.000000,0.000000
0.082520,-0.695190,0.707520,0.000000,0.000000,0.000000
0.078003,-0.697021,0.707764,0.000000,0.000000,0.000000
0.083618,-0.692383,0.701782,-12.207030,-4.638672,5.493164
0.096313,-0.699585,0.686646,-13.732909,-3.967285,5.615234
0.098999,-0.702515,0.682739,-12.207030,-2.929687,5.249023
0.091431,-0.714844,0.693848,-10.986327,-2.075195,4.638672
0.090942,-0.713135,0.698730,-9.887695,-1.953125,3.662109
0.089478,-0.711182,0.694702,-8.605957,-1.281738,2.929687
0.098389,-0.710815,0.694458,-7.934570,-1.220703,2.746582
0.105347,-0.708252,0.686401,-6.774902,0.183105,1.892090
0.098267,-0.703125,0.695557,-5.676269,2.319336,0.610352
0.103882,-0.698486,0.670288,-4.516602,3.784179,0.427246
0.103638,-0.700317,0.675293,-3.417969,3.051758,0.793457
0.118408,-0.710938,0.684448,-2.746582,1.831055,0.305176
0.110840,-0.715698,0.688354,-1.831055,1.159668,-0.976562
0.129028,-0.718018,0.706909,-0.976562,1.220703,-1.159668
0.138672,-0.706665,0.692993,-0.183105,1.342773,-0.061035
0.137573,-0.689209,0.701782,0.488281,1.098633,0.488281
0.147827,-0.694458,0.707642,0.427246,1.464844,1.220703
0.135010,-0.702881,0.722168,0.793457,2.197266,1.525879
0.128174,-0.700317,0.722534,0.549316,3.051758,1.342773
0.135254,-0.697388,0.719971,0.366211,3.051758,1.342773
0.139526,-0.700317,0.722900,-0.366211,1.403808,2.502441
0.132568,-0.697632,0.729248,-1.159668,-0.427246,3.234863
0.130615,-0.704590,0.751953,-2.319336,-1.159668,2.319336
0.125732,-0.699097,0.759766,-3.723144,-1.586914,2.197266
0.102905,-0.698975,0.752563,-5.310058,-2.014160,2.746582
0.080078,-0.692261,0.731323,-6.286621,-4.150391,2.563476
0.039917,-0.685303,0.725342,-8.361816,-10.192870,0.732422
0.012085,-0.672485,0.713013,-9.887695,-20.690916,-3.295898
0.008301,-0.678223,0.700684,-11.413573,-36.254883,-7.263183
0.038574,-0.676392,0.707642,-13.244628,-53.344723,-9.582520
0.096313,-0.660889,0.723389,-16.967773,-70.739746,-12.878417
0.103882,-0.660156,0.726807,-21.545408,-86.303703,-14.831542
0.140991,-0.664307,0.742676,-26.611326,-97.778313,-16.967773
0.129150,-0.656250,0.739136,-31.127928,-104.492180,-19.409180
0.121460,-0.670776,0.700195,-33.447266,-108.520500,-22.583006
0.173462,-0.663330,0.624634,-36.132813,-107.116692,-26.306150
0.182007,-0.643921,0.604126,-39.794922,-109.252922,-28.564451
0.172241,-0.642944,0.582764,-41.931149,-112.487785,-31.616209
0.165527,-0.658813,0.603149,-44.982906,-113.159172,-34.362793
0.173950,-0.671509,0.556396,-48.156734,-115.112297,-38.452148
0.218994,-0.650024,0.598022,-50.048824,-111.511223,-38.513184
0.277832,-0.637695,0.590820,-53.283688,-102.355949,-42.175289
0.167847,-0.638794,0.495117,-54.138180,-91.247551,-44.128414
0.185303,-0.628296,0.402710,-53.833004,-80.749504,-47.119137
0.266113,-0.638672,0.361450,-53.466793,-86.120598,-53.527828
0.193970,-0.656250,0.297974,-50.659176,-91.552727,-56.091305
0.155029,-0.652100,0.251465,-45.837399,-91.186516,-59.631344
0.190063,-0.670776,0.228394,-41.503902,-101.745598,-69.885254
0.217651,-0.673706,0.204712,-35.339355,-111.572258,-78.186035
0.176147,-0.693848,0.271606,-29.418943,-123.779289,-82.214348
0.259888,-0.706299,0.184570,-22.033689,-113.525383,-88.073723
0.308838,-0.735474,0.212524,-12.268065,-95.520012,-94.665520
0.293823,-0.708984,-0.061646,1.525879,-73.791504,-104.003899
0.412109,-0.727417,-0.449951,17.883301,-62.133785,-111.755363
0.900757,-0.681030,-1.948730,46.081539,-19.714355,-114.196770
0.055786,-0.197510,1.937866,51.147457,-154.357910,-102.722160
0.723267,-1.053955,1.191406,29.113768,-153.015137,-240.417465
-0.057251,-0.734985,0.252930,122.680656,-140.502930,-174.987778
0.895874,-0.455566,0.206543,64.575195,-125.122063,-70.678711
1.665649,-0.524048,0.545898,42.419430,-68.298340,-71.594238
1.495361,-0.427002,0.356079,49.865719,113.647453,-51.879879
0.977417,-0.451172,0.376587,63.964840,253.478989,-61.157223
0.681885,-0.535156,0.466431,84.167473,302.551270,-74.707031
0.633911,-0.565918,0.571899,101.135246,284.057617,-82.397453
0.668579,-0.569458,0.741577,120.788567,155.578613,-53.649899
0.740845,-0.483276,0.751221,127.136223,68.298340,-32.043457
0.785889,-0.433350,0.868774,124.328606,5.859375,-29.357908
0.806030,-0.458252,0.959839,118.103020,-31.005857,-28.991697
0.785400,-0.510986,0.962280,106.018059,-21.118162,-30.395506
0.913696,-0.444580,0.614258,93.383781,-10.009766,-29.663084
0.548462,-0.536865,0.486572,91.125481,-6.408691,-4.333496
0.782593,-0.492798,0.719849,88.073723,-1.281738,4.089355
1.040649,-0.397949,0.895020,79.223633,35.766602,-3.417969
1.006836,-0.340088,1.042480,72.570801,63.293453,6.103515
0.823242,-0.341064,1.118042,62.377926,86.486809,13.549804
0.677124,-0.387695,1.159790,53.283688,105.773918,11.779784
0.571777,-0.432617,1.163452,42.724606,110.778801,10.009766
0.520264,-0.450317,1.139282,33.081055,108.093254,11.779784
0.509644,-0.446655,1.109985,23.681639,94.909660,13.122558
0.474243,-0.452515,0.981323,16.723633,77.392578,13.427733
0.401367,-0.455078,0.857544,14.587401,56.518551,12.878417
0.397949,-0.450317,0.814941,12.084960,32.592773,11.535644
0.464966,-0.424438,0.828735,10.498046,11.718749,7.202148
0.516235,-0.413208,0.862671,10.192870,-2.807617,3.784179
0.521973,-0.406006,0.909790,9.460449,-11.779784,1.892090
0.520142,-0.407349,0.916870,7.019042,-14.892577,0.183105
0.516846,-0.408936,0.877686,4.394531,-13.183593,-0.244141
0.524536,-0.403687,0.841309,2.319336,-9.704590,0.183105
0.532959,-0.398804,0.800293,1.098633,-4.760742,1.220703
0.528320,-0.397339,0.790405,1.525879,0.488281,2.197266
0.504883,-0.394531,0.756104,2.319336,4.821777,1.892090
0.485840,-0.392456,0.765381,5.004883,9.033203,1.953125
0.497070,-0.384521,0.763428,5.371093,9.643555,2.014160
0.513184,-0.380371,0.784668,6.042480,10.986327,1.403808
0.507690,-0.378174,0.788330,6.713867,11.901855,1.281738
0.504150,-0.372070,0.819458,6.225585,13.488769,0.793457
0.510376,-0.369751,0.816162,5.004883,15.441894,-0.183105
0.490967,-0.382202,0.792603,3.417969,14.892577,0.000000
0.476807,-0.387329,0.781860,2.319336,11.657714,0.000000
0.476807,-0.390747,0.776978,1.647949,6.530761,-0.610352
0.475342,-0.399658,0.754517,1.098633,1.281738,-1.647949
0.486816,-0.393311,0.756104,1.525879,-3.112793,-2.197266
0.514282,-0.391724,0.770264,0.976562,-6.896972,-2.319336
0.532227,-0.385986,0.796875,1.342773,-7.751464,-2.929687
0.542114,-0.380371,0.805420,1.037598,-5.065917,-2.868652
0.537109,-0.379639,0.808105,0.366211,-0.732422,-2.685547
0.524658,-0.385132,0.802612,0.000000,2.868652,-2.380371
0.520386,-0.393921,0.795410,0.000000,4.699707,-1.831055
0.518188,-0.401978,0.782104,0.061035,4.882813,-1.525879
0.518677,-0.405396,0.775635,0.183105,4.089355,-1.098633
0.523315,-0.395996,0.781982,0.061035,2.624511,-0.488281
0.517212,-0.392334,0.789307,0.000000,0.488281,-0.305176
0.503662,-0.395630,0.797974,0.061035,-0.610352,-0.488281
0.507813,-0.404907,0.794678,-0.061035,-0.549316,-0.488281
0.517090,-0.405029,0.792847,-0.061035,-0.244141,-0.305176
0.511475,-0.408936,0.795288,0.122070,-0.366211,0.183105
0.519409,-0.406860,0.795654,0.183105,0.366211,-0.122070
0.518311,-0.404541,0.788208,0.305176,1.831055,-0.610352
0.525635,-0.410767,0.801636,0.671387,3.356933,-0.366211
0.519897,-0.406250,0.808960,0.915527,4.150391,0.427246
0.531738,-0.398071,0.820313,0.854492,5.187988,1.098633
0.526123,-0.401611,0.812012,0.488281,6.347656,1.403808
0.529053,-0.403442,0.813599,0.183105,7.263183,1.953125
0.524292,-0.411377,0.812012,-0.366211,7.507324,2.197266
0.523193,-0.416138,0.821289,-0.488281,8.178711,2.685547
0.528320,-0.412354,0.821899,-0.854492,7.995605,3.540039
0.544312,-0.422852,0.835205,-0.671387,8.178711,4.882813
0.552002,-0.424927,0.832764,-0.976562,9.765625,6.042480
0.563599,-0.421997,0.850952,-0.427246,12.023925,7.934570
0.589478,-0.424316,0.859253,-0.732422,15.258788,10.253905
0.619141,-0.426880,0.855835,-0.427246,22.033689,13.122558
0.641479,-0.437378,0.848999,0.122070,31.127928,16.235352
0.658569,-0.438599,0.880981,-0.244141,38.818359,19.958496
0.676758,-0.428345,0.891846,-0.671387,48.767086,24.353025
0.658936,-0.428833,0.910156,-1.220703,58.349606,30.029295
0.671753,-0.440063,0.953247,-2.380371,66.650391,36.499023
0.656006,-0.428467,0.989380,-4.455566,72.875977,43.640133
0.599243,-0.411011,0.994385,-7.263183,74.218750,50.598141
0.630127,-0.445190,1.007202,-9.460449,78.063965,56.030270
0.627808,-0.440308,1.018921,-12.084960,83.862297,63.964840
0.565430,-0.435791,1.076782,-15.991210,88.745110,68.664551
0.581665,-0.413696,1.108887,-23.071287,93.322746,71.289063
0.539673,-0.417236,1.053467,-29.418943,93.627922,76.232910
0.384277,-0.395386,0.985229,-33.325195,87.585442,81.909172
0.264893,-0.403564,0.958618,-38.391113,80.749504,85.266106
0.202637,-0.425415,0.888794,-44.555660,76.416016,84.045403
0.104126,-0.433594,0.838257,-44.860836,65.917969,81.909172
0.042725,-0.453003,0.835327,-48.278805,49.133297,80.139160
-0.043579,-0.463623,0.817505,-51.452633,22.277830,72.509766
0.034790,-0.468384,0.893677,-55.969234,-1.586914,64.453125
0.148682,-0.476440,0.992920,-64.147949,-23.315428,54.809566
0.193481,-0.469238,1.081665,-71.838379,-45.043941,45.654293
0.156616,-0.437622,1.073486,-83.374016,-67.077637,39.794922
0.152710,-0.470093,1.031006,-94.238274,-84.350578,35.461426
0.153809,-0.475342,0.936890,-102.600090,-99.121086,35.461426
0.099731,-0.487671,0.815430,-109.436028,-110.107414,36.682129
0.089600,-0.488525,0.711548,-114.440910,-113.586418,36.437988
0.076050,-0.507080,0.591553,-115.478508,-114.013664,32.653809
0.095093,-0.485352,0.543335,-115.051262,-112.243645,30.883787
0.115967,-0.491333,0.559326,-117.187492,-110.778801,30.578611
0.110474,-0.502930,0.581055,-117.797844,-106.018059,24.780272
0.050659,-0.512207,0.614624,-117.126457,-99.487297,15.014647
-0.046631,-0.518677,0.571411,-116.638176,-95.214836,3.601074
-0.090942,-0.528564,0.460449,-115.905754,-95.886223,-7.690429
-0.103516,-0.545654,0.325439,-112.426750,-103.454582,-16.174316
-0.049072,-0.551147,0.203247,-108.154289,-110.839836,-23.986814
0.009888,-0.573364,0.184570,-101.867668,-121.215813,-30.029295
0.054199,-0.587280,0.213989,-95.703117,-123.901360,-36.254883
0.066528,-0.603760,0.233765,-88.867180,-117.736809,-43.579098
0.034546,-0.623901,0.194702,-82.214348,-103.637688,-53.222652
0.015137,-0.657471,0.134644,-73.486328,-88.195793,-64.941406
0.018921,-0.679932,0.128052,-63.720699,-78.063965,-78.308105
0.038574,-0.684570,0.035400,-54.138180,-76.599121,-90.332024
0.046753,-0.686890,0.028687,-38.696289,-80.627434,-99.121086
0.183960,-0.683350,0.091553,-28.381346,-91.674797,-110.656731
0.400513,-0.709717,0.053589,-16.723633,-97.351067,-120.056145
0.382324,-0.688477,0.086182,0.427246,-96.801750,-125.793449
0.408691,-0.693237,0.026367,9.399414,-77.941895,-137.939453
0.483154,-0.674194,0.179443,19.897461,-55.847164,-142.761230
0.479980,-0.640259,0.088989,34.484863,-28.564451,-142.639160
0.703369,-0.652832,0.075317,46.325680,-4.699707,-138.854980
0.853271,-0.635864,0.095337,58.715816,35.766602,-135.620117
0.873291,-0.581787,0.132690,72.509766,60.119625,-131.652832
0.932861,-0.516113,0.143188,85.754387,71.716309,-129.394531
0.961426,-0.524780,0.229736,96.557610,67.687988,-124.145500
1.278320,-0.486206,-0.112305,102.661125,76.416016,-109.069817
1.905273,-0.397949,-0.543091,139.831543,96.618645,-99.914543
1.482788,0.256104,1.952759,48.400875,-12.695312,-137.634277
1.582520,-1.201538,1.574097,131.652832,-100.158684,-183.837875
0.270264,-0.266357,0.506226,89.843742,-68.115234,-41.931149
1.839355,-0.280273,0.669067,60.485836,-28.686522,-30.944822
1.999756,-0.336304,0.887329,31.249998,19.165039,-3.906250
1.343506,-0.333618,0.646851,24.475096,146.423340,-3.479004
0.830933,-0.460083,0.587280,32.165527,200.927719,-16.235352
0.617554,-0.588501,0.598633,40.832516,164.245590,-15.747069
0.691406,-0.590576,0.664917,44.555660,99.182121,-0.610352
0.793091,-0.521484,0.748291,46.813961,37.597656,13.244628
0.734741,-0.514771,0.758423,47.424313,5.371093,16.235352
0.648438,-0.481445,0.707275,45.471188,-7.019042,12.207030
0.682617,-0.497070,0.674683,42.724606,-16.601563,7.629394
0.669678,-0.505615,0.648438,38.085938,-17.089844,6.408691
0.708374,-0.477051,0.647827,32.653809,-9.155273,4.577637
0.758545,-0.435669,0.703247,28.564451,4.638672,3.479004
0.776855,-0.407959,0.719482,24.414061,16.052246,4.760742
0.773926,-0.413452,0.738281,21.972654,24.108885,6.958007
0.734497,-0.413086,0.723999,20.385740,27.404783,9.765625
0.692261,-0.416992,0.711548,19.775391,28.686522,11.657714
0.664429,-0.410645,0.700317,19.958496,29.479979,11.596679
0.663452,-0.417358,0.697876,20.812986,30.395506,10.864257
0.656006,-0.411011,0.701538,21.789549,29.785154,10.253905
0.631958,-0.414063,0.662720,22.705076,29.479979,9.948730
0.601929,-0.410767,0.660889,23.742674,28.198240,10.192870
0.614868,-0.393188,0.679688,22.399900,26.611326,9.521484
0.639648,-0.392334,0.708374,21.057127,24.597166,8.972168
0.638062,-0.383789,0.711426,18.310547,25.756834,8.728027
0.614380,-0.386719,0.699463,16.113281,27.587889,8.178711
0.602417,-0.384888,0.685669,14.038085,27.648924,6.958007
0.580811,-0.389526,0.684082,12.573241,24.963377,5.920410
0.576904,-0.391357,0.681885,11.535644,20.812986,5.249023
0.586670,-0.387329,0.685425,11.047362,15.624999,3.601074
0.595459,-0.385742,0.700317,11.047362,11.291503,2.197266
0.582642,-0.379639,0.707520,10.742187,8.361816,0.976562
0.612915,-0.383545,0.724243,10.070800,7.751464,-0.061035
0.631836,-0.376709,0.723633,9.216309,7.873535,-0.305176
0.631470,-0.377441,0.729980,8.117676,9.338379,-0.122070
0.605469,-0.380737,0.685669,6.958007,10.681151,0.000000
0.596802,-0.399902,0.675659,6.774902,10.864257,0.305176
0.617432,-0.398315,0.697632,5.859375,8.972168,0.244141
0.625732,-0.384644,0.716553,5.310058,8.239746,0.305176
0.623901,-0.374878,0.726685,4.882813,7.568359,-0.427246
0.599609,-0.381836,0.726563,3.906250,6.225585,-1.220703
0.610962,-0.379272,0.712524,3.540039,4.760742,-1.831055
0.610229,-0.383911,0.716309,3.540039,1.159668,-1.525879
0.619995,-0.382690,0.721802,3.356933,-0.854492,-1.342773
0.630859,-0.391357,0.719360,3.051758,0.305176,-1.220703
0.620605,-0.398438,0.716309,3.173828,2.075195,-1.098633
0.617188,-0.399170,0.698730,3.417969,3.173828,-0.305176
0.616943,-0.394409,0.714111,3.356933,3.601074,0.488281
0.623413,-0.388794,0.721924,2.990722,4.577637,0.183105
0.608032,-0.383423,0.728027,2.807617,6.042480,0.061035
0.615601,-0.376587,0.723022,2.624511,6.103515,-0.183105
0.605713,-0.388306,0.716919,2.380371,5.493164,-0.244141
0.613281,-0.395386,0.720581,2.563476,4.455566,-0.305176
0.605347,-0.404541,0.713989,2.563476,3.356933,-0.244141
0.617065,-0.405029,0.717407,2.746582,3.051758,-0.305176
0.617065,-0.398682,0.718018,2.990722,2.685547,-0.183105
0.610352,-0.392578,0.726074,3.112793,2.807617,0.000000
0.609497,-0.381836,0.718384,3.051758,3.723144,0.244141
0.617065,-0.376953,0.722290,3.051758,4.638672,0.305176
0.610962,-0.375610,0.727783,2.929687,5.920410,0.366211
0.617065,-0.374023,0.724854,2.502441,6.103515,0.793457
0.618652,-0.375000,0.722900,1.831055,6.286621,0.915527
0.610840,-0.376587,0.732056,1.464844,6.652832,0.793457
0.596802,-0.375122,0.729004,1.098633,5.981445,0.610352
0.599243,-0.380371,0.727783,0.915527,4.760742,0.305176
0.605103,-0.383301,0.721802,0.732422,3.356933,0.427246
0.609985,-0.385132,0.737549,0.793457,2.319336,0.549316
0.616333,-0.383667,0.736084,0.671387,2.929687,0.183105
0.622925,-0.383423,0.738525,0.732422,4.211426,0.244141
0.613892,-0.380615,0.737915,0.366211,5.249023,0.854492
0.614502,-0.386597,0.730103,0.488281,6.896972,1.037598
0.608032,-0.390381,0.731079,0.732422,8.117676,1.281738
0.604492,-0.392700,0.745605,1.159668,8.483887,2.075195
0.612549,-0.390015,0.754028,1.220703,9.643555,2.380371
0.636230,-0.392700,0.759888,1.220703,10.681151,3.356933
0.613770,-0.395630,0.759277,1.281738,12.268065,4.455566
0.617188,-0.401855,0.778809,1.220703,14.099120,4.211426
0.637939,-0.397705,0.787598,1.037598,15.563964,5.371093
0.621704,-0.395508,0.802979,0.488281,17.639160,6.896972
0.659546,-0.398926,0.800415,0.366211,21.789549,7.263183
0.667480,-0.405884,0.789551,0.610352,25.146482,10.131835
0.679565,-0.412354,0.802124,0.488281,29.418943,12.268065
0.734375,-0.407837,0.816895,0.366211,35.583496,15.075683
0.729126,-0.422852,0.854858,1.464844,45.532223,22.827147
0.794312,-0.416748,0.897705,-0.915527,61.767574,26.550291
0.843628,-0.396362,0.937012,-3.417969,78.063965,33.081055
0.836670,-0.385620,0.942017,-7.202148,93.322746,43.090816
0.804321,-0.402710,0.979492,-10.864257,108.520500,52.551266
0.717651,-0.401611,0.916748,-16.418457,124.755852,59.448238
0.619873,-0.395508,0.909424,-18.676758,133.361816,64.086914
0.591553,-0.400879,0.899414,-23.437498,135.681152,67.321777
0.592163,-0.414307,0.883057,-27.160643,133.422852,71.655273
0.587280,-0.421875,0.904297,-30.456541,129.272461,77.575684
0.597900,-0.406982,0.949463,-34.912109,128.173828,81.359856
0.546997,-0.413940,0.946411,-38.146973,126.892082,81.909172
0.447510,-0.394897,0.959717,-41.625973,120.788567,83.923332
0.279663,-0.408569,0.904663,-49.926754,107.299797,81.237785
0.156006,-0.445435,0.812866,-52.917477,92.529289,80.627434
0.127808,-0.474854,0.740723,-55.419918,66.589355,81.054680
0.125244,-0.500732,0.728882,-56.945797,39.672852,76.904297
0.142456,-0.500000,0.772583,-59.082027,16.784668,71.411133
0.176880,-0.507813,0.866211,-63.537594,-4.211426,67.382813
0.268799,-0.500122,0.951172,-71.350098,-22.521971,63.659664
0.247681,-0.406738,1.037231,-77.026367,-35.949707,62.561031
0.201294,-0.510986,0.892822,-85.998528,-31.677244,55.419918
0.042114,-0.512939,0.786987,-84.594719,-38.635254,58.410641
-0.051270,-0.546753,0.659546,-89.233391,-47.668453,53.222652
-0.008911,-0.558594,0.601929,-89.294426,-55.664059,44.982906
0.009277,-0.557007,0.561523,-88.012688,-67.199707,40.100098
-0.022949,-0.539795,0.534912,-85.998528,-77.453613,35.827637
-0.015137,-0.556396,0.559326,-83.862297,-83.068840,29.785154
-0.003174,-0.565918,0.572144,-81.848137,-80.749504,22.277830
-0.046143,-0.566528,0.560181,-80.200195,-79.528809,16.357422
-0.046021,-0.592773,0.559082,-78.857422,-75.988770,7.751464
-0.065063,-0.590210,0.529419,-75.988770,-69.885254,-1.770019
-0.070923,-0.607056,0.477661,-72.509766,-63.903805,-11.901855
-0.104980,-0.611938,0.382690,-67.993164,-62.072750,-21.850584
-0.089966,-0.625854,0.322266,-63.110348,-67.138672,-30.883787
-0.036987,-0.635254,0.283081,-57.861324,-74.218750,-39.245605
-0.031372,-0.641235,0.298828,-51.635738,-82.397453,-46.325680
0.004761,-0.636963,0.325928,-46.081539,-85.327141,-55.664059
-0.010376,-0.628296,0.423706,-40.039063,-90.270988,-68.298340
-0.047241,-0.632813,0.522461,-33.569336,-99.731438,-85.632317
-0.002563,-0.652466,0.447144,-30.151365,-112.731926,-100.158684
0.081787,-0.675537,0.380981,-23.681639,-124.023430,-108.642570
0.129395,-0.669678,0.278931,-15.869140,-127.441399,-116.638176
0.155884,-0.624634,0.186157,-12.817382,-130.310059,-129.943848
0.352051,-0.562134,0.244385,-11.352538,-128.906250,-144.165039
0.546631,-0.561646,0.295776,-9.216309,-119.079582,-145.935059
0.576660,-0.585938,0.259766,-1.220703,-93.872063,-142.822266
0.571899,-0.619995,0.220947,6.835937,-77.331543,-140.441895
0.682007,-0.633545,0.207397,15.563964,-57.983395,-141.540527
0.760498,-0.636475,0.357422,28.381346,-63.537594,-140.319824
0.729614,-0.552002,0.147949,43.395992,-54.016109,-136.718750
0.930176,-0.482300,0.058838,53.833004,-38.635254,-129.577637
1.168701,-0.569092,-0.202148,65.612793,-19.226074,-122.680656
2.554565,-0.475830,-1.483032,119.323723,49.621578,-113.281242
1.420288,0.377686,1.584595,44.372555,-60.546871,-170.043930
1.456665,-1.247437,1.601196,130.981445,-173.217758,-220.275864
0.288086,-0.288818,0.453735,100.463860,-99.426262,-71.166992
1.555786,-0.303467,0.445435,60.363766,-70.251465,-57.434078
1.990479,-0.299072,0.687134,41.381832,7.019042,-18.188477
1.662842,-0.245850,0.570435,37.048340,167.297348,-4.455566
1.040161,-0.253296,0.551514,43.395992,259.460449,-18.676758
0.639648,-0.461060,0.534668,57.189938,245.483383,-36.743164
0.612671,-0.496582,0.578247,68.786621,161.376938,-25.390623
0.759521,-0.446655,0.709961,71.472168,63.049313,-4.821777
0.849487,-0.433594,0.810425,70.495605,-11.169433,5.310058
0.834106,-0.449341,0.810913,65.673828,-45.593258,6.958007
0.818359,-0.442627,0.799683,56.823727,-49.438473,3.234863
0.750244,-0.475586,0.746338,47.790524,-37.902832,-0.488281
0.730469,-0.466309,0.700928,39.428711,-24.902342,-1.220703
0.761841,-0.465576,0.652100,34.179688,-10.375976,0.061035
0.796875,-0.381836,0.679688,29.724119,0.427246,3.784179
0.785400,-0.365601,0.728149,26.489256,5.798339,4.943848
0.795166,-0.381714,0.744995,23.437498,8.605957,4.943848
0.727661,-0.375244,0.749023,20.935057,8.361816,7.019042
0.711182,-0.374878,0.750977,19.165039,5.859375,6.286621
0.705933,-0.380127,0.752686,18.249512,4.638672,5.737304
0.705078,-0.379028,0.750977,17.395020,9.521484,5.737304
0.724121,-0.374756,0.757446,16.174316,15.686034,5.798339
0.709717,-0.360596,0.744751,13.732909,18.493652,6.042480
0.678467,-0.361084,0.674927,12.756347,19.226074,7.080078
0.663452,-0.362915,0.653198,10.986327,17.395020,8.666992
0.701782,-0.360229,0.671753,9.521484,16.174316,8.544922
0.713379,-0.358398,0.688965,8.117676,19.104004,8.483887
0.682495,-0.347412,0.700317,6.713867,22.216795,8.056641
0.652588,-0.350220,0.697510,5.493164,23.376463,6.835937
0.645386,-0.364136,0.705688,4.272461,20.324705,5.920410
0.637695,-0.365601,0.693115,2.929687,13.793944,5.432128
0.639404,-0.349121,0.688965,2.502441,7.568359,4.272461
0.649780,-0.343384,0.687866,2.380371,3.906250,2.868652
0.654297,-0.343628,0.687866,2.380371,2.075195,1.281738
0.655640,-0.348511,0.676025,2.197266,3.540039,-0.061035
0.655518,-0.346924,0.662720,2.075195,5.187988,-1.281738
0.660278,-0.356934,0.647583,2.319336,5.493164,-1.647949
0.663086,-0.362671,0.641724,2.319336,4.394531,-1.831055
0.674927,-0.366333,0.646851,2.807617,2.868652,-2.258301
0.673706,-0.364014,0.649902,3.234863,1.770019,-1.892090
0.655884,-0.361328,0.660278,3.540039,1.159668,-1.708984
0.656982,-0.366943,0.649048,3.479004,0.854492,-2.258301
0.668091,-0.368286,0.646729,3.540039,0.000000,-1.708984
0.686890,-0.358032,0.647705,3.540039,-0.549316,-0.915527
0.685791,-0.360352,0.647461,3.479004,0.366211,-0.854492
0.675049,-0.358765,0.659790,3.601074,2.014160,-0.671387
0.675659,-0.364746,0.664063,3.601074,3.723144,-1.586914
0.681641,-0.367798,0.655884,3.784179,4.882813,-2.319336
0.681519,-0.366943,0.673584,4.333496,4.821777,-2.075195
0.686523,-0.370117,0.673462,4.516602,4.394531,-1.831055
0.684448,-0.365601,0.664307,4.943848,4.516602,-1.770019
0.678101,-0.364258,0.676270,5.432128,3.784179,-1.464844
0.682739,-0.365967,0.681396,5.249023,3.295898,-1.159668
0.681763,-0.364624,0.681152,4.821777,3.845215,-0.488281
0.689941,-0.366333,0.677246,4.516602,4.089355,-0.122070
0.679565,-0.358154,0.683594,3.845215,4.028320,0.122070
0.671997,-0.361450,0.696533,3.234863,4.272461,0.244141
0.663574,-0.358643,0.683838,2.807617,4.760742,-0.427246
0.657593,-0.364990,0.687012,2.441406,4.516602,-1.220703
0.662231,-0.359863,0.683594,2.319336,4.089355,-1.586914
0.672485,-0.355591,0.685669,2.319336,3.417969,-2.075195
0.670166,-0.356201,0.688721,2.319336,2.624511,-1.770019
0.681030,-0.354736,0.689819,1.953125,2.380371,-1.770019
0.686279,-0.345703,0.685303,1.770019,2.319336,-1.403808
0.679443,-0.341919,0.676758,1.770019,1.586914,-0.854492
0.677612,-0.340576,0.680420,1.464844,1.403808,-0.549316
0.671875,-0.349976,0.687256,1.464844,1.831055,-0.671387
0.685669,-0.353271,0.690552,1.525879,2.197266,-0.793457
0.683350,-0.353516,0.684692,1.586914,2.441406,-0.305176
0.676514,-0.354858,0.682495,1.892090,2.990722,0.366211
0.680420,-0.348267,0.697754,2.319336,3.601074,0.366211
0.687500,-0.356079,0.704346,2.441406,4.394531,0.732422
0.684937,-0.349487,0.698120,2.563476,6.164550,0.793457
0.682617,-0.354126,0.711304,2.929687,7.751464,1.281738
0.701294,-0.351685,0.710083,2.868652,9.826660,2.075195
0.693848,-0.352783,0.718628,2.990722,11.291503,3.417969
0.704102,-0.357788,0.721191,3.234863,14.099120,3.417969
0.718994,-0.368164,0.725098,3.540039,17.150879,4.211426
0.753174,-0.366943,0.729858,3.479004,20.812986,5.920410
0.762085,-0.378662,0.747559,3.173828,23.010252,11.901855
0.724731,-0.373413,0.776978,3.295898,28.442381,17.761230
0.774536,-0.364502,0.779785,2.563476,40.954586,16.235352
0.864014,-0.356567,0.796631,2.136230,52.612301,18.798828
0.890625,-0.370605,0.786987,1.281738,61.950680,26.000975
0.936401,-0.378784,0.834351,-0.488281,76.416016,31.555174
0.933960,-0.374756,0.871582,-5.432128,93.322746,39.611816
0.916260,-0.371948,0.888672,-9.948730,111.145012,49.743649
0.892212,-0.336304,0.879639,-12.390136,124.145500,62.988277
0.860718,-0.332031,0.906982,-15.197753,131.591797,79.040527
0.861084,-0.321167,0.915405,-19.226074,140.380859,90.026848
0.858398,-0.337524,0.961182,-21.789549,149.597168,99.304192
0.799316,-0.351807,1.013062,-27.832029,157.226563,106.262199
0.682983,-0.373047,1.069580,-35.217285,162.231430,110.168449
0.626831,-0.433105,1.058350,-44.799801,166.198715,108.825676
0.536499,-0.433960,1.012695,-50.537106,155.456543,111.633293
0.387695,-0.420898,0.945313,-56.274410,141.540527,114.135735
0.282715,-0.434937,0.913208,-63.110348,121.704094,113.647453
0.205688,-0.449829,0.852173,-69.763184,101.501457,110.839836
0.154175,-0.464600,0.879395,-74.096680,77.819824,108.825676
0.118896,-0.479004,0.915649,-80.505363,53.222652,103.393547
0.081177,-0.497314,0.914551,-86.730949,28.442381,95.336906
0.031860,-0.484009,0.907227,-91.491692,4.394531,87.585442
0.016235,-0.488770,0.856689,-96.557610,-17.089844,78.125000
0.025391,-0.483032,0.816162,-99.853508,-33.996582,69.946289
0.006836,-0.518311,0.722290,-101.196281,-48.828121,65.551758
0.002563,-0.529907,0.611206,-99.975578,-60.302731,61.340328
0.009277,-0.527222,0.556030,-96.740715,-67.932129,56.945797
-0.027466,-0.532959,0.564697,-96.435539,-73.425293,53.100582
-0.053345,-0.542725,0.557983,-95.581047,-72.875977,45.043941
-0.049561,-0.531372,0.552246,-94.421379,-68.359375,37.292480
-0.060425,-0.538208,0.517944,-92.712395,-65.307617,29.602049
-0.099365,-0.561523,0.472290,-92.895500,-62.683102,20.507811
-0.089233,-0.559448,0.448120,-90.820305,-59.875484,9.643555
-0.102661,-0.591431,0.413452,-87.524406,-57.617184,1.403808
-0.103271,-0.598267,0.387451,-85.021965,-56.945797,-7.751464
-0.117798,-0.601807,0.369263,-80.932610,-60.180660,-18.371582
-0.147949,-0.610840,0.325073,-77.819824,-63.781734,-27.954100
-0.094360,-0.609497,0.324585,-72.998047,-64.880371,-38.024902
-0.065063,-0.609985,0.345825,-68.115234,-66.223145,-48.889156
-0.034424,-0.618530,0.328125,-63.964840,-67.443848,-58.227535
0.003662,-0.622803,0.302734,-59.326168,-67.871094,-65.246582
0.044312,-0.636353,0.309326,-54.504391,-65.551758,-71.899414
0.060181,-0.648926,0.312134,-48.583981,-62.377926,-80.444328
0.026489,-0.652710,0.293457,-41.503902,-57.983395,-90.393059
-0.001709,-0.654419,0.223511,-34.912109,-56.335445,-101.379387
0.015259,-0.663208,0.184937,-25.390623,-63.720699,-112.182610
0.153564,-0.675171,0.230225,-19.287109,-75.622559,-123.107903
0.355347,-0.683594,0.235962,-8.056641,-68.908691,-128.173828
0.382446,-0.696655,0.285278,8.666992,-46.813961,-134.399414
0.314209,-0.705322,0.242310,18.737793,-21.362303,-144.531250
0.372803,-0.735229,0.179810,29.235838,12.390136,-150.146484
0.396362,-0.710938,0.049194,49.194332,37.841797,-155.456543
0.562012,-0.620239,0.084351,59.204098,49.560543,-157.714844
0.827515,-0.520264,0.013672,73.852539,74.340820,-141.357422
0.975098,-0.565308,0.142578,94.177238,67.932129,-123.657219
0.954102,-0.577271,0.255371,111.328117,68.664551,-109.863274
0.958740,-0.582275,-0.027344,129.638672,95.520012,-102.966301
2.109863,-0.594849,-0.632813,167.175278,93.566887,-100.646965
1.545654,0.894043,1.892090,64.941406,26.428221,-199.340805
1.117432,-1.257690,2.159790,175.353989,-32.958984,-154.113770
-0.105713,-0.310425,0.808350,119.018547,-61.645504,-65.673828
1.775513,-0.334473,0.659546,96.557610,-65.429688,-52.734371
1.914917,-0.224976,0.997559,80.932610,4.333496,-21.728514
1.365723,-0.270996,0.992188,75.439453,139.404297,-22.216795
0.969238,-0.324707,0.892944,78.247070,183.410629,-35.278320
0.602661,-0.423950,0.655029,80.688469,150.573730,-22.949217
0.564575,-0.537720,0.700684,72.814941,80.322258,-0.305176
0.714233,-0.470337,0.774048,69.946289,30.578611,12.878417
0.737671,-0.372559,0.900757,66.223145,2.746582,16.784668
0.714600,-0.343506,0.986084,59.631344,-4.699707,15.502929
0.665283,-0.375488,0.990112,52.856441,-1.892090,12.145995
0.618530,-0.392700,0.989746,45.043941,5.126953,11.047362
0.614136,-0.396973,0.984253,38.208008,11.840819,10.498046
0.640503,-0.396118,0.962402,32.775879,15.991210,10.864257
0.611084,-0.390137,0.903442,28.259275,16.113281,13.366698
0.550171,-0.365112,0.822632,26.306150,11.901855,13.916015
0.533447,-0.369507,0.794556,24.475096,-1.220703,16.784668
0.550415,-0.353516,0.787476,22.216795,-7.812500,15.991210
0.571045,-0.337402,0.854736,21.301268,-8.056641,13.977050
0.544678,-0.323853,0.906982,18.249512,-3.601074,11.291503
0.535522,-0.341919,0.912354,15.197753,5.920410,9.033203
0.520508,-0.339355,0.872681,12.207030,12.084960,8.666992
0.507568,-0.357178,0.845825,10.925292,11.962890,8.117676
0.489014,-0.356445,0.823242,9.521484,10.070800,7.080078
0.482056,-0.358887,0.801025,8.850098,8.911133,5.676269
0.494995,-0.360229,0.790649,8.728027,5.249023,4.150391
0.501831,-0.356689,0.775879,8.728027,2.563476,3.662109
0.526733,-0.351929,0.786255,8.056641,0.122070,3.906250
0.533569,-0.338745,0.812744,7.446289,-1.037598,3.479004
0.537476,-0.335938,0.816284,6.286621,-0.488281,2.563476
0.522949,-0.341187,0.809448,5.065917,0.732422,1.708984
0.538330,-0.346558,0.790527,4.455566,1.525879,0.793457
0.535156,-0.347656,0.776855,3.845215,2.990722,0.732422
0.536865,-0.340698,0.766113,3.967285,4.089355,-0.488281
0.525635,-0.344116,0.757813,4.638672,3.967285,-1.342773
0.539185,-0.346680,0.763428,4.943848,2.380371,-1.098633
0.544800,-0.350098,0.763428,5.554199,0.915527,-0.793457
0.560059,-0.343750,0.779419,5.737304,0.244141,-0.244141
0.560913,-0.349121,0.787598,5.981445,0.854492,0.183105
0.541626,-0.358032,0.779663,6.042480,2.136230,0.610352
0.543823,-0.348999,0.784058,5.920410,1.953125,0.915527
0.546387,-0.348755,0.776733,5.615234,2.197266,0.488281
0.549561,-0.351563,0.794800,5.004883,1.831055,0.061035
0.549561,-0.349854,0.788818,4.150391,1.892090,-0.122070
0.551392,-0.342529,0.784790,3.723144,1.525879,0.000000
0.559814,-0.347412,0.795532,3.234863,0.854492,0.122070
0.549194,-0.342285,0.805786,2.990722,0.549316,0.122070
0.564819,-0.346558,0.811401,2.014160,0.854492,0.366211
0.564453,-0.347290,0.807007,1.586914,0.915527,0.671387
0.564941,-0.339111,0.809814,1.281738,1.159668,0.793457
0.566284,-0.342896,0.809448,1.037598,1.403808,1.220703
0.553345,-0.355103,0.799194,1.098633,1.647949,1.403808
0.557739,-0.347412,0.798340,1.281738,1.586914,1.525879
0.561401,-0.350586,0.794434,1.403808,1.159668,2.197266
0.551758,-0.344482,0.791626,1.220703,1.586914,2.319336
0.552490,-0.348877,0.780518,1.586914,1.342773,2.807617
0.555664,-0.351685,0.784912,1.342773,1.098633,3.234863
0.561279,-0.341553,0.789185,1.281738,1.403808,3.295898
0.552246,-0.343994,0.788452,1.403808,2.075195,2.746582
0.543945,-0.333496,0.796021,1.403808,2.685547,2.319336
0.548584,-0.337891,0.787354,1.220703,3.051758,2.197266
0.548462,-0.345459,0.794800,1.159668,2.807617,2.319336
0.544922,-0.348755,0.784912,1.098633,2.502441,2.563476
0.551147,-0.356445,0.781128,0.976562,2.441406,2.380371
0.556152,-0.350708,0.784790,1.037598,2.075195,2.258301
0.547485,-0.336670,0.776245,0.793457,1.525879,2.014160
0.549438,-0.341797,0.778931,0.976562,1.220703,1.770019
0.556885,-0.344604,0.783691,1.037598,0.976562,1.586914
0.560669,-0.335815,0.793457,1.708984,1.403808,1.770019
0.563110,-0.342163,0.794312,2.014160,2.319336,2.075195
0.560059,-0.344238,0.805908,2.441406,3.540039,2.380371
0.560303,-0.336304,0.815308,2.685547,5.004883,2.929687
0.564941,-0.337158,0.816772,2.685547,5.920410,3.173828
0.565918,-0.342285,0.804199,2.319336,6.774902,3.906250
0.571167,-0.338989,0.804077,2.746582,7.629394,4.516602
0.566284,-0.344849,0.806396,2.624511,8.178711,5.126953
0.573486,-0.348267,0.801514,3.173828,9.216309,5.920410
0.577148,-0.351929,0.820557,3.906250,9.460449,7.019042
0.559082,-0.356812,0.840332,4.455566,10.009766,9.765625
0.561768,-0.350342,0.869141,4.699707,12.329101,10.314940
0.598267,-0.345581,0.876465,4.089355,15.136718,10.253905
0.617188,-0.338623,0.883057,3.295898,19.104004,11.779784
0.615723,-0.346191,0.873413,3.112793,23.620604,15.014647
0.600708,-0.370850,0.889038,2.990722,27.465818,19.042969
0.619263,-0.365356,0.881470,2.563476,33.203125,22.094725
0.660889,-0.364380,0.914917,-0.488281,38.269043,20.568846
0.703979,-0.359253,0.950439,-2.563476,43.334957,23.437498
0.674683,-0.343506,0.947998,-5.065917,49.499508,28.686522
0.592651,-0.355713,0.972046,-8.178711,53.955074,35.583496
0.548828,-0.335449,0.973267,-12.451171,51.696774,41.259762
0.670532,-0.373413,1.005859,-16.845703,53.710934,46.813961
0.663086,-0.360596,1.042114,-20.019531,55.053707,56.518551
0.632080,-0.350220,1.074707,-25.756834,59.753414,62.011715
0.622192,-0.337891,1.080688,-31.799314,62.499996,62.438961
0.597290,-0.350464,1.079468,-38.452148,61.279293,63.049313
0.560913,-0.387451,1.081177,-44.860836,57.250973,65.734863
0.493042,-0.413818,1.089600,-52.368160,50.720211,70.617676
0.390869,-0.429199,1.003662,-59.875484,40.710445,74.707031
0.352051,-0.438599,0.933838,-63.537594,27.954100,76.171875
0.397583,-0.466919,0.899658,-66.284180,15.380858,77.575684
0.449097,-0.452026,0.921875,-69.458008,5.615234,78.796387
0.405029,-0.433105,0.961426,-73.730469,1.770019,79.589844
0.320190,-0.421021,0.976318,-79.528809,-0.427246,79.833984
0.255981,-0.468140,0.944336,-85.021965,-5.126953,78.918457
0.241333,-0.485474,0.872925,-88.745110,-12.145995,78.125000
0.275146,-0.479126,0.835571,-91.857903,-21.362303,78.979492
0.300903,-0.466797,0.792236,-94.482414,-27.160643,79.711914
0.263428,-0.477539,0.766602,-96.679680,-31.249998,80.444328
0.203125,-0.492065,0.761108,-99.060051,-35.949707,80.200195
0.179932,-0.516235,0.718994,-102.294914,-37.780762,76.171875
0.160645,-0.542114,0.687256,-102.233879,-40.832516,73.059082
0.092529,-0.549805,0.680786,-102.966301,-45.043941,70.495605
0.091431,-0.556519,0.638428,-103.393547,-48.217770,64.697266
0.086792,-0.559570,0.550049,-102.478020,-52.001949,61.950680
0.063477,-0.580566,0.521851,-99.914543,-56.457516,60.729977
0.070313,-0.581787,0.520264,-99.365227,-61.157223,54.443356
0.032471,-0.599854,0.488403,-97.595207,-62.683102,46.386715
-0.005981,-0.614136,0.450317,-94.665520,-60.180660,38.696289
-0.038696,-0.617798,0.416016,-92.468254,-60.791012,31.555174
-0.037231,-0.622803,0.408447,-90.209953,-63.354488,22.888182
-0.057739,-0.641479,0.395142,-86.914055,-66.772461,14.831542
-0.043701,-0.634277,0.351929,-84.716789,-67.810059,5.859375
-0.073242,-0.646729,0.310059,-81.603996,-69.152832,-3.234863
-0.076782,-0.662476,0.306763,-78.613281,-68.420410,-12.512206
-0.057373,-0.674438,0.299927,-76.538086,-70.861816,-24.353025
-0.085571,-0.687866,0.265259,-72.387695,-70.678711,-34.301758
-0.100342,-0.692505,0.223877,-68.237305,-66.894531,-44.311520
-0.101929,-0.706177,0.206055,-65.551758,-67.687988,-55.419918
-0.079590,-0.695679,0.207397,-61.340328,-67.810059,-66.711426
-0.075806,-0.693970,0.220215,-56.945797,-67.443848,-77.697754
-0.055664,-0.695068,0.086792,-50.354000,-65.185547,-90.881340
0.008301,-0.705078,0.084106,-38.452148,-68.664551,-104.797356
0.000977,-0.683228,-0.011719,-26.428221,-66.467285,-123.535149
0.034546,-0.673706,-0.057617,-14.282226,-71.044922,-146.362305
0.130127,-0.656250,0.139648,-6.469726,-76.477051,-161.071762
0.239868,-0.522461,0.033936,4.211426,-71.166992,-172.546371
0.468628,-0.568115,0.000122,16.784668,-67.871094,-171.752914
0.517456,-0.641602,-0.171265,23.010252,-52.124020,-170.959457
0.267334,-0.945801,-2.062622,37.902832,-9.399414,-175.720200
-0.355347,0.629272,2.125610,77.453613,-43.884274,-172.973618
0.788208,-1.776245,2.313599,12.817382,-129.821777,-354.553192
-0.358398,-0.443726,0.071533,149.841309,-105.895988,-237.853989
1.671753,-0.323120,0.168213,55.053707,-172.973618,-168.945297
2.199219,-0.246704,0.343628,54.138180,-66.101074,-101.684563
1.743652,-0.203857,0.188477,48.706051,151.794434,-66.467285
1.211426,-0.338867,0.237427,60.852047,286.071777,-94.909660
0.975586,-0.429321,0.390991,87.402336,323.242157,-113.647453
0.913940,-0.442505,0.480957,104.553215,262.023926,-90.759270
0.941040,-0.405518,0.662842,115.478508,148.315430,-60.241695
0.999023,-0.362305,0.765747,117.736809,69.885254,-39.733887
1.013428,-0.371948,0.786987,111.877434,2.746582,-31.555174
1.026978,-0.394165,0.719360,99.243156,-25.512693,-28.503416
0.946411,-0.461060,0.638306,86.303703,-29.174803,-20.629881
0.935303,-0.489258,0.621582,73.242188,-21.179197,-10.742187
1.001099,-0.468140,0.719971,64.392090,-8.850098,-6.164550
0.984375,-0.437744,0.795288,56.762691,16.723633,-3.173828
0.877319,-0.404175,0.833130,49.621578,37.170410,-4.089355
0.772339,-0.409058,0.834595,42.053219,46.936031,-3.784179
0.716431,-0.442261,0.810303,38.635254,38.330078,-2.746582
0.734497,-0.430298,0.834106,35.705566,23.864744,-1.831055
0.762573,-0.429199,0.854126,32.531738,5.187988,-0.732422
0.781616,-0.431396,0.841919,28.869627,-4.577637,3.601074
0.776001,-0.429565,0.852539,26.367186,0.000000,5.859375
0.815308,-0.377197,0.757568,22.644041,7.019042,6.225585
0.573608,-0.464355,0.681152,21.911619,4.333496,13.793944
0.627808,-0.418945,0.623779,21.057127,5.554199,12.756347
0.737061,-0.399902,0.668213,18.920898,6.896972,4.943848
0.767822,-0.380859,0.713135,18.127441,7.812500,3.295898
0.732056,-0.369263,0.744019,16.174316,12.145995,4.638672
0.683716,-0.382568,0.753052,13.854980,16.540527,3.417969
0.666504,-0.377319,0.732544,11.901855,18.066406,3.295898
0.674072,-0.365967,0.717773,10.437011,16.357422,4.699707
0.682617,-0.343872,0.720703,9.460449,11.901855,5.432128
0.687012,-0.333496,0.714111,8.361816,8.483887,5.310058
0.656982,-0.339233,0.680176,7.324218,6.652832,5.065917
0.642578,-0.344238,0.651123,7.202148,6.164550,4.150391
0.670044,-0.346436,0.642700,7.019042,6.591796,3.356933
0.682373,-0.339966,0.648682,6.896972,6.835937,2.807617
0.668457,-0.342896,0.652466,6.713867,7.934570,2.746582
0.658691,-0.347534,0.649170,6.713867,9.277344,1.953125
0.642944,-0.350708,0.654419,6.774902,8.056641,1.403808
0.636597,-0.347046,0.653076,6.591796,5.615234,1.281738
0.645508,-0.342773,0.656860,6.225585,3.540039,0.793457
0.657349,-0.351807,0.654785,5.554199,3.051758,-0.244141
0.664063,-0.353149,0.636108,5.249023,3.295898,-0.793457
0.637451,-0.352173,0.613281,5.432128,2.685547,-0.915527
0.644531,-0.359741,0.621338,5.554199,2.502441,-2.136230
0.662842,-0.354004,0.649292,5.859375,1.892090,-3.051758
0.671143,-0.362305,0.665894,6.103515,1.831055,-3.356933
0.671753,-0.365845,0.667847,5.859375,2.563476,-3.540039
0.681274,-0.360107,0.679565,5.676269,3.479004,-3.601074
0.680420,-0.361694,0.671631,5.187988,3.906250,-3.662109
0.687134,-0.360229,0.677979,4.882813,4.211426,-3.601074
0.689453,-0.349487,0.683716,4.577637,4.150391,-3.479004
0.673462,-0.360107,0.672363,4.333496,3.845215,-2.258301
0.670776,-0.360962,0.675903,4.455566,3.479004,-1.647949
0.688843,-0.371704,0.684570,4.394531,3.051758,-1.647949
0.689575,-0.369019,0.704834,3.906250,2.746582,-1.403808
0.681763,-0.367676,0.712891,3.479004,3.417969,-1.464844
0.677002,-0.365967,0.699951,2.868652,4.455566,-1.464844
0.672363,-0.364502,0.695923,2.502441,4.028320,-1.464844
0.683350,-0.347534,0.704346,1.831055,3.295898,-1.403808
0.686890,-0.350098,0.695679,1.708984,2.746582,-0.915527
0.683716,-0.352661,0.693848,1.525879,2.624511,-0.793457
0.672485,-0.359009,0.685059,1.586914,2.319336,-0.244141
0.682983,-0.362549,0.684082,1.831055,1.708984,0.122070
0.681152,-0.362549,0.693115,1.708984,1.525879,0.427246
0.680664,-0.354248,0.689819,1.647949,1.098633,0.610352
0.671265,-0.356079,0.701172,1.708984,2.014160,0.610352
0.671143,-0.345947,0.688843,1.342773,2.624511,0.732422
0.671997,-0.342773,0.695068,0.976562,2.929687,0.610352
0.669556,-0.345215,0.683838,0.732422,3.112793,0.976562
0.668457,-0.346069,0.682373,0.671387,3.967285,0.915527
0.673218,-0.356689,0.679932,0.915527,4.455566,0.610352
0.677612,-0.357422,0.693604,1.342773,4.943848,0.915527
0.686646,-0.346558,0.694824,1.525879,5.615234,1.159668
0.690308,-0.354980,0.695313,1.708984,6.286621,1.525879
0.694824,-0.350586,0.712402,1.953125,7.873535,1.892090
0.714233,-0.357422,0.717285,1.892090,9.948730,2.441406
0.743042,-0.354004,0.730103,1.770019,13.610839,3.845215
0.792358,-0.369141,0.736084,1.037598,20.385740,6.225585
0.814697,-0.376465,0.764404,0.793457,28.991697,10.192870
0.882080,-0.384033,0.793579,0.122070,40.649410,14.892577
0.933594,-0.372925,0.818604,-0.305176,54.809566,21.362303
0.977051,-0.371094,0.852417,0.366211,72.509766,29.907225
0.926392,-0.383179,0.898682,-0.732422,85.510246,41.320797
0.900757,-0.370361,0.949219,-3.295898,100.036613,50.415035
0.924683,-0.360840,0.946655,-8.361816,121.093742,54.138180
0.920288,-0.366333,0.928711,-12.573241,132.873535,62.988277
0.882690,-0.360107,0.949097,-16.723633,137.573242,75.744629
0.744629,-0.339844,0.863037,-20.080564,132.324219,87.158195
0.801636,-0.376099,0.899292,-22.644041,131.530762,96.862785
0.736938,-0.394653,0.970459,-26.062010,131.042480,108.276360
0.647827,-0.397461,1.088135,-32.958984,134.033203,111.328117
0.533081,-0.390381,1.156738,-43.701168,136.535645,105.651848
0.408325,-0.377319,1.192627,-53.405758,116.333000,98.815910
0.369385,-0.405884,1.107544,-65.917969,84.533684,96.313469
0.230347,-0.423584,1.017578,-74.523926,42.053219,101.379387
0.186646,-0.450439,0.899780,-81.237785,5.859375,101.379387
0.248291,-0.474487,0.792358,-85.083000,-21.545408,96.862785
0.311646,-0.478516,0.723999,-85.998528,-39.306641,95.397942
0.308472,-0.498169,0.691162,-86.425774,-48.278805,96.679680
0.298584,-0.504395,0.690918,-85.693352,-49.438473,95.397942
0.245972,-0.495361,0.723877,-86.669914,-49.194332,91.430656
0.175293,-0.530151,0.783325,-90.881340,-44.372555,84.472649
0.072021,-0.497192,0.791382,-93.872063,-47.180172,77.758789
0.001221,-0.508423,0.719360,-98.937981,-51.147457,71.533203
-0.010864,-0.529907,0.566284,-100.341789,-57.373043,65.368652
-0.013916,-0.536011,0.473755,-98.571770,-65.063477,61.462399
0.000244,-0.545410,0.401978,-96.557610,-70.861816,55.969234
-0.015991,-0.547363,0.446045,-93.933098,-75.561523,47.668453
-0.024292,-0.545654,0.478149,-92.712395,-78.002930,36.132813
-0.001831,-0.557617,0.471924,-91.979973,-75.012207,24.780272
-0.045654,-0.570557,0.428711,-89.050285,-68.176270,16.540527
-0.128540,-0.579712,0.390015,-88.256828,-63.171383,9.765625
-0.147705,-0.601685,0.350952,-86.364738,-63.781734,-2.685547
-0.105835,-0.613403,0.255737,-82.641594,-67.687988,-15.197753
-0.076172,-0.633789,0.193237,-76.477051,-69.030762,-22.644041
-0.072510,-0.657959,0.224243,-71.594238,-73.242188,-30.944822
0.009033,-0.644165,0.215332,-67.504883,-71.350098,-44.006344
0.074341,-0.652832,0.178223,-63.964840,-65.429688,-52.612301
0.165039,-0.622559,0.317749,-61.279293,-69.580078,-56.701656
0.212402,-0.549683,0.164917,-59.509274,-58.898922,-59.570309
0.063110,-0.634644,0.321899,-47.607418,-60.974117,-63.415524
-0.007568,-0.685547,0.259644,-42.602535,-51.574703,-83.068840
0.077148,-0.678833,0.200195,-33.508301,-52.856441,-99.304192
0.056885,-0.635742,0.034424,-21.362303,-61.645504,-105.407707
0.077637,-0.655884,0.018921,-6.225585,-93.200676,-119.995110
0.243286,-0.648438,0.175781,1.525879,-130.065918,-139.526367
0.389282,-0.649048,0.206299,16.479492,-160.217285,-157.470703
0.561768,-0.516479,0.108276,33.264160,-162.170395,-171.264633
0.638184,-0.519409,0.036743,41.137691,-145.568848,-162.841782
1.020142,-0.588867,0.220215,38.696289,-97.412102,-146.057129
0.996216,-0.529663,0.146362,43.884274,-28.930662,-142.578125
1.022095,-0.583252,0.142822,50.292965,35.705566,-152.770996
1.012695,-0.642334,0.154297,62.866207,73.059082,-151.855469
1.059692,-0.484619,-0.420654,74.218750,87.341301,-133.056641
3.998779,-0.260620,-1.640747,125.610344,107.788078,-117.736809
2.465698,0.567383,2.975586,40.588375,-98.327629,-178.344711
1.494629,-1.626221,1.989624,158.386230,-121.887199,-205.993637
0.195190,-0.252808,0.240479,77.636719,-111.999504,-60.485836
2.004395,-0.299805,0.490356,44.433590,-88.623039,-77.087402
2.166748,-0.297119,0.751099,25.695799,24.047850,4.272461
1.339722,-0.220337,0.551392,15.319823,205.200180,-6.347656
0.914429,-0.452881,0.479858,25.390623,289.062500,-43.762203
0.693848,-0.582031,0.441895,40.527340,243.530258,-40.832516
0.745850,-0.565063,0.530518,50.292965,141.967773,-16.967773
0.829834,-0.531372,0.636230,57.495113,40.283199,-0.793457
0.816895,-0.506714,0.683838,62.194820,-27.282713,5.126953
0.768677,-0.485352,0.686646,61.767574,-52.185055,2.441406
0.797241,-0.489380,0.635254,55.603024,-47.058102,-3.906250
0.843750,-0.496826,0.666504,43.640133,-28.503416,-5.187988
0.854004,-0.445557,0.706299,32.958984,-5.615234,-4.394531
0.824219,-0.419434,0.715210,25.939939,15.075683,-3.601074
0.776978,-0.424072,0.726807,21.850584,21.850584,-2.929687
0.749023,-0.431519,0.677979,19.287109,22.949217,-1.647949
0.766724,-0.424683,0.660034,18.432617,12.451171,0.671387
0.767700,-0.431030,0.651733,18.493652,-0.549316,3.540039
0.773315,-0.429077,0.670166,18.920898,-4.577637,4.577637
0.742065,-0.428101,0.608643,19.714355,0.183105,4.272461
0.699097,-0.430054,0.555786,20.446775,7.324218,3.845215
0.755981,-0.417358,0.598999,19.897461,14.160155,2.685547
0.763794,-0.413940,0.620361,17.517090,18.798828,4.028320
0.738281,-0.400513,0.659302,15.624999,23.437498,5.249023
0.723755,-0.407227,0.674194,13.122558,27.648924,4.089355
0.714355,-0.412720,0.676636,10.681151,26.489256,3.906250
0.693359,-0.413208,0.645874,8.666992,23.437498,4.943848
0.677246,-0.408813,0.635254,7.507324,18.066406,4.638672
0.673950,-0.408813,0.623657,6.530761,11.718749,2.258301
0.676636,-0.405762,0.618408,6.469726,4.333496,0.549316
0.683838,-0.403687,0.634277,6.958007,-4.089355,-0.854492
0.690918,-0.410034,0.628418,7.080078,-8.056641,-1.342773
0.695068,-0.403320,0.611450,7.690429,-7.751464,-1.708984
0.714722,-0.405396,0.609985,7.263183,-4.760742,-1.586914
0.727417,-0.390259,0.617920,6.469726,0.976562,-1.708984
0.725830,-0.376343,0.611572,6.164550,6.835937,-2.319336
0.705322,-0.378296,0.599609,5.798339,9.643555,-2.624511
0.707642,-0.378906,0.610840,5.554199,9.338379,-2.990722
0.702881,-0.389893,0.616821,5.065917,6.408691,-2.624511
0.713135,-0.383179,0.611816,4.821777,4.272461,-2.197266
0.714111,-0.383911,0.620117,5.065917,2.990722,-2.441406
0.710693,-0.382080,0.620239,4.943848,2.746582,-2.990722
0.714111,-0.375488,0.616577,4.882813,2.685547,-2.990722
0.705566,-0.369629,0.612061,4.516602,2.746582,-2.868652
0.702148,-0.377075,0.604248,4.394531,3.234863,-2.502441
0.711426,-0.377808,0.590820,4.028320,3.051758,-2.197266
0.717285,-0.375732,0.613770,3.723144,3.295898,-2.258301
0.717896,-0.380981,0.621704,3.356933,3.906250,-2.136230
0.716431,-0.378418,0.639771,2.990722,4.882813,-2.258301
0.710205,-0.379395,0.630493,2.441406,5.187988,-2.563476
0.711426,-0.381348,0.636353,2.014160,4.333496,-2.197266
0.698730,-0.383301,0.638062,1.647949,2.807617,-2.014160
0.702026,-0.387573,0.632202,1.342773,2.624511,-2.441406
0.711304,-0.387329,0.623535,1.159668,2.502441,-2.319336
0.710083,-0.387329,0.614136,1.281738,2.258301,-2.624511
0.709473,-0.382446,0.600586,1.586914,1.220703,-2.624511
0.711304,-0.378418,0.612549,1.831055,0.305176,-2.197266
0.723999,-0.379883,0.615967,2.136230,-0.183105,-2.136230
0.719971,-0.368652,0.624756,2.502441,0.183105,-2.380371
0.710205,-0.369507,0.624268,2.624511,1.342773,-2.136230
0.716675,-0.375610,0.629272,2.929687,2.563476,-2.197266
0.719238,-0.380371,0.636597,2.868652,4.516602,-2.258301
0.720093,-0.377319,0.625000,2.807617,6.286621,-1.892090
0.712158,-0.374756,0.614380,2.929687,7.812500,-1.342773
0.706909,-0.382568,0.615601,3.234863,8.850098,-1.281738
0.709961,-0.377197,0.610474,3.784179,8.789063,-1.342773
0.710449,-0.369751,0.620850,4.333496,7.690429,-1.098633
0.710815,-0.372925,0.624146,4.577637,7.507324,-1.220703
0.713989,-0.378174,0.649414,5.371093,7.568359,-0.976562
0.719360,-0.381714,0.656738,5.554199,8.544922,-0.671387
0.736816,-0.380371,0.669556,5.371093,11.108397,-0.549316
0.747437,-0.384033,0.659912,5.371093,15.075683,0.366211
0.783691,-0.382813,0.670410,5.065917,22.705076,1.037598
0.829590,-0.389038,0.681519,5.554199,37.536621,3.112793
0.904663,-0.398560,0.724365,5.187988,54.809566,5.981445
0.961548,-0.381348,0.833618,3.295898,77.575684,10.498046
0.935669,-0.369629,0.889160,-0.793457,106.079094,16.235352
0.871216,-0.395752,0.888184,-5.920410,130.126953,24.414061
0.934937,-0.399048,0.856812,-9.216309,141.357422,36.865234
1.109009,-0.342041,0.758057,-6.591796,138.977051,59.448238
0.679932,-0.392090,0.866333,0.366211,131.347656,74.462891
0.838379,-0.383423,0.749512,-11.962890,138.427734,61.035152
0.709839,-0.448120,0.704224,-9.643555,126.403801,71.411133
0.615356,-0.472656,0.636841,-8.666992,123.840324,81.909172
0.636719,-0.451660,0.751465,-6.286621,119.262688,83.923332
0.703613,-0.408569,0.869019,-7.141113,121.154778,83.618156
0.668579,-0.392822,0.943848,-12.084960,125.427238,86.364738
0.574097,-0.408936,0.976440,-19.226074,126.770012,88.073723
0.477783,-0.405762,0.976807,-27.343748,124.511711,88.928215
0.347534,-0.423096,0.959595,-33.630371,116.027824,86.975090
0.217896,-0.422485,0.966187,-39.550781,93.322746,80.139160
0.188232,-0.489990,0.926392,-46.874996,64.514160,68.054199
0.169434,-0.480225,0.910156,-50.048824,19.897461,63.598629
0.224121,-0.482300,0.880371,-54.199215,-12.329101,58.593746
0.345459,-0.494019,0.862549,-58.349606,-31.738279,58.654781
0.358643,-0.485229,0.835571,-60.546871,-42.907711,61.523434
0.358276,-0.476074,0.830933,-62.255856,-45.104977,61.889645
0.361450,-0.484619,0.827271,-65.429688,-41.198727,62.072750
0.267944,-0.513672,0.775024,-67.077637,-37.292480,60.729977
0.225342,-0.532471,0.768066,-68.542480,-34.729004,56.884762
0.184570,-0.513794,0.764282,-70.495605,-41.198727,51.818844
0.171265,-0.526611,0.665283,-70.739746,-46.874996,49.194332
0.108765,-0.549927,0.664917,-69.274902,-62.194820,45.837399
0.069702,-0.549561,0.586670,-70.373535,-77.453613,37.536621
0.084961,-0.553711,0.531128,-66.101074,-89.233391,31.738279
0.191528,-0.552246,0.531372,-65.063477,-101.928703,28.930662
0.237183,-0.556519,0.544922,-63.171383,-106.018059,24.902342
0.250122,-0.566528,0.613281,-62.988277,-104.125969,20.690916
0.234009,-0.547363,0.613159,-65.551758,-97.351067,16.906738
0.202393,-0.563965,0.582397,-67.871094,-82.824699,13.366698
0.150146,-0.588745,0.506348,-68.298340,-69.702148,7.263183
0.123169,-0.602661,0.405029,-66.284180,-61.950680,-2.075195
0.082642,-0.617310,0.366821,-62.744137,-61.523434,-9.277344
0.052124,-0.623291,0.308716,-59.265133,-69.580078,-17.395020
0.036377,-0.635132,0.215698,-51.086422,-80.200195,-27.160643
0.047363,-0.634888,0.241821,-40.405270,-90.698235,-36.560059
0.194214,-0.634155,0.354248,-38.818359,-108.154289,-51.086422
0.191406,-0.599243,0.442139,-38.085938,-115.844719,-64.697266
0.134521,-0.580444,0.413086,-39.978027,-104.125969,-74.645996
0.211426,-0.559570,0.357422,-38.146973,-87.036125,-83.312981
0.299927,-0.602661,0.348999,-38.574219,-82.458488,-91.857903
0.338867,-0.546509,0.222168,-37.170410,-71.411133,-98.388664
0.267456,-0.543823,0.182983,-26.977537,-77.941895,-107.299797
0.304810,-0.558838,0.090210,-19.775391,-71.838379,-118.041985
0.519165,-0.731689,-0.571411,-5.371093,-66.284180,-124.572746
-0.661255,-0.874390,-2.993042,51.330563,-6.042480,-112.731926
0.808472,-0.257202,1.917358,-27.160643,-176.147446,-271.728516
-0.675293,-1.217407,0.658203,125.915520,-186.340317,-215.270981
0.972412,-0.630981,0.587036,19.531250,-193.481430,-156.799316
1.748901,-0.143677,-0.048584,9.094238,-105.346672,-76.965332
1.598999,-0.259399,0.062744,10.803222,45.959469,-52.795406
0.908447,-0.456421,0.215698,22.399900,205.139145,-93.688957
0.807495,-0.526001,0.243286,45.532223,283.569336,-125.427238
0.859131,-0.480591,0.313354,64.941406,245.178207,-106.140129
0.834595,-0.470581,0.442627,82.092278,162.109360,-73.181152
0.863892,-0.435059,0.564697,94.970695,96.740715,-57.434078
0.906006,-0.409912,0.637329,99.914543,39.428711,-54.260250
0.910156,-0.373779,0.641357,97.839348,18.432617,-52.856441
0.884155,-0.360596,0.640381,88.989250,11.291503,-50.170895
0.843628,-0.387817,0.569092,81.542961,10.009766,-46.142574
0.927856,-0.382935,0.644165,72.570801,10.559081,-42.541500
0.950562,-0.425537,0.721069,65.124512,19.042969,-37.841797
0.941406,-0.322388,0.778198,57.250973,37.170410,-33.630371
0.900635,-0.320190,0.815918,52.307125,41.748043,-31.677244
0.870239,-0.343994,0.840820,47.912594,37.231445,-29.418943
0.837646,-0.357422,0.849609,43.945309,24.536131,-25.939939
0.822876,-0.387451,0.840088,40.283199,8.361816,-21.728514
0.771362,-0.353638,0.815430,36.804199,0.488281,-17.761230
0.807861,-0.395752,0.754517,34.545898,-2.807617,-17.700195
0.798462,-0.387939,0.653198,30.578611,-1.464844,-11.901855
0.831909,-0.348877,0.687012,28.564451,-0.244141,-8.911133
0.890625,-0.332275,0.753540,24.230955,2.563476,-7.995605
0.875610,-0.335938,0.784912,19.714355,8.056641,-5.676269
0.840454,-0.341064,0.782227,16.235352,13.977050,-4.699707
0.781372,-0.347534,0.765015,13.793944,16.845703,-4.638672
0.742065,-0.354858,0.742065,11.718749,15.808105,-4.638672
0.742188,-0.357056,0.726685,10.681151,11.901855,-3.967285
0.755615,-0.337158,0.710327,10.314940,5.859375,-2.197266
0.756348,-0.318115,0.703735,10.620116,0.610352,0.061035
0.740234,-0.307739,0.666138,11.047362,-2.319336,1.464844
0.739136,-0.315186,0.656006,11.291503,-1.586914,2.258301
0.756348,-0.307373,0.651855,10.986327,2.929687,2.746582
0.763062,-0.308838,0.667725,10.742187,9.094238,3.295898
0.734619,-0.304199,0.692627,10.070800,16.418457,3.784179
0.729614,-0.302368,0.706299,9.094238,22.888182,3.479004
0.710327,-0.296021,0.692505,7.934570,25.634764,3.234863
0.680298,-0.287598,0.680908,7.202148,23.254393,3.540039
0.669434,-0.282837,0.675171,6.835937,18.554688,2.990722
0.667114,-0.289429,0.665527,6.774902,12.573241,2.136230
0.665405,-0.293823,0.649658,6.774902,6.774902,1.098633
0.674805,-0.296997,0.651123,7.202148,1.708984,0.610352
0.696777,-0.299683,0.661377,6.652832,-2.197266,0.549316
0.711914,-0.285522,0.679932,6.347656,-2.563476,0.488281
0.703369,-0.278687,0.678467,5.676269,-0.366211,0.061035
0.692017,-0.287598,0.683228,5.065917,2.807617,-0.183105
0.699219,-0.280029,0.689819,4.211426,5.310058,-0.793457
0.697510,-0.285889,0.688232,3.479004,6.164550,-0.854492
0.693359,-0.284668,0.677979,2.929687,6.652832,-1.037598
0.690063,-0.281860,0.666382,2.258301,6.469726,-1.342773
0.689697,-0.291870,0.687744,1.953125,5.859375,-1.770019
0.690552,-0.295044,0.689819,1.647949,4.699707,-2.075195
0.694214,-0.300781,0.680542,1.464844,2.380371,-2.258301
0.687256,-0.297974,0.680908,1.403808,0.549316,-2.136230
0.689697,-0.297119,0.691162,1.281738,-1.159668,-2.624511
0.699707,-0.292969,0.687378,1.220703,-1.892090,-2.868652
0.704590,-0.296997,0.685669,1.403808,-2.258301,-3.234863
0.703613,-0.300903,0.684814,1.342773,-2.014160,-3.417969
0.705933,-0.304810,0.684937,1.159668,-1.525879,-3.112793
0.720093,-0.302246,0.680176,1.159668,-0.366211,-3.112793
0.721558,-0.292847,0.689575,1.403808,0.976562,-2.807617
0.709473,-0.294556,0.687866,1.708984,1.953125,-2.685547
0.714600,-0.298706,0.689453,1.647949,2.380371,-2.685547
0.719238,-0.293945,0.690552,1.647949,2.502441,-2.075195
0.725830,-0.289917,0.690796,1.464844,2.075195,-1.281738
0.725342,-0.297363,0.693237,1.159668,2.014160,-1.098633
0.715454,-0.302490,0.694092,0.671387,2.380371,-0.610352
0.716919,-0.296875,0.706665,0.488281,2.319336,-0.244141
0.710693,-0.296753,0.702026,0.244141,2.563476,0.183105
0.723877,-0.302246,0.700562,0.122070,2.685547,1.037598
0.729126,-0.298706,0.694092,-0.183105,2.929687,1.647949
0.727417,-0.297974,0.699829,-0.244141,3.601074,2.502441
0.737305,-0.296143,0.698242,-0.671387,4.760742,2.929687
0.732544,-0.294312,0.706787,-0.915527,5.737304,3.601074
0.717773,-0.299805,0.708862,-1.464844,7.324218,4.638672
0.708984,-0.296021,0.703125,-2.075195,8.117676,5.004883
0.704712,-0.306641,0.693726,-2.685547,8.300781,5.371093
0.692627,-0.302734,0.699829,-2.868652,8.178711,5.371093
0.685181,-0.307617,0.686646,-2.807617,7.507324,4.882813
0.675049,-0.301025,0.680176,-2.685547,5.493164,4.516602
0.672485,-0.298462,0.683960,-2.319336,3.234863,4.272461
0.676636,-0.291138,0.679199,-2.075195,1.220703,4.150391
0.674194,-0.292114,0.679443,-1.647949,0.366211,3.967285
0.672974,-0.296753,0.679199,-1.464844,0.366211,3.540039
0.671143,-0.292358,0.672729,-1.586914,1.281738,3.173828
0.678345,-0.293945,0.667603,-1.464844,2.380371,2.929687
0.664795,-0.290405,0.666870,-1.098633,3.295898,2.319336
0.658691,-0.286621,0.662720,-0.915527,3.662109,1.586914
0.671143,-0.296021,0.667847,-0.549316,3.356933,1.159668
0.666748,-0.284546,0.670532,-0.366211,2.319336,0.793457
0.657104,-0.287476,0.667725,0.305176,1.464844,0.488281
0.664917,-0.292114,0.671997,0.671387,0.122070,0.549316
0.687744,-0.291992,0.678955,0.915527,-0.732422,0.061035
0.685303,-0.292603,0.687988,0.976562,-0.305176,-0.305176
0.677490,-0.291138,0.686646,0.549316,1.281738,-0.488281
0.681763,-0.296997,0.680176,0.427246,2.136230,-0.793457
0.688599,-0.297485,0.677734,0.549316,1.770019,-0.488281
0.673706,-0.295044,0.687866,0.732422,0.732422,-0.305176
0.689087,-0.297852,0.690430,0.610352,0.549316,-0.610352
0.686768,-0.304321,0.695923,0.915527,0.488281,-0.549316
0.695190,-0.302246,0.699707,0.854492,0.732422,-0.305176
0.698120,-0.301025,0.728271,0.854492,1.159668,-0.122070
0.707520,-0.293457,0.748779,0.122070,2.990722,-1.403808
0.742432,-0.304077,0.740845,0.427246,10.131835,-1.281738
0.800415,-0.291260,0.744629,0.671387,17.639160,-0.061035
0.844238,-0.282959,0.728027,-0.549316,28.747557,1.770019
0.860962,-0.278809,0.745361,-2.075195,46.936031,3.723144
0.817505,-0.295898,0.779907,-6.591796,60.485836,8.239746
0.859619,-0.297974,0.826050,-8.483887,58.105465,14.526366
0.847778,-0.324341,0.858887,-6.652832,43.762203,33.264160
0.716431,-0.292114,0.934204,-6.347656,30.151365,44.677731
0.737427,-0.290283,0.916748,-11.291503,28.625486,39.001465
0.825684,-0.278564,0.845337,-14.343261,28.015135,38.696289
0.914429,-0.285400,0.816284,-19.165039,24.353025,45.410152
1.021973,-0.274658,0.809814,-21.240232,26.550291,53.466793
1.023193,-0.262817,0.872925,-25.390623,29.724119,65.429688
0.980591,-0.271118,0.977539,-31.921385,33.691406,77.453613
