0.696899,-0.112793,0.734497,0.000000,0.000000,0.000000
0.692261,-0.122314,0.729980,0.000000,0.000000,0.000000
0.690796,-0.117065,0.732056,0.000000,0.000000,0.000000
0.676025,-0.125366,0.746582,0.000000,0.000000,0.000000
0.682617,-0.122070,0.744385,-2.197266,-4.943848,-0.610352
0.689819,-0.122314,0.739014,-0.915527,-5.554199,-1.342773
0.682739,-0.125244,0.738525,-0.427246,-8.178711,-1.464844
0.689209,-0.124634,0.728149,0.061035,-9.521484,-1.586914
0.693970,-0.119751,0.725342,0.488281,-11.596679,-1.525879
0.703125,-0.123169,0.717285,1.098633,-12.939452,-1.647949
0.708984,-0.119751,0.721436,1.586914,-13.549804,-1.586914
0.708008,-0.118530,0.719482,2.197266,-12.939452,-1.281738
0.706665,-0.114990,0.709473,2.380371,-11.108397,-1.037598
0.720337,-0.110352,0.708984,1.708984,-7.934570,-0.549316
0.716797,-0.108887,0.713745,1.708984,-5.065917,0.000000
0.732056,-0.101929,0.710815,1.037598,-0.976562,0.244141
0.724365,-0.103516,0.704956,1.098633,2.258301,0.976562
0.732300,-0.104004,0.709473,0.671387,4.089355,1.037598
0.722900,-0.106812,0.711304,1.037598,6.103515,1.464844
0.703247,-0.112305,0.715942,1.708984,8.728027,1.159668
0.696289,-0.116455,0.730957,1.708984,9.826660,1.342773
0.693726,-0.123657,0.733643,1.037598,8.972168,0.976562
0.684692,-0.124878,0.745605,0.549316,6.469726,0.793457
0.675171,-0.121094,0.750488,0.549316,1.586914,0.366211
0.687256,-0.119385,0.744873,0.061035,-2.685547,0.000000
0.687012,-0.119873,0.744141,-0.305176,-4.089355,-0.305176
0.687500,-0.113647,0.744385,-0.488281,-5.493164,-0.366211
0.680664,-0.106567,0.745117,-1.159668,-7.568359,-1.037598
0.670288,-0.114624,0.750732,-1.831055,-10.192870,-1.708984
0.677979,-0.106934,0.751953,-2.746582,-14.587401,-2.014160
0.686401,-0.105347,0.738892,-4.638672,-17.333984,-2.807617
0.701416,-0.110352,0.743774,-5.126953,-25.207518,-2.929687
0.691040,-0.113647,0.742065,-4.943848,-35.644531,-2.990722
0.677124,-0.110474,0.765137,-5.981445,-43.579098,-4.699707
0.686890,-0.106812,0.756470,-9.338379,-54.321285,-6.103515
0.678955,-0.112793,0.756714,-11.840819,-69.702148,-7.812500
0.666992,-0.124268,0.758911,-13.671874,-85.998528,-9.704590
0.663940,-0.132935,0.758301,-15.319823,-98.754875,-11.657714
0.678711,-0.137085,0.747070,-16.723633,-105.346672,-14.038085
0.709473,-0.135376,0.740356,-19.042969,-120.971672,-17.639160
0.753540,-0.139160,0.673950,-22.888182,-135.437012,-21.362303
0.763428,-0.145020,0.635620,-23.864744,-148.132324,-25.573729
0.773682,-0.141235,0.600464,-23.986814,-158.630371,-29.113768
0.776855,-0.151489,0.568481,-24.230955,-167.602524,-33.508301
0.803101,-0.142822,0.550171,-26.977537,-186.767563,-36.132813
0.812500,-0.117920,0.530762,-28.137205,-207.458481,-39.123535
0.833862,-0.098511,0.477661,-30.761717,-237.548813,-42.602535
0.909912,-0.102051,0.397583,-34.545898,-254.760727,-44.616695
0.898438,-0.120117,0.365967,-34.301758,-263.732910,-44.006344
0.950439,-0.086304,0.282593,-31.738279,-274.597168,-44.555660
1.013184,-0.104004,0.292114,-26.062010,-297.546387,-40.771481
0.985352,-0.074219,0.223389,-24.353025,-319.702148,-40.039063
1.092407,-0.086304,0.006470,-23.864744,-372.619598,-40.710445
0.958740,-0.179443,0.010010,-16.174316,-409.362762,-33.508301
0.995972,-0.143066,-0.124023,-8.422852,-416.992157,-30.822752
1.134888,-0.154785,-0.188965,4.150391,-438.598602,-25.207518
1.200562,-0.109985,-0.178589,14.465331,-430.419891,-5.249023
1.213989,-0.016235,-0.257813,15.014647,-416.137665,7.690429
1.085571,-0.084229,-0.488770,8.239746,-428.710907,13.854980
1.006592,-0.148804,-0.653687,11.352538,-446.533173,20.080564
1.022095,-0.110840,-0.792603,24.780272,-469.726532,27.709959
1.129150,-0.081055,-0.896362,41.442867,-486.267059,41.198727
1.151611,-0.070190,-0.994019,56.030270,-498.107880,58.593746
1.095947,-0.113037,-1.141357,68.420410,-477.111786,63.415524
1.022461,-0.159912,-1.271606,83.007805,-450.378387,71.166992
0.981812,-0.171021,-1.317261,104.736320,-387.084930,81.848137
0.917480,-0.164917,-1.273193,117.675774,-340.209930,86.181633
0.855469,-0.150024,-1.265015,133.300781,-301.818848,88.806145
0.791992,-0.170166,-1.277222,154.724121,-260.070801,92.895500
0.701538,-0.156616,-1.305176,177.856430,-228.393539,94.543449
0.639648,-0.167358,-1.386719,200.256332,-212.524399,96.496574
0.622925,-0.205811,-1.446411,216.796860,-198.425278,92.956535
0.505005,-0.239136,-1.391357,226.135239,-182.434067,87.585442
0.490967,-0.304199,-1.331177,232.849106,-156.799316,78.369141
0.522339,-0.314087,-1.252930,238.220200,-121.765129,73.669434
0.552002,-0.395386,-1.157349,244.079575,-80.017090,69.335938
0.553467,-0.452026,-1.048218,246.520981,-37.902832,75.134277
0.595581,-0.477051,-1.010376,241.210922,-8.605957,65.979004
0.516724,-0.483521,-0.994507,238.281235,8.605957,48.950191
0.498779,-0.399658,-0.934570,237.853989,26.733397,50.598141
0.550293,-0.421753,-0.859131,233.642563,46.752926,51.818844
0.505127,-0.366455,-0.749878,226.989731,69.702148,49.926754
0.401733,-0.289063,-0.590210,222.290024,91.735832,52.978512
0.339478,-0.281128,-0.394653,216.735825,101.379387,52.673336
0.267700,-0.201416,-0.200806,206.603989,108.520500,52.429195
0.192139,-0.213745,-0.021240,190.002426,115.112297,49.682613
0.121704,-0.254272,0.109497,171.936020,116.699211,44.982906
0.055786,-0.275391,0.190430,153.564453,113.586418,41.931149
0.028931,-0.327515,0.269897,131.042480,106.689445,36.560059
0.023193,-0.338013,0.318726,108.093254,100.524895,24.963377
0.014526,-0.359497,0.355591,85.205070,100.646965,14.953612
0.041870,-0.358887,0.366821,60.668941,107.116692,6.591796
0.088135,-0.354248,0.355713,35.095215,124.755852,0.305176
0.133545,-0.353394,0.324341,8.728027,153.564453,-5.249023
0.096191,-0.370850,0.283813,-16.357422,183.898911,-11.962890
0.017822,-0.422119,0.245972,-39.306641,197.387680,-20.874022
-0.031250,-0.478760,0.215942,-59.020992,193.786606,-29.418943
-0.051025,-0.540283,0.176758,-74.035645,182.617172,-36.804199
-0.042114,-0.581421,0.101563,-86.242668,172.424301,-45.104977
0.001587,-0.606201,0.027954,-96.557610,168.884262,-55.236813
0.078613,-0.634766,-0.063110,-104.797356,171.691879,-66.650391
0.172974,-0.641235,-0.163330,-110.961906,182.922348,-77.941895
0.296509,-0.642944,-0.233398,-113.830559,204.162582,-88.378899
0.396973,-0.666992,-0.303223,-113.952629,229.431137,-98.632805
0.480713,-0.677979,-0.299194,-112.792961,253.356918,-108.276360
0.515991,-0.697266,-0.283569,-111.938469,274.291992,-119.079582
0.580322,-0.696045,-0.271362,-110.534660,293.090820,-131.774902
0.658691,-0.693970,-0.296631,-109.680168,315.429688,-139.892578
0.705811,-0.693359,-0.296875,-106.811516,341.918915,-146.911621
0.692749,-0.676880,-0.259277,-106.323235,381.103485,-155.639648
0.678589,-0.666260,-0.227783,-102.661125,421.691864,-167.053207
0.690063,-0.632446,-0.201294,-97.290031,468.933075,-175.353989
0.727417,-0.621460,-0.164307,-90.637199,503.173798,-179.382309
0.836548,-0.580933,-0.141968,-80.200195,524.963379,-178.832993
0.920410,-0.528198,-0.070557,-64.270020,532.592773,-174.804672
0.960083,-0.503296,0.024658,-47.973629,530.090332,-166.442856
0.913818,-0.502197,0.121216,-31.494139,518.310547,-162.658676
0.882202,-0.486328,0.206909,-15.563964,501.831024,-156.127930
0.782349,-0.470337,0.264771,2.807617,483.337372,-146.423340
0.762085,-0.447144,0.298828,21.667479,463.195770,-136.962891
0.782837,-0.419800,0.375610,40.222164,433.105438,-130.310059
0.714233,-0.363892,0.501465,59.753414,387.390106,-128.051758
0.712158,-0.338745,0.605225,73.913574,322.814911,-117.980949
0.789307,-0.275269,0.679443,84.472649,274.536133,-109.680168
0.794922,-0.217041,0.696899,86.242668,229.248032,-108.520500
0.869263,-0.213745,0.735352,89.233391,193.786606,-101.562492
0.760254,-0.178833,0.793945,95.458977,173.034653,-112.304680
0.661865,-0.096924,0.845093,97.839348,146.118164,-120.849602
0.680176,-0.117432,0.864502,97.412102,122.680656,-99.548332
0.661255,-0.116821,0.843994,94.909660,105.773918,-91.552727
0.638306,-0.100220,0.829712,92.285149,90.148918,-89.050285
0.618652,-0.070801,0.825195,92.590324,76.660156,-80.566399
0.619263,-0.061035,0.806519,95.642082,54.321285,-66.589355
0.557373,-0.055664,0.778076,97.656242,44.494625,-65.063477
0.502075,-0.052368,0.747925,100.646965,34.790039,-64.880371
0.696411,0.137695,0.987061,97.778313,26.611326,-66.040039
1.724854,0.772095,2.755493,25.573729,53.039547,-63.232418
3.001831,-0.076538,2.303467,-54.870602,86.059563,32.958984
0.869629,-0.604858,1.505981,23.010252,132.202148,31.921385
-0.283813,-0.313477,1.280273,30.212400,59.143063,-56.579586
-0.336060,-0.080566,0.856812,24.475096,-4.089355,-27.832029
0.183228,-0.106201,0.750854,16.784668,-54.870602,6.103515
0.388672,-0.037720,0.835693,12.390136,-79.589844,21.545408
0.572876,-0.053223,0.806274,15.808105,-75.866699,32.836914
0.427246,-0.030151,0.858765,12.939452,-57.739254,16.540527
0.493164,0.083130,0.821899,9.216309,-33.203125,-8.544922
0.416504,0.077881,0.824829,5.676269,-13.122558,-15.197753
0.606201,0.118652,0.846069,0.061035,-7.812500,-26.855467
0.680786,0.068237,0.868774,-2.441406,-14.343261,-16.235352
0.701416,0.001587,0.829712,-1.953125,-26.000975,-7.995605
0.676758,-0.009155,0.780029,2.441406,-35.217285,-2.258301
0.669312,-0.026123,0.745117,3.662109,-38.208008,0.488281
0.688477,-0.032471,0.725464,3.845215,-38.146973,2.502441
0.673340,-0.041626,0.728394,4.089355,-33.691406,3.967285
0.675537,-0.041748,0.744141,3.662109,-24.963377,4.821777
0.668579,-0.038574,0.755737,2.807617,-16.235352,4.272461
0.668457,-0.047852,0.776978,1.525879,-8.361816,2.380371
0.641724,-0.049805,0.790771,0.671387,-3.356933,0.366211
0.621948,-0.054688,0.803711,0.305176,-1.708984,-0.427246
0.611206,-0.056763,0.817993,-0.183105,-2.990722,-0.366211
0.614014,-0.059448,0.831787,-0.427246,-7.812500,0.000000
0.622314,-0.045288,0.814453,-0.610352,-14.099120,-0.244141
0.639526,-0.044678,0.798218,-1.037598,-21.179197,-1.159668
0.656738,-0.039429,0.780151,-1.098633,-24.963377,-1.098633
0.658325,-0.032837,0.775269,-1.037598,-24.841307,-1.037598
0.675049,-0.013062,0.770020,-1.159668,-21.301268,-0.305176
0.667725,-0.015625,0.774658,-0.793457,-15.380858,0.305176
0.657227,-0.010254,0.779541,-0.915527,-10.253905,0.366211
0.639648,-0.007202,0.786621,-1.220703,-7.507324,0.488281
0.635376,-0.012085,0.791992,-2.014160,-7.995605,0.427246
0.624634,-0.036255,0.801392,-1.892090,-9.948730,1.037598
0.625000,-0.049683,0.813110,-1.892090,-14.282226,1.586914
0.665894,-0.052734,0.812744,-3.662109,-16.540527,1.159668
0.664429,-0.053345,0.823120,-4.089355,-18.127441,0.854492
0.687500,-0.055908,0.812134,-4.699707,-17.883301,0.122070
0.682251,-0.049683,0.811523,-2.441406,-22.338865,0.732422
0.682373,-0.029785,0.786011,-1.464844,-25.451658,1.159668
0.694336,-0.024292,0.812988,-0.427246,-26.916502,2.624511
0.656616,-0.022217,0.794067,-2.014160,-27.160643,3.356933
0.615601,-0.046143,0.754150,-2.563476,-34.179688,3.723144
0.613770,-0.058594,0.721313,-1.403808,-40.161129,3.601074
0.612671,-0.037842,0.721802,-0.671387,-45.471188,2.807617
0.681396,-0.031860,0.730957,-2.136230,-52.001949,3.479004
0.693237,-0.022949,0.737427,-4.516602,-53.039547,5.798339
0.683716,-0.020752,0.777832,-6.286621,-57.128902,4.394531
0.613525,-0.023804,0.814209,-9.948730,-63.598629,1.892090
0.695801,-0.037354,0.798096,-14.648437,-73.669434,0.244141
0.679077,-0.036865,0.770996,-13.977050,-91.186516,2.197266
0.674316,-0.049561,0.720947,-14.709472,-109.924309,0.366211
0.692505,-0.065674,0.690063,-15.991210,-126.342766,-0.549316
0.712280,-0.069214,0.673828,-16.235352,-136.962891,-0.976562
0.747070,-0.068604,0.660645,-17.456055,-146.423340,-2.807617
0.773438,-0.071533,0.642090,-19.287109,-154.846191,-4.821777
0.800903,-0.065674,0.619507,-19.897461,-161.743149,-6.469726
0.814819,-0.069458,0.576416,-19.165039,-168.518051,-8.605957
0.819214,-0.076660,0.517334,-18.188477,-175.476059,-10.803222
0.817749,-0.112549,0.424194,-16.174316,-189.514145,-13.610839
0.898560,-0.063110,0.447388,-11.169433,-220.886215,-13.000487
0.863525,-0.114258,0.401001,-15.136718,-235.229477,-13.122558
0.729614,-0.235352,0.307617,-5.615234,-283.020020,-24.780272
0.847900,-0.085693,0.287720,12.878417,-346.984833,-17.028809
1.003052,-0.099976,0.285400,17.822266,-384.521454,-12.939452
1.032959,-0.105713,0.222656,17.028809,-396.057098,-9.887695
1.023926,-0.116333,0.091064,18.798828,-410.949677,-12.573241
1.018066,-0.129395,-0.036133,27.343748,-435.302704,-13.793944
1.083008,-0.102295,-0.212769,36.193848,-458.557098,-9.704590
1.143066,-0.080078,-0.330566,42.968746,-469.421356,-0.488281
1.128784,-0.072510,-0.388062,46.997066,-490.661591,4.638672
1.107910,-0.062622,-0.437622,51.452633,-530.883789,10.253905
1.088013,-0.075195,-0.510132,59.570309,-576.538086,19.226074
1.071289,-0.130249,-0.728271,78.735352,-612.121582,28.625486
1.057861,-0.078735,-0.991821,104.980461,-630.187988,44.189449
1.063110,-0.068481,-1.202026,129.089355,-626.770020,57.189938
0.989990,-0.073486,-1.311890,150.268555,-610.534668,65.063477
0.760376,-0.119995,-1.411743,165.466293,-569.396973,68.237305
0.714722,-0.155396,-1.505615,181.335434,-510.314911,70.251465
0.750610,-0.090210,-1.570923,194.274887,-432.922333,69.458008
0.682861,-0.077515,-1.540649,201.416000,-340.026825,72.631836
0.487671,-0.122559,-1.406738,204.040512,-258.544922,81.665031
0.436768,-0.249878,-1.329224,209.838852,-193.481430,91.613762
0.442749,-0.310913,-1.331543,218.688950,-144.470215,94.116203
0.350586,-0.357544,-1.342773,229.797348,-107.360832,102.233879
0.462769,-0.410645,-1.336060,242.858871,-89.477531,105.590813
0.544312,-0.433228,-1.253174,247.741684,-73.242188,94.482414
0.581787,-0.444580,-1.173828,242.797836,-44.555660,79.650879
0.594482,-0.393311,-1.028198,236.755356,-20.019531,55.480953
0.647217,-0.325806,-0.847290,238.037094,9.155273,53.405758
0.825073,-0.330811,-0.690796,218.505844,46.813961,56.457516
0.614258,-0.383179,-0.650024,204.406723,102.233879,42.175289
0.339600,-0.423706,-0.497192,184.936508,153.381348,8.422852
0.311523,-0.324463,-0.395020,173.400864,182.617172,-2.258301
0.321289,-0.332397,-0.301270,153.381348,208.618149,11.962890
0.263794,-0.324463,-0.236328,135.559082,242.553696,20.080564
0.213135,-0.315552,-0.154175,117.004387,279.113770,23.071287
0.171021,-0.355347,-0.078003,95.153801,310.424805,21.423338
0.080811,-0.381348,-0.008789,73.059082,328.247040,10.742187
0.045776,-0.411377,0.044556,52.551266,337.341278,-0.610352
0.026245,-0.438110,0.057495,34.667969,346.069305,-6.652832
0.016113,-0.470703,0.029053,18.066406,351.196259,-15.624999
0.029419,-0.500732,0.009277,5.554199,356.140106,-30.761717
-0.007813,-0.515381,-0.015259,-7.690429,359.985321,-49.011227
-0.000488,-0.521973,-0.029297,-17.211914,361.633270,-61.218258
0.036011,-0.542358,-0.033447,-23.986814,359.863251,-74.401855
0.058105,-0.554688,-0.045532,-28.625486,359.741180,-87.890617
0.119141,-0.556152,-0.074463,-31.066893,363.647430,-102.050774
0.177124,-0.556030,-0.095459,-30.517576,376.220673,-112.670891
0.230469,-0.548584,-0.129028,-25.512693,387.695282,-122.741692
0.335083,-0.513306,-0.123779,-21.057127,388.366669,-131.835938
0.461548,-0.522339,-0.096313,-16.113281,399.902313,-138.122559
0.558838,-0.507446,-0.091675,-14.770507,427.246063,-139.770508
0.637817,-0.493896,-0.080566,-14.587401,456.787079,-142.822266
0.571899,-0.467285,-0.025635,-11.779784,491.210907,-143.676758
0.648193,-0.516357,0.032593,3.906250,508.483856,-132.751465
0.705933,-0.487183,0.111572,10.375976,521.911621,-132.690430
0.641235,-0.497925,0.203613,19.653320,547.729492,-138.793945
0.632568,-0.434814,0.299561,32.775879,578.125000,-134.277344
0.568726,-0.456665,0.392822,49.682613,582.336426,-126.098625
0.368164,-0.377930,0.385498,68.176270,572.998047,-122.009270
0.368164,-0.471069,0.589722,92.163078,531.677246,-127.441399
0.261230,-0.368164,0.675903,101.501457,469.299286,-121.704094
0.135010,-0.327148,0.761597,107.849113,377.075165,-119.384758
0.150024,-0.299927,0.803467,110.961906,263.305664,-113.708488
0.216797,-0.238037,0.800171,112.915031,161.804184,-104.064934
0.302124,-0.228149,0.835571,113.830559,85.998528,-90.881340
0.434082,-0.231323,0.861328,112.121574,42.053219,-79.040527
0.583374,-0.211060,0.936401,110.107414,20.019531,-71.228027
0.688965,-0.170654,0.997681,104.553215,14.465331,-69.946289
0.753906,-0.144531,1.029541,98.632805,17.639160,-67.871094
0.782104,-0.166992,1.036621,93.322746,23.498533,-68.603516
0.837891,-0.172607,1.083984,87.219231,37.658691,-84.899895
0.571655,-0.130981,1.074097,94.909660,45.715328,-133.361816
0.567505,-0.045654,1.059570,90.454094,48.461910,-102.478020
0.504028,-0.151489,1.015381,85.815422,46.447750,-79.650879
0.432495,-0.183838,0.948364,86.791985,36.987305,-82.458488
0.338501,-0.174805,0.874756,90.698235,20.690916,-87.890617
0.289429,-0.156128,0.792480,95.092766,-0.305176,-90.026848
0.411255,-0.202148,0.807617,99.548332,-20.385740,-82.336418
1.287720,0.315186,1.113892,82.519524,-22.827147,-73.791504
2.493530,0.295532,2.140503,-2.990722,71.899414,-44.799801
1.155151,-0.207642,2.242188,-30.090330,46.508785,22.399900
0.323853,-0.230835,1.901978,-13.732909,44.250484,-21.118162
-0.079102,-0.118652,1.550049,4.150391,7.202148,-26.306150
0.317017,-0.090454,1.269897,1.159668,-45.104977,-19.653320
0.451660,-0.103882,1.026001,4.028320,-76.965332,16.784668
0.261108,-0.190186,0.813354,6.958007,-83.374016,12.695312
0.222412,-0.075439,0.722778,8.178711,-85.021965,-6.469726
0.317017,-0.034546,0.673462,7.873535,-72.631836,-12.023925
0.402100,0.038574,0.679321,3.845215,-46.569820,-13.671874
0.663818,0.124390,0.726440,0.183105,-20.446775,-17.150879
0.636475,0.077759,0.817627,1.342773,-4.394531,-8.972168
0.633057,0.084595,0.894531,0.183105,-7.202148,-8.911133
0.583740,0.025146,0.875977,1.770019,-12.573241,-4.211426
0.552979,-0.013428,0.810913,3.601074,-15.563964,0.305176
0.526489,-0.031006,0.823486,3.967285,-16.418457,2.014160
0.516479,-0.029419,0.868896,3.112793,-18.981934,2.136230
0.520142,-0.029419,0.900146,2.563476,-22.888182,3.051758
0.537109,-0.030151,0.908691,1.647949,-24.169920,3.356933
0.540161,-0.037842,0.900269,0.610352,-21.667479,2.685547
0.531250,-0.036499,0.880371,-0.549316,-18.127441,0.610352
0.534302,-0.036499,0.862549,-1.342773,-16.845703,-0.793457
0.553589,-0.037109,0.864380,-1.708984,-17.028809,-0.915527
0.572876,-0.048584,0.854004,-1.770019,-17.883301,-0.488281
0.587402,-0.041016,0.839966,-2.136230,-18.859863,-0.549316
0.603760,-0.024658,0.849121,-1.770019,-19.958496,-0.549316
0.598877,-0.011353,0.852539,-1.647949,-22.460936,-0.122070
0.572388,-0.014893,0.834961,-2.014160,-26.733397,-0.549316
0.557739,-0.020630,0.830811,-2.258301,-30.639647,-0.183105
0.558960,-0.028320,0.834106,-2.685547,-32.775879,0.244141
0.559692,-0.023071,0.849854,-3.295898,-32.348633,1.281738
0.566528,-0.017334,0.857666,-5.004883,-30.639647,1.525879
0.573975,-0.032349,0.851685,-6.896972,-29.052732,0.549316
0.580444,-0.035400,0.879517,-7.202148,-30.822752,0.244141
0.608154,-0.024902,0.881104,-7.263183,-34.606934,0.000000
0.615967,-0.031860,0.858032,-9.094238,-41.076656,0.122070
0.646362,-0.029907,0.832520,-10.009766,-48.645016,1.464844
0.621948,-0.040405,0.819702,-9.582520,-53.405758,3.784179
0.611694,-0.046997,0.807617,-9.338379,-63.903805,4.333496
0.520996,-0.093994,0.906372,-9.948730,-67.260742,7.141113
0.526367,-0.085693,0.833740,-9.155273,-61.279293,7.873535
0.587402,-0.084473,0.842529,-13.427733,-71.472168,6.530761
0.643066,-0.060669,0.860840,-13.671874,-84.838860,7.690429
0.655762,-0.042603,0.908081,-17.211914,-128.479004,9.643555
0.641846,-0.034058,0.931274,-18.371582,-143.127441,9.704590
0.608887,-0.051636,0.892700,-19.897461,-161.376938,9.765625
0.642944,-0.044189,0.848877,-20.446775,-202.636703,10.192870
0.640137,-0.065308,0.783813,-22.521971,-226.257309,11.962890
0.642700,-0.101563,0.722534,-24.169920,-244.079575,8.605957
0.109619,-0.348877,0.438599,-24.291990,-266.662598,4.516602
0.665405,-0.279663,0.227051,-0.793457,-357.177704,-10.192870
0.870850,-0.150269,0.265503,19.958496,-469.238251,14.892577
1.051636,-0.218872,0.215942,19.104004,-506.652802,17.211914
1.079224,-0.148682,0.173218,18.249512,-516.296387,12.573241
1.088379,-0.121338,0.116333,19.226074,-525.512695,2.929687
1.075439,-0.123169,0.070801,22.216795,-519.775391,-2.319336
1.101318,-0.117676,0.001587,19.042969,-480.102509,-1.708984
1.011719,-0.153320,-0.119629,12.939452,-442.993134,-1.220703
0.951294,-0.156738,-0.192993,7.263183,-418.518036,-3.784179
0.931519,-0.139526,-0.257690,3.601074,-399.536102,-3.417969
0.985596,-0.123535,-0.255249,3.417969,-378.967255,-2.014160
1.040771,-0.116943,-0.305054,2.929687,-355.957001,2.685547
1.030518,-0.097168,-0.365601,4.089355,-341.979950,5.065917
1.046021,-0.065430,-0.493164,2.197266,-320.190430,7.568359
0.995239,-0.114380,-0.662109,3.723144,-301.330566,9.399414
0.980347,-0.145630,-0.723633,5.859375,-276.367188,13.000487
1.004395,-0.099854,-0.778687,8.972168,-267.578125,14.953612
1.002441,-0.117188,-0.714355,13.183593,-259.094238,20.202635
0.998413,-0.094849,-0.672363,15.563964,-253.662094,27.343748
0.929443,-0.094727,-0.738037,21.850584,-255.920395,31.677244
0.882446,-0.089111,-0.876953,38.757324,-273.925781,35.827637
0.895142,-0.127686,-1.041992,61.523434,-290.832520,42.419430
0.801025,-0.098145,-0.951904,87.768547,-301.025391,48.400875
0.734253,-0.102173,-0.995239,110.412590,-307.006836,52.673336
0.583130,-0.124268,-0.969727,138.916016,-315.246582,53.710934
0.478760,-0.108643,-0.872070,164.794907,-306.457520,57.250973
0.396362,-0.149902,-0.794312,177.368149,-294.372559,52.612301
0.270996,-0.163940,-0.800903,183.959946,-280.029297,57.495113
0.294678,-0.320190,-0.911499,186.401352,-251.037582,62.255856
0.505127,-0.390991,-1.220703,180.847153,-188.781723,70.007324
0.742432,-0.336792,-1.542236,163.757309,-121.520988,71.105957
0.736450,-0.243164,-1.623169,153.930664,-64.025879,71.228027
0.671509,-0.383545,-1.472290,150.451660,-26.916502,74.890137
0.657349,-0.352661,-1.228516,150.878906,-6.164550,72.509766
0.619019,-0.352661,-0.963623,145.446777,16.540527,56.091305
0.505249,-0.249146,-0.868164,145.751953,37.475586,49.377438
0.479980,-0.243408,-0.903687,131.225586,63.415524,56.823727
0.386597,-0.232422,-0.841064,120.605461,93.505852,42.663570
0.357178,-0.191772,-0.685303,111.267082,123.229973,28.381346
0.221802,-0.172363,-0.567139,89.416496,158.630371,28.442381
0.064087,-0.278564,-0.415771,68.420410,183.532700,26.794432
-0.019043,-0.333008,-0.276855,53.283688,186.889633,14.526366
-0.047485,-0.358154,-0.203125,37.658691,174.255356,1.037598
-0.035767,-0.425903,-0.159546,22.583006,162.170395,-8.178711
0.044312,-0.435913,-0.120361,9.826660,157.958984,-18.127441
0.137329,-0.406982,-0.151733,-3.784179,167.724594,-27.587889
0.214355,-0.361206,-0.190674,-17.822266,193.725571,-33.203125
0.356079,-0.315918,-0.280640,-30.334471,220.703110,-35.278320
0.432861,-0.319458,-0.340820,-41.931149,252.807602,-35.339355
0.464966,-0.389282,-0.335815,-52.490231,277.038574,-40.832516
0.529175,-0.432373,-0.301758,-61.523434,312.011719,-48.889156
0.550903,-0.436279,-0.317749,-70.495605,353.881805,-57.800289
0.583130,-0.427246,-0.388062,-77.819824,393.432587,-70.007324
0.657227,-0.397949,-0.444946,-85.937492,431.884735,-82.031242
0.670044,-0.413452,-0.441528,-91.003410,476.257294,-91.247551
0.704224,-0.439941,-0.424683,-91.918938,519.714355,-97.839348
0.628418,-0.453979,-0.334839,-87.402336,550.659180,-107.971184
0.614868,-0.425415,-0.190674,-84.594719,563.598633,-114.257805
0.599487,-0.427856,-0.061768,-83.312981,561.035156,-114.868156
0.589600,-0.414917,0.013672,-76.660156,555.908203,-107.177727
0.666504,-0.375854,0.083740,-62.499996,540.344238,-95.031731
0.758911,-0.384033,0.151489,-46.386715,502.624481,-84.899895
0.764038,-0.382324,0.226074,-33.813477,453.918427,-90.270988
0.847534,-0.318237,0.271240,-18.798828,400.817841,-90.393059
0.921875,-0.339722,0.330811,-6.286621,359.558075,-79.345703
0.945435,-0.329834,0.415527,5.126953,317.321777,-78.735352
0.850220,-0.348389,0.501953,12.939452,276.855469,-85.998528
0.862061,-0.330444,0.540283,20.019531,242.126450,-90.698235
0.800903,-0.343384,0.552368,25.024412,214.782700,-93.200676
0.818115,-0.298950,0.552856,28.259275,198.181137,-93.017570
0.747070,-0.308716,0.593628,32.836914,181.640610,-85.571281
0.784302,-0.253540,0.620239,36.071777,153.076172,-84.472649
0.742188,-0.251465,0.639648,38.696289,124.328606,-82.641594
0.772705,-0.233398,0.636963,43.151852,87.768547,-77.819824
0.838379,-0.225098,0.619141,46.813961,88.623039,-77.392578
0.745972,-0.170776,0.645874,49.743649,92.590324,-82.946770
0.774048,-0.146606,0.680542,52.856441,94.970695,-75.744629
0.712524,-0.131836,0.701416,55.419918,96.130363,-81.359856
0.663940,-0.093018,0.684937,59.082027,96.313469,-79.467773
0.647705,-0.082275,0.636108,61.889645,87.341301,-79.101563
0.522827,0.055176,0.582642,65.063477,62.377926,-88.134758
2.582153,1.114502,2.588623,11.169433,-25.451658,-76.049805
2.797363,-0.155151,1.494873,-23.132322,18.310547,81.237785
1.036377,-0.289429,0.543213,-2.258301,163.452133,31.738279
0.023193,0.026855,0.504028,-1.342773,138.305664,-20.874022
0.117432,-0.125977,0.640381,0.854492,56.091305,-11.718749
0.510742,-0.026611,0.850830,6.530761,-4.760742,-3.173828
0.651123,-0.011108,0.924194,5.920410,-35.705566,13.610839
0.691772,-0.062134,0.817749,5.004883,-43.823238,25.512693
0.627441,-0.080566,0.791992,4.638672,-33.752441,20.629881
0.560791,-0.069580,0.817383,1.953125,-16.906738,3.112793
0.566772,-0.036499,0.824707,-1.525879,-5.493164,-7.507324
0.604370,-0.035522,0.810669,-3.234863,-1.342773,-11.840819
0.659790,-0.055542,0.782227,-3.601074,1.708984,-10.131835
0.738525,-0.069946,0.747314,-2.624511,9.216309,-8.239746
0.745972,-0.100708,0.788208,3.601074,-2.990722,-9.765625
0.758057,-0.105347,0.749756,6.164550,-13.732909,-10.192870
0.730713,-0.111816,0.704590,5.859375,-8.239746,-9.704590
0.660034,-0.110596,0.732910,6.469726,4.882813,-8.361816
0.680908,-0.069336,0.723389,6.042480,13.854980,-10.620116
0.744019,-0.059814,0.700928,5.310058,16.174316,-11.291503
0.786011,-0.051025,0.683838,6.774902,12.084960,-11.657714
0.791138,-0.046631,0.653198,8.666992,10.375976,-10.681151
0.804321,-0.054443,0.662842,12.023925,10.009766,-8.483887
0.805664,-0.065918,0.661255,14.587401,14.465331,-4.943848
0.806152,-0.061768,0.648315,16.967773,20.141600,-3.784179
0.808350,-0.057861,0.656616,17.211914,25.085447,-2.441406
0.792847,-0.052734,0.671753,16.418457,26.611326,-0.793457
0.747925,-0.047729,0.693726,16.662598,28.076170,1.831055
0.687866,-0.030273,0.717407,15.808105,29.907225,2.868652
0.642456,-0.023193,0.750977,14.160155,28.930662,2.807617
0.665527,0.009399,0.778687,12.207030,26.855467,2.868652
0.631348,0.013062,0.753784,10.253905,26.428221,3.417969
0.549927,0.053711,0.809082,6.164550,28.320311,4.455566
0.523193,0.040161,0.837646,0.061035,26.855467,0.488281
0.523804,-0.012329,0.923706,-3.295898,5.004883,-1.831055
0.500488,-0.037109,0.910400,-4.150391,-17.272949,-3.723144
0.552612,-0.033325,0.836548,-4.699707,-26.306150,-5.676269
0.655518,-0.023315,0.783813,-5.432128,-29.663084,-5.554199
0.713257,-0.010254,0.756714,-5.249023,-28.991697,-4.333496
0.729126,-0.025513,0.738892,-4.516602,-25.329588,-3.723144
0.723145,-0.028320,0.734253,-3.173828,-21.240232,-3.479004
0.712769,-0.039307,0.736206,-2.197266,-15.930175,-2.868652
0.708252,-0.032593,0.730713,-1.098633,-9.643555,-1.586914
0.685669,-0.035278,0.760254,-0.366211,-4.760742,-0.976562
0.678101,-0.031860,0.783447,-0.061035,-2.929687,-0.793457
0.668213,-0.020630,0.797607,-0.366211,-3.234863,-0.488281
0.669800,-0.003906,0.797241,-0.244141,-8.483887,0.061035
0.661987,-0.009399,0.777344,0.122070,-19.409180,1.220703
0.645630,-0.035522,0.781494,-0.305176,-26.916502,1.708984
0.634888,-0.052002,0.772339,0.854492,-39.062500,2.136230
0.645752,-0.048462,0.781250,1.586914,-49.377438,2.929687
0.665527,-0.032471,0.810547,1.831055,-57.739254,3.662109
0.692383,-0.027344,0.797241,0.549316,-66.406250,4.882813
0.686523,-0.015625,0.752075,-0.061035,-83.679192,6.347656
0.692871,-0.018677,0.737061,-1.281738,-100.524895,8.300781
0.656128,-0.036255,0.738647,-3.479004,-117.919914,9.216309
0.714355,-0.012939,0.739502,-6.408691,-141.967773,8.422852
0.712402,-0.026855,0.749390,-7.873535,-164.855942,11.657714
0.683960,0.004028,0.737061,-10.925292,-180.786118,10.986327
0.678345,-0.017212,0.700073,-15.563964,-221.801743,7.019042
0.685425,-0.027954,0.672607,-15.319823,-266.113281,5.432128
0.753784,-0.030151,0.602539,-12.207030,-309.692383,4.028320
0.805908,-0.047241,0.474731,-8.361816,-344.177216,5.249023
0.890015,-0.093506,0.213257,5.615234,-401.977509,-0.061035
0.851440,-0.185669,-0.037720,25.695799,-487.915009,-4.211426
0.806641,-0.149780,-0.075684,47.668453,-606.018066,2.868652
0.965332,-0.095581,-0.121460,51.879879,-657.592712,1.342773
1.055542,-0.100708,-0.195068,51.635738,-661.865173,3.540039
1.057739,-0.113403,-0.265991,50.109859,-656.310974,-0.244141
1.072021,-0.137207,-0.380005,50.537106,-642.700134,-0.671387
1.028076,-0.133789,-0.567627,52.856441,-644.287048,1.159668
1.031006,-0.166382,-0.747070,57.983395,-634.643555,5.798339
1.031616,-0.175537,-0.917847,66.406250,-601.867676,13.671874
1.034180,-0.082275,-0.997192,68.420410,-557.617188,22.399900
1.028198,-0.081421,-0.928711,62.438961,-497.009247,26.306150
0.957642,-0.057373,-0.849487,56.518551,-441.650360,34.729004
0.920776,-0.024170,-0.875854,56.457516,-390.014618,40.039063
0.814819,-0.040161,-1.074463,64.270020,-342.407196,52.429195
0.769287,-0.132568,-1.320923,84.472649,-307.373047,59.509274
0.613037,-0.056519,-1.321533,104.675285,-268.127441,72.631836
0.498047,-0.033325,-1.443604,127.868645,-248.352036,74.340820
0.364868,-0.068604,-1.496216,150.207520,-231.811508,81.420891
0.273926,-0.084351,-1.321655,177.551254,-220.397934,87.280266
0.340576,-0.122070,-1.137207,202.026352,-204.650864,93.261711
0.310181,-0.210205,-1.045776,217.895493,-190.185532,88.500969
0.357666,-0.448486,-1.109009,221.191391,-157.470703,80.627434
0.519531,-0.638916,-1.296997,215.393051,-121.093742,64.025879
0.676025,-0.475464,-1.530273,201.904282,-75.805664,38.208008
0.699585,-0.639526,-1.605591,200.317368,-42.175289,40.832516
0.731689,-0.545410,-1.633667,210.021957,-12.817382,66.772461
0.647583,-0.546753,-1.441772,209.899887,35.827637,83.984367
0.658569,-0.241821,-1.231567,212.219223,68.298340,59.753414
0.602051,-0.135010,-0.995728,210.021957,117.065422,41.687008
0.274170,-0.186157,-0.697266,190.368637,176.208481,36.682129
0.009644,-0.349365,-0.373047,164.306625,207.031235,30.639647
-0.216797,-0.484985,-0.071045,138.122559,206.481918,11.474608
-0.240723,-0.433472,0.048096,117.614738,181.274399,-3.906250
-0.249390,-0.471680,0.163940,98.876945,154.235840,-16.174316
-0.220825,-0.473267,0.268433,78.796387,128.112793,-31.799314
-0.046265,-0.442749,0.285645,59.631344,111.633293,-40.588375
0.093506,-0.416138,0.265381,43.457027,101.379387,-39.001465
0.270386,-0.378174,0.229614,25.451658,96.313469,-35.766602
0.400879,-0.337891,0.123779,6.835937,107.055656,-34.790039
0.414307,-0.300049,-0.042725,-9.948730,127.258293,-33.630371
0.418945,-0.307861,-0.156372,-26.367186,140.747070,-31.433104
0.438843,-0.361938,-0.274414,-40.832516,160.034180,-28.076170
0.434570,-0.405029,-0.365356,-51.269527,185.852036,-29.296873
0.435669,-0.458618,-0.431152,-60.852047,218.200668,-33.569336
0.437256,-0.485107,-0.486938,-69.763184,254.699692,-39.611816
0.424194,-0.521851,-0.510498,-74.645996,291.687012,-48.461910
0.412720,-0.518311,-0.510254,-77.087402,325.988739,-56.640621
0.444336,-0.538208,-0.487305,-80.139160,350.830048,-66.223145
0.469238,-0.594849,-0.482178,-83.435051,377.563446,-72.631836
0.540161,-0.587891,-0.493042,-80.566399,404.968231,-75.927734
0.566040,-0.594360,-0.452393,-76.232910,430.847137,-82.519524
0.549805,-0.602173,-0.356812,-73.059082,461.852997,-97.228996
0.600220,-0.573730,-0.267700,-63.781734,488.525360,-104.553215
0.551392,-0.569702,-0.160889,-57.312008,504.699677,-119.689934
0.578491,-0.558350,-0.120117,-52.124020,518.249512,-127.563469
0.619263,-0.542847,-0.075073,-44.128414,525.268555,-129.028320
0.656006,-0.487061,0.008789,-33.081055,527.221680,-130.065918
0.773193,-0.417358,0.098511,-22.827147,526.794434,-126.892082
0.919556,-0.368530,0.153320,-15.563964,534.973145,-120.178215
0.942871,-0.349976,0.161133,-4.394531,540.405273,-110.778801
0.966064,-0.359863,0.248413,9.277344,527.770996,-99.731438
0.892944,-0.329468,0.324585,23.742674,525.878906,-88.073723
0.763672,-0.287842,0.446777,41.381832,488.647430,-73.852539
0.718018,-0.320801,0.623291,53.405758,453.430145,-68.298340
0.543701,-0.335693,0.725098,59.814449,386.657684,-70.861816
0.494995,-0.269043,0.854004,70.190430,313.903809,-61.340328
0.578369,-0.306030,0.973877,82.763664,238.708481,-50.048824
0.466553,-0.325317,1.038452,90.148918,169.372543,-62.438961
0.566528,-0.262329,1.070435,98.571770,138.061523,-60.668941
0.482056,-0.279175,1.044434,103.515617,110.656731,-65.856934
0.497070,-0.255615,0.959961,101.135246,85.205070,-79.162598
0.572144,-0.217773,0.873901,94.970695,59.509274,-77.697754
0.652832,-0.179932,0.835938,89.172356,44.738766,-67.504883
0.675049,-0.119385,0.850830,82.946770,36.865234,-60.729977
0.609131,-0.100586,0.876343,78.430176,35.705566,-58.837887
0.524780,-0.089478,0.888672,75.012207,34.362793,-59.082027
0.424072,-0.078125,0.882568,71.594238,26.672361,-63.415524
0.319580,-0.077881,0.858887,70.190430,13.183593,-64.697266
0.447266,-0.069824,0.935913,69.519043,-3.723144,-66.589355
0.203735,-0.154419,0.706543,71.777344,-17.150879,-59.997555
0.545654,0.039307,0.718018,67.016602,-16.418457,-59.692379
0.887939,0.353394,0.914795,62.072750,-15.197753,-48.339840
1.413696,0.575439,1.182861,36.865234,48.339840,-36.743164
1.374756,0.119263,1.564941,-14.099120,43.640133,-9.582520
0.498535,-0.169067,1.562988,-11.718749,21.728514,2.075195
0.152832,-0.235962,1.295654,-5.676269,-2.197266,-23.681639
0.327026,-0.033203,1.146240,-2.624511,-31.677244,-26.611326
0.394775,-0.054443,1.124512,-8.789063,-55.603024,-8.239746
0.506348,-0.130493,0.977051,-7.690429,-62.744137,2.014160
0.511353,-0.128418,0.830811,1.525879,-58.532711,1.403808
0.617065,-0.040405,0.726807,4.455566,-48.339840,-7.629394
0.635010,-0.001953,0.728394,3.845215,-29.785154,-5.676269
0.628540,0.002563,0.830566,-0.122070,-14.221190,-8.178711
0.626221,-0.010010,0.859375,0.427246,-8.483887,-8.361816
0.592651,-0.027222,0.854858,2.746582,-5.249023,-5.249023
0.593140,-0.023682,0.832642,4.821777,-5.065917,-2.441406
0.590088,-0.011719,0.829102,5.432128,-8.850098,0.732422
0.553467,-0.015137,0.829590,5.859375,-16.723633,1.770019
0.532837,-0.008667,0.831055,5.432128,-23.925779,2.014160
0.548706,0.000977,0.821289,3.906250,-26.977537,1.892090
0.575195,0.002197,0.816772,2.746582,-25.207518,1.708984
0.614014,0.006104,0.820923,0.915527,-20.141600,1.098633
0.628540,0.000000,0.826172,-0.427246,-16.174316,0.000000
0.638794,-0.011353,0.828247,-1.403808,-12.878417,-1.098633
0.643555,-0.021240,0.818481,-1.708984,-11.413573,-1.281738
0.627075,-0.029297,0.801636,-1.281738,-10.742187,-0.732422
0.619385,-0.026123,0.787109,-1.342773,-11.718749,-0.610352
0.621216,-0.025513,0.802124,-1.403808,-13.610839,-0.305176
0.619141,-0.015015,0.814697,-1.464844,-14.404296,-0.061035
0.607056,-0.012695,0.801025,-1.892090,-13.793944,-0.122070
0.605469,-0.004517,0.798096,-2.258301,-12.695312,-0.549316
0.599365,-0.006348,0.804321,-2.685547,-11.962890,-0.488281
0.605835,-0.012451,0.815186,-3.051758,-10.925292,-0.244141
0.620972,-0.008423,0.820068,-3.540039,-9.582520,-0.915527
0.625122,-0.016968,0.819824,-3.417969,-8.483887,-1.098633
0.617798,-0.014038,0.820435,-3.051758,-7.873535,-1.403808
0.620605,-0.027344,0.811157,-2.563476,-7.934570,-1.159668
0.619263,-0.025391,0.800537,-2.197266,-8.178711,-0.732422
0.625488,-0.022827,0.805176,-1.464844,-8.789063,-0.244141
0.620483,-0.016724,0.803345,-0.915527,-9.216309,-0.061035
0.626099,-0.019287,0.802612,-0.427246,-8.605957,0.000000
0.617432,-0.015503,0.805908,-0.427246,-7.629394,-0.122070
0.621826,-0.013916,0.796875,-0.244141,-7.446289,-0.610352
0.627930,-0.013916,0.798096,-0.061035,-7.385253,-0.915527
0.623413,-0.013794,0.803833,0.000000,-6.774902,-0.915527
0.624512,-0.014404,0.800415,0.122070,-5.065917,-0.793457
0.622681,-0.014160,0.794312,0.000000,-4.028320,-0.915527
0.622681,-0.010864,0.797974,-0.122070,-3.845215,-0.793457
0.623413,-0.017822,0.797485,0.061035,-3.784179,-0.366211
0.621338,-0.014893,0.793823,0.305176,-3.967285,0.183105
0.629028,-0.010742,0.793335,0.000000,-4.150391,0.183105
0.630005,-0.010986,0.793335,0.061035,-3.967285,0.000000
0.635742,-0.019775,0.796021,0.122070,-3.356933,0.122070
0.641479,-0.021484,0.790649,0.122070,-2.746582,0.244141
0.638184,-0.019897,0.785767,0.183105,-2.258301,0.061035
0.641479,-0.015869,0.783447,0.366211,-1.892090,0.305176
0.645142,-0.015259,0.793457,0.305176,-1.525879,0.122070
0.634155,-0.023682,0.793213,0.488281,-1.525879,-0.610352
0.633179,-0.022339,0.798218,0.549316,-1.892090,-0.793457
0.628296,-0.021606,0.793457,0.427246,-2.319336,-0.488281
0.632935,-0.019897,0.788574,0.061035,-3.234863,-0.305176
0.627563,-0.016846,0.796143,0.183105,-3.662109,-0.061035
0.620728,-0.018311,0.799683,0.000000,-4.211426,0.000000
0.621704,-0.015137,0.814331,-0.305176,-6.164550,0.122070
0.622925,-0.008545,0.818848,-0.976562,-9.460449,-0.305176
0.632813,-0.004272,0.822144,-2.197266,-12.390136,-0.610352
0.631592,-0.025635,0.811646,-4.089355,-13.427733,-0.671387
0.642944,-0.041138,0.807007,-5.493164,-15.319823,-0.427246
0.675659,-0.046631,0.787354,-6.469726,-15.991210,-0.366211
0.658081,-0.047607,0.812256,-3.295898,-23.925779,0.976562
0.636108,-0.045654,0.802612,-0.305176,-29.846189,0.976562
0.575195,-0.098145,0.804688,1.953125,-35.034180,1.708984
0.556274,-0.049561,0.827881,1.403808,-47.790524,-2.136230
0.556763,-0.069702,0.869141,0.671387,-73.059082,-3.234863
0.593262,-0.038452,0.886719,1.342773,-101.135246,-2.502441
0.570801,-0.007813,0.879761,-0.427246,-130.920410,-1.281738
0.589111,0.020264,0.870850,-4.760742,-160.705551,-0.732422
0.624023,0.038940,0.854858,-7.751464,-194.274887,1.098633
0.634399,-0.002197,0.817383,-11.596679,-220.825180,1.953125
0.673218,0.022827,0.768555,-12.268065,-247.131332,3.723144
0.719849,-0.015625,0.707764,-14.160155,-271.118164,3.479004
0.643921,-0.111816,0.538208,-14.526366,-302.734375,1.220703
0.820679,-0.071289,0.454224,-6.896972,-368.286102,-1.586914
0.360229,-0.343628,0.415161,-5.310058,-426.208466,-2.014160
0.765747,-0.233887,0.256714,14.099120,-523.193359,-22.766111
0.991943,-0.094971,0.206055,23.498533,-604.248047,-6.652832
0.990845,-0.163696,0.013428,26.489256,-643.066345,-5.187988
1.028442,-0.156250,-0.142334,38.879395,-678.283630,-10.498046
1.212280,-0.067261,-0.205322,50.781246,-703.124939,-5.310058
1.241577,-0.093750,-0.305908,46.936031,-689.697205,7.812500
1.058472,-0.112671,-0.390015,41.748043,-674.133240,15.502929
0.930298,-0.138672,-0.529297,47.363277,-674.926697,14.160155
0.812866,-0.139038,-0.740112,61.401363,-671.813904,24.291990
0.813354,-0.051514,-0.963989,77.697754,-661.071716,42.907711
0.734741,0.018188,-1.156860,94.665520,-641.784668,51.391598
0.689331,-0.020996,-1.208008,117.248528,-608.276367,58.471676
0.741821,0.047485,-1.250854,136.596680,-574.462891,62.805172
0.557617,-0.021729,-1.269287,148.498535,-502.380341,53.405758
0.387573,-0.049072,-1.216309,160.278320,-418.395966,65.368652
0.219971,-0.168457,-1.248047,171.569809,-347.839325,71.350098
0.142090,-0.236084,-1.294067,179.077133,-292.663574,76.232910
0.324097,-0.314453,-1.504028,183.349594,-218.811020,80.871574
0.434814,-0.341919,-1.738159,179.992661,-138.427734,85.998528
0.480957,-0.317383,-1.857788,177.307114,-82.275383,94.909660
0.532837,-0.278687,-1.824341,179.016098,-38.940430,98.937981
0.457886,-0.294067,-1.776978,180.236801,-8.850098,96.923820
0.371094,-0.284546,-1.527344,189.331039,25.329588,96.618645
0.354370,-0.100464,-1.188843,191.040024,54.077145,88.256828
0.333130,-0.018433,-0.875000,180.541977,70.983887,63.781734
0.122314,-0.200928,-0.636719,168.029770,93.627922,49.255367
-0.001099,-0.421753,-0.399658,145.263672,104.614250,50.842281
0.097900,-0.599976,-0.164673,128.295898,96.496574,28.686522
0.056641,-0.459595,-0.003418,108.154289,82.458488,-13.427733
0.124268,-0.401855,0.056519,95.336906,68.237305,-26.123045
0.229248,-0.374512,0.049927,82.885735,60.485836,-23.681639
0.297729,-0.351807,0.013794,68.725586,61.584469,-22.766111
0.346313,-0.337402,-0.046509,43.884274,86.730949,-21.728514
0.425659,-0.333618,-0.101685,24.108885,120.361320,-22.399900
0.463745,-0.351440,-0.168213,4.150391,167.297348,-25.756834
0.448120,-0.347534,-0.221313,-16.906738,217.529282,-28.259275
0.441772,-0.377563,-0.288086,-35.461426,263.732910,-33.691406
0.410889,-0.375244,-0.361694,-50.659176,302.978516,-41.809078
0.362549,-0.412109,-0.431519,-64.941406,334.838837,-47.912594
0.363892,-0.423096,-0.469971,-74.951172,359.924286,-53.222652
0.380249,-0.440308,-0.544556,-80.871574,382.202118,-62.438961
0.441162,-0.445068,-0.591675,-82.641594,404.663055,-70.556641
0.489990,-0.453247,-0.614014,-82.702629,421.508759,-81.176750
0.544556,-0.445557,-0.590088,-81.848137,442.932098,-87.646477
0.558472,-0.451050,-0.515747,-79.711914,456.665009,-93.383781
0.593140,-0.442871,-0.441528,-75.683594,463.317841,-96.679680
0.630249,-0.430298,-0.370239,-69.885254,478.027313,-95.764153
0.601929,-0.471558,-0.327637,-63.537594,490.417450,-99.487297
0.586914,-0.451050,-0.267822,-54.870602,485.595673,-98.327629
0.558594,-0.474976,-0.197754,-49.682613,474.670380,-101.867668
0.601440,-0.454712,-0.139771,-42.602535,466.918915,-98.449699
0.626221,-0.430908,-0.057983,-31.738279,442.077606,-93.200676
0.713745,-0.400879,0.021240,-22.521971,415.588348,-88.623039
0.747437,-0.395874,0.098145,-13.244628,391.479462,-91.186516
0.844727,-0.317749,0.174438,-6.103515,376.342743,-86.547844
0.943481,-0.288940,0.251099,-0.366211,376.586884,-75.866699
1.069702,-0.301880,0.326538,2.441406,388.061493,-70.922852
1.093506,-0.293823,0.459839,6.286621,399.719208,-82.763664
0.966431,-0.242676,0.475098,10.742187,412.292450,-95.031731
0.981445,-0.250732,0.564941,20.690916,407.653778,-79.895020
0.951172,-0.276733,0.612549,31.005857,404.602020,-67.504883
0.837036,-0.321167,0.678467,40.954586,382.019012,-75.622559
0.673462,-0.241211,0.729614,47.241207,340.332001,-85.266106
0.682373,-0.220825,0.762817,55.541988,291.870117,-73.913574
0.661621,-0.203979,0.783569,62.255856,238.891586,-69.580078
0.643555,-0.192749,0.775146,68.359375,183.593735,-67.077637
0.634033,-0.165039,0.788452,72.875977,140.319824,-64.453125
0.637085,-0.154175,0.806641,75.134277,107.238762,-57.983395
0.628784,-0.128784,0.810181,76.049805,87.585442,-55.114742
0.619019,-0.106445,0.818726,76.782227,78.552246,-52.612301
0.568115,-0.104614,0.819458,77.697754,71.838379,-51.879879
0.481567,-0.098633,0.818359,77.453613,65.307617,-53.955074
0.543213,0.000244,0.935669,76.538086,57.922359,-54.687496
0.713013,0.210938,1.574951,60.729977,61.279293,-54.138180
1.855957,0.378784,2.377319,13.183593,77.209473,-44.006344
1.023438,-0.356567,1.396484,2.807617,69.885254,23.681639
0.264771,-0.354980,0.843750,16.906738,51.269527,0.488281
-0.059082,-0.029785,0.873169,25.329588,5.371093,-31.860350
0.329956,-0.067749,0.828735,19.775391,-66.223145,-2.990722
0.483521,0.023315,0.842163,16.845703,-85.571281,8.361816
0.586426,-0.003784,0.836304,12.756347,-72.143555,12.573241
0.641846,0.015625,0.810669,12.695312,-54.199215,-0.427246
0.566528,0.040894,0.819214,11.657714,-33.325195,-9.948730
0.510986,0.037109,0.848145,9.399414,-15.624999,-11.169433
0.490234,0.049438,0.849609,9.765625,-5.798339,-15.136718
0.518188,0.087769,0.813477,11.047362,-7.141113,-13.977050
0.629028,0.075195,0.815430,12.634276,-20.019531,-12.573241
0.674927,0.061279,0.825562,10.803222,-21.789549,-3.906250
0.609985,0.022705,0.786987,10.986327,-19.226074,0.610352
0.623657,0.064453,0.779663,8.300781,-20.202635,0.000000
0.547241,0.000488,0.793091,5.493164,-13.427733,4.577637
0.545044,0.017822,0.853271,3.906250,-13.549804,1.403808
0.559570,0.013916,0.844604,2.746582,-20.874022,-1.037598
0.590454,-0.003418,0.789185,1.464844,-22.583006,-0.793457
0.631226,-0.007446,0.790771,-0.244141,-19.348145,-1.098633
0.650391,-0.015625,0.802124,-1.708984,-14.465331,-0.732422
0.645508,-0.023682,0.807861,-2.014160,-10.864257,-0.732422
0.628296,-0.026367,0.808960,-2.624511,-8.850098,-1.220703
0.624756,-0.025879,0.809326,-2.929687,-8.666992,-1.281738
0.625977,-0.026855,0.818604,-3.723144,-9.765625,-1.159668
0.621216,-0.022461,0.814331,-3.784179,-10.070800,-1.281738
0.622681,-0.013062,0.808716,-4.028320,-8.911133,-1.342773
0.618896,0.000610,0.806885,-4.089355,-8.972168,-1.586914
0.606567,0.008423,0.802734,-4.638672,-9.338379,-1.708984
0.607422,0.001343,0.803223,-4.638672,-8.483887,-1.586914
0.608032,0.002686,0.805420,-4.394531,-7.202148,-1.342773
0.612549,0.001831,0.806641,-4.150391,-6.835937,-1.220703
0.610474,0.000610,0.804077,-3.845215,-6.652832,-0.976562
0.615967,0.000610,0.819214,-3.662109,-7.141113,-0.549316
0.618286,-0.009155,0.819702,-3.234863,-5.859375,-0.610352
0.617798,-0.013916,0.802002,-2.502441,-5.004883,-0.793457
0.617432,-0.008301,0.797119,-1.708984,-4.272461,-0.732422
0.620605,-0.020630,0.807129,-1.586914,-3.845215,-0.183105
0.620117,-0.013306,0.803955,-0.915527,-4.089355,0.000000
0.612305,-0.014282,0.803223,-0.610352,-4.394531,0.366211
0.614380,-0.011597,0.801392,-0.549316,-4.150391,0.305176
0.614136,-0.009277,0.802490,-0.244141,-4.150391,0.244141
0.619263,-0.007446,0.801514,-0.305176,-4.089355,0.122070
0.616089,-0.005737,0.816772,-0.244141,-4.638672,0.122070
0.628296,-0.019653,0.813354,-0.671387,-5.187988,-0.122070
0.629272,-0.015015,0.807129,-0.549316,-4.760742,-0.488281
0.628296,-0.011841,0.790405,-0.366211,-5.432128,-1.159668
0.635010,-0.012573,0.791138,-0.366211,-5.798339,-0.976562
0.639648,-0.025269,0.788208,-0.793457,-5.126953,-0.549316
0.644531,-0.013672,0.790649,-0.793457,-4.211426,-0.915527
0.628418,-0.018677,0.804810,-1.220703,-3.784179,-0.488281
0.630737,-0.013306,0.811768,-1.220703,-4.699707,0.122070
0.633911,0.007690,0.819946,-1.098633,-7.507324,0.122070
0.628784,-0.020874,0.817383,-1.647949,-10.986327,-0.427246
0.642334,0.007813,0.799683,-3.540039,-10.375976,0.366211
0.643677,-0.015137,0.807983,-3.234863,-14.465331,2.807617
0.612549,-0.028198,0.810425,-1.831055,-17.395020,2.868652
0.550049,-0.025879,0.827515,-0.305176,-21.911619,1.464844
0.500244,-0.032593,0.849121,-0.549316,-30.212400,-1.098633
0.521851,0.007935,0.860107,-1.708984,-47.790524,-1.159668
0.558350,0.002563,0.865601,-2.319336,-70.861816,-1.464844
0.552002,-0.031982,0.892456,-4.516602,-102.172844,-3.173828
0.555298,-0.014526,0.906494,-4.760742,-134.338379,-4.394531
0.576416,-0.015259,0.911743,-4.455566,-173.095688,-3.845215
0.585815,-0.011108,0.881592,-3.662109,-203.124985,0.000000
0.612915,-0.004639,0.824219,-3.662109,-224.243149,2.624511
0.526978,-0.012329,0.772827,-4.333496,-243.530258,3.662109
0.690186,-0.043213,0.686523,-5.493164,-265.136719,0.793457
0.762817,-0.026978,0.577026,-2.502441,-295.410156,6.530761
0.808350,-0.047729,0.446411,-2.441406,-318.237305,7.141113
0.767944,-0.135620,0.258545,-0.122070,-337.524384,5.554199
0.802979,-0.110840,0.255615,8.422852,-387.207001,6.042480
0.696167,-0.275391,0.096191,14.465331,-427.917450,0.122070
0.947632,0.000610,0.179077,37.963867,-544.616699,3.540039
1.022583,-0.110107,0.076538,40.588375,-590.942383,14.953612
1.041748,-0.077759,-0.115112,40.344234,-612.670898,13.366698
1.084595,-0.086426,-0.323120,47.790524,-632.873535,11.108397
1.054199,-0.093872,-0.532104,54.565426,-638.793945,13.366698
0.981567,-0.135132,-0.786011,55.847164,-642.333984,15.075683
0.922363,-0.163696,-0.883057,59.387203,-638.854980,15.136718
0.916870,-0.193604,-0.891113,63.110348,-629.028320,15.502929
0.983521,-0.138306,-0.897827,66.406250,-615.722656,20.751951
0.979248,-0.104858,-0.909058,66.589355,-595.092773,28.381346
0.923340,-0.086792,-1.009766,64.819336,-560.363770,39.123535
0.919556,-0.214478,-1.143799,69.335938,-526.794434,50.415035
0.847290,0.003052,-1.184937,73.791504,-460.510223,56.945797
0.727295,-0.036377,-1.149780,77.575684,-390.441864,69.763184
0.626465,-0.027588,-1.192505,88.378899,-337.463348,74.645996
0.468018,-0.059570,-1.299683,102.905266,-289.062500,78.002930
0.432129,-0.070679,-1.228882,122.070305,-249.023422,77.392578
0.376953,-0.059692,-1.113892,142.333984,-222.961411,82.092278
0.250122,-0.143311,-0.947021,177.673325,-174.865707,82.153313
0.105347,-0.169434,-0.879028,198.669418,-165.710434,80.383293
0.171509,-0.270264,-0.841675,199.829086,-138.488770,67.993164
0.208374,-0.421387,-0.967407,188.781723,-87.646477,51.208492
0.506958,-0.437378,-1.339600,170.104965,-42.968746,43.701168
0.539185,-0.341431,-1.502441,159.423828,-12.451171,34.851074
0.711182,-0.311890,-1.569336,157.592773,11.230468,48.767086
0.776001,-0.555908,-1.450684,159.240723,53.039547,56.152340
0.586670,-0.232422,-1.236084,160.644516,98.144524,52.429195
0.497070,-0.192627,-0.965088,148.071289,130.187988,50.415035
0.328735,-0.228882,-0.791870,136.962891,164.672836,47.119137
0.095337,-0.273193,-0.447876,116.516106,193.725571,36.621094
0.004028,-0.382202,-0.259277,88.439934,219.482407,23.742674
0.078369,-0.429199,-0.109497,65.856934,231.750473,10.742187
0.082520,-0.438110,-0.076050,43.884274,246.459946,-0.732422
0.037720,-0.464722,-0.033203,22.766111,248.840317,-17.883301
0.084717,-0.456665,-0.021606,1.037598,258.789063,-26.794432
0.160278,-0.442261,-0.057861,-17.517090,275.939941,-30.700682
0.203613,-0.402222,-0.136963,-33.447266,296.020508,-36.682129
0.221313,-0.395020,-0.193970,-49.194332,319.274902,-43.273922
0.281982,-0.416016,-0.251709,-60.668941,335.754364,-52.551266
0.321777,-0.426392,-0.291138,-67.443848,357.482880,-59.509274
0.406860,-0.412842,-0.351807,-72.082520,369.323700,-69.274902
0.474976,-0.389282,-0.416992,-73.669434,382.385223,-75.317383
0.528442,-0.384155,-0.437866,-73.425293,387.084930,-85.754387
0.606079,-0.355225,-0.442871,-71.411133,404.724091,-89.843742
0.656860,-0.388062,-0.400635,-70.983887,420.532196,-100.280754
0.748169,-0.361694,-0.344238,-70.068359,438.537567,-100.219719
0.803101,-0.366333,-0.321411,-66.284180,460.937469,-101.806633
0.834717,-0.351929,-0.300537,-59.997555,484.497040,-98.144524
0.879517,-0.329224,-0.257935,-53.405758,498.107880,-90.759270
0.825073,-0.364258,-0.215942,-45.959469,503.173798,-85.388176
0.845215,-0.375488,-0.174194,-32.958984,497.131317,-72.570801
0.882202,-0.354248,-0.106201,-21.240232,483.337372,-69.274902
0.861816,-0.363159,-0.015137,-8.422852,469.726532,-74.645996
0.859741,-0.355347,0.097534,5.676269,459.289520,-69.091797
0.921875,-0.369141,0.239380,17.150879,449.829071,-60.180660
0.869751,-0.392822,0.354980,26.367186,448.669403,-57.617184
0.787598,-0.347290,0.399780,33.447266,439.697235,-60.607906
0.790894,-0.343994,0.436035,41.809078,419.494598,-61.645504
0.749634,-0.284912,0.491089,51.940914,395.507782,-72.448730
0.689453,-0.309814,0.594238,59.936520,369.873016,-73.608398
0.641235,-0.259644,0.680298,62.194820,326.599091,-70.617676
0.587891,-0.254761,0.728027,65.185547,276.550293,-65.795898
0.551880,-0.252441,0.739258,68.969727,224.731430,-60.668941
0.526367,-0.247925,0.707275,71.777344,172.302231,-59.570309
0.523071,-0.235229,0.699219,77.270508,132.263184,-59.082027
0.521484,-0.208984,0.758179,83.984367,105.163567,-57.922359
0.551392,-0.150146,0.824585,87.646477,88.073723,-56.701656
0.558472,-0.111694,0.869995,89.843742,74.279785,-56.640621
0.521606,-0.082886,0.872681,89.843742,63.842770,-55.236813
0.503418,-0.074463,0.841309,89.172356,57.739254,-53.833004
0.405518,-0.072266,0.808105,89.111320,51.940914,-54.504391
0.596558,0.119263,1.074585,88.745110,45.410152,-57.678219
1.259399,0.413330,1.979736,69.885254,55.480953,-59.936520
2.119141,0.254272,2.523926,-5.004883,104.431145,-52.490231
0.837402,-0.484009,1.491455,-17.333984,88.378899,42.846676
-0.141235,-0.525024,1.040161,13.549804,50.903316,6.835937
-0.138550,-0.055054,0.702148,20.263670,9.704590,-27.099607
0.153687,-0.110107,0.724609,16.235352,1.586914,-6.103515
0.124756,-0.040405,0.909058,9.582520,-12.268065,-4.699707
0.480835,0.107544,1.013794,8.483887,-42.541500,-7.080078
0.661621,0.020874,0.947144,7.446289,-56.335445,1.098633
0.603882,0.089111,0.837036,6.408691,-36.193848,-7.019042
0.504883,0.098389,0.798218,5.554199,-10.375976,-13.793944
0.541016,0.104248,0.828735,5.432128,1.770019,-18.920898
0.594849,0.090698,0.828369,6.469726,-1.647949,-14.221190
0.613647,0.061768,0.798950,7.507324,-16.540527,-3.967285
0.585938,0.025513,0.796509,7.934570,-26.000975,2.075195
0.550781,0.006226,0.826660,7.202148,-28.930662,4.638672
0.541016,0.001099,0.859741,5.615234,-26.428221,4.211426
0.539795,0.003418,0.865601,4.089355,-20.446775,2.380371
0.541016,-0.000977,0.866699,1.892090,-18.981934,-0.671387
0.559937,-0.017090,0.877563,0.183105,-19.592285,-1.953125
0.556641,-0.023560,0.865479,-0.732422,-20.568846,-1.770019
0.560059,-0.033691,0.840088,-1.220703,-21.423338,-1.647949
0.588745,-0.038452,0.834961,-1.831055,-22.521971,-1.831055
0.611084,-0.041504,0.835815,-2.502441,-21.545408,-2.014160
0.620605,-0.041992,0.817261,-2.807617,-18.981934,-1.831055
0.611572,-0.033203,0.814941,-2.624511,-15.075683,-1.953125
0.612549,-0.027710,0.806396,-2.441406,-12.634276,-1.464844
0.608887,-0.014526,0.820679,-2.258301,-11.047362,-1.098633
0.599121,-0.014526,0.826782,-1.953125,-9.826660,-0.732422
0.574951,-0.014526,0.830200,-1.647949,-7.629394,-0.122070
0.562378,-0.013184,0.836670,-1.708984,-6.652832,-0.183105
0.547607,-0.015137,0.844238,-1.586914,-8.483887,0.061035
0.548218,-0.004761,0.845337,-2.014160,-11.718749,0.061035
0.556641,-0.006470,0.842407,-2.014160,-13.854980,0.793457
0.572388,-0.001221,0.838135,-2.258301,-14.404296,1.159668
0.584106,-0.002441,0.836182,-2.624511,-13.977050,1.403808
0.614990,-0.002808,0.831543,-3.234863,-11.169433,1.403808
0.619263,-0.012207,0.814941,-2.624511,-7.507324,1.525879
0.606934,-0.010742,0.804932,-2.075195,-6.408691,0.915527
0.610596,-0.019165,0.812744,-1.892090,-6.103515,1.464844
0.604736,-0.023071,0.808228,-1.770019,-6.530761,1.647949
0.597046,-0.024780,0.813232,-1.647949,-7.629394,1.953125
0.597534,-0.028564,0.813110,-1.647949,-9.399414,1.831055
0.597534,-0.027588,0.821777,-1.831055,-9.460449,1.342773
0.599243,-0.016846,0.823853,-1.953125,-9.155273,0.854492
0.598511,-0.019531,0.810791,-2.136230,-9.765625,0.183105
0.601563,-0.010254,0.803589,-2.563476,-11.413573,0.854492
0.609253,-0.035400,0.821777,-2.990722,-11.779784,0.610352
0.621216,-0.016968,0.824707,-2.929687,-11.535644,-0.305176
0.626099,-0.020142,0.824951,-2.075195,-10.314940,-0.305176
0.614502,-0.029419,0.820679,-1.831055,-8.728027,-0.671387
0.611450,-0.038818,0.816650,-1.586914,-8.605957,-1.037598
0.606323,-0.025391,0.816406,-1.403808,-9.460449,-1.647949
0.605957,-0.027710,0.807495,-1.525879,-11.657714,-1.281738
0.608887,-0.026978,0.815308,-2.075195,-14.038085,-1.098633
0.613770,-0.027466,0.807495,-2.258301,-17.150879,-1.403808
0.621094,-0.024414,0.812744,-2.563476,-19.531250,-1.220703
0.633423,-0.026245,0.833130,-4.028320,-17.883301,-0.610352
0.623413,-0.022583,0.832397,-4.821777,-17.150879,0.061035
0.626221,-0.023438,0.829468,-4.333496,-20.812986,0.488281
0.608887,-0.033936,0.826904,-3.601074,-24.169920,0.488281
0.616821,-0.035767,0.821899,-2.075195,-28.015135,1.342773
0.619141,-0.023438,0.837280,0.427246,-32.714844,3.112793
0.591919,-0.020874,0.842041,1.220703,-39.672852,4.638672
0.576294,-0.003052,0.851318,-0.183105,-53.710934,5.187988
0.550537,-0.024292,0.856201,-2.441406,-68.908691,7.202148
0.585083,-0.002197,0.806152,-6.774902,-81.054680,7.080078
0.622314,-0.001465,0.748047,-8.666992,-86.975090,8.605957
0.631104,-0.005493,0.755371,-11.108397,-98.449699,8.605957
0.591431,-0.067017,0.794189,-15.380858,-106.994621,6.408691
0.723877,-0.015137,0.789429,-17.150879,-127.380363,2.014160
0.685791,-0.050903,0.786133,-14.770507,-142.822266,6.591796
0.700684,-0.019897,0.793701,-15.258788,-165.039047,3.234863
0.676147,-0.019653,0.753540,-17.700195,-191.101059,0.549316
0.639648,-0.052979,0.684448,-18.493652,-225.769028,-0.244141
0.696655,-0.086182,0.569580,-16.174316,-264.038086,-1.647949
0.646484,-0.176514,0.407471,-9.155273,-309.448242,0.000000
0.490234,-0.266724,0.289673,4.943848,-377.258270,1.953125
0.859985,-0.182861,0.123901,26.733397,-474.914520,-5.432128
1.067627,-0.071777,0.115723,51.452633,-597.045898,11.840819
1.216064,-0.065430,0.001709,51.940914,-695.495544,14.221190
1.150024,-0.077271,-0.062256,58.410641,-718.627869,10.437011
1.125244,-0.108887,-0.126221,70.556641,-722.961365,10.681151
1.096558,-0.121948,-0.289551,80.200195,-716.430603,20.202635
0.990967,-0.127441,-0.524536,85.876457,-730.895935,26.672361
0.969360,-0.114990,-0.852417,102.783195,-743.835388,31.555174
0.926636,-0.137695,-1.173706,122.619621,-728.759705,39.245605
0.898438,-0.125488,-1.276367,135.803223,-693.359314,47.912594
0.970215,-0.124512,-1.260376,145.263672,-634.521484,46.447750
0.941650,-0.076660,-1.198486,144.714355,-546.386719,48.522945
0.900391,-0.082397,-1.186279,141.845703,-443.786591,58.776852
0.747681,-0.141235,-1.229736,139.770508,-343.078583,64.636230
0.604126,-0.119507,-1.300415,144.165039,-264.526367,73.913574
0.550659,-0.130127,-1.291260,155.822754,-200.256332,85.510246
0.393799,-0.134521,-1.212402,163.696274,-138.244629,92.346184
0.318481,-0.185059,-1.105713,174.438461,-110.900871,96.862785
0.209961,-0.315552,-1.044434,187.622055,-112.121574,95.275871
0.236084,-0.396851,-1.057983,202.941879,-114.990227,92.651360
0.317871,-0.474243,-1.109985,208.190903,-117.492668,73.364258
0.490845,-0.514648,-1.208618,205.139145,-98.632805,58.105465
0.649414,-0.516602,-1.396973,202.148422,-60.852047,48.217770
0.707886,-0.524902,-1.381226,211.181625,-27.221678,50.659176
0.741699,-0.466553,-1.195801,214.416489,2.563476,60.485836
0.756592,-0.408081,-0.904175,211.059555,32.897949,57.128902
0.696045,-0.354858,-0.591675,189.147934,71.105957,31.005857
0.627808,-0.380005,-0.393433,174.255356,100.097649,20.690916
0.542847,-0.399048,-0.330811,159.240723,129.455566,23.681639
0.380859,-0.372437,-0.307983,141.845703,151.855469,27.893064
0.098389,-0.389038,-0.289063,123.168938,170.471176,23.681639
-0.138672,-0.413818,-0.166016,103.393547,166.259750,6.591796
-0.221680,-0.376221,-0.066895,84.533684,161.743149,-10.375976
-0.267212,-0.429443,0.036011,63.476559,151.306152,-21.606443
-0.185547,-0.394531,0.120850,44.677731,129.028320,-27.648924
-0.141724,-0.404907,0.151733,25.817869,106.018059,-24.719236
-0.041504,-0.457153,0.182617,4.394531,81.481926,-21.301268
0.079102,-0.493530,0.173218,-12.756347,68.725586,-24.658201
0.202759,-0.492798,0.124512,-28.442381,65.490723,-30.578611
0.336914,-0.470703,0.023804,-45.227047,71.899414,-29.052732
0.461426,-0.469360,-0.080933,-60.119625,89.111320,-25.024412
0.509277,-0.481689,-0.204102,-71.350098,113.891594,-21.789549
0.459717,-0.527954,-0.294189,-79.040527,124.694817,-25.329588
0.463623,-0.547363,-0.408203,-85.021965,129.333496,-28.625486
0.433472,-0.577881,-0.490356,-89.721672,137.573242,-28.503416
0.410034,-0.618286,-0.536377,-94.482414,146.362305,-32.592773
0.420410,-0.630493,-0.566650,-96.740715,160.156250,-35.583496
0.456665,-0.629639,-0.569946,-98.144524,178.039536,-38.208008
0.472900,-0.641968,-0.531616,-98.937981,207.275375,-42.480465
0.494629,-0.666992,-0.453369,-99.853508,238.464340,-51.330563
0.518066,-0.659424,-0.429688,-99.060051,269.775391,-60.913082
0.522339,-0.625854,-0.369385,-97.167961,283.813477,-70.556641
0.506470,-0.614990,-0.325439,-95.703117,279.174805,-82.153313
0.426147,-0.593384,-0.253174,-89.965813,234.008774,-98.449699
0.437256,-0.555542,-0.241577,-87.646477,171.997055,-112.915031
0.420654,-0.545898,-0.241821,-84.838860,123.901360,-123.657219
0.476807,-0.492188,-0.248901,-81.970207,81.787102,-128.295898
0.499756,-0.498535,-0.232300,-82.763664,51.330563,-140.563965
0.622925,-0.402588,-0.300903,-83.435051,39.367676,-143.493652
0.737305,-0.314209,-0.406128,-83.679192,24.536131,-151.855469
0.833008,-0.234009,-0.458130,-81.481926,-2.319336,-159.301758
0.840942,-0.191162,-0.468994,-77.697754,-34.179688,-156.921387
0.937256,-0.151001,-0.473145,-72.753906,-60.729977,-132.446289
0.966064,-0.140991,-0.437622,-73.242188,-81.237785,-124.816887